Copyright 1986-2022 Xilinx, Inc. All Rights Reserved. Copyright 2022-2024 Advanced Micro Devices, Inc. All Rights Reserved.
-----------------------------------------------------------------------------------------------------------------------------------------------------------------------------------
| Tool Version : Vivado v.2024.1 (lin64) Build 5076996 Wed May 22 18:36:09 MDT 2024
| Date         : Wed Sep  9 15:32:55 2026
| Host         : EQI07362 running 64-bit Ubuntu 22.04.5 LTS
| Command      : report_methodology -file cva6_zybo_z7_20_methodology_drc_routed.rpt -pb cva6_zybo_z7_20_methodology_drc_routed.pb -rpx cva6_zybo_z7_20_methodology_drc_routed.rpx
| Design       : cva6_zybo_z7_20
| Device       : xc7z020clg400-1
| Speed File   : -1
| Design State : Fully Routed
-----------------------------------------------------------------------------------------------------------------------------------------------------------------------------------

Report Methodology

Table of Contents
-----------------
1. REPORT SUMMARY
2. REPORT DETAILS

1. REPORT SUMMARY
-----------------
            Netlist: netlist
          Floorplan: checkpoint_cva6_zybo_z7_20
      Design limits: <entire design considered>
             Max violations: <unlimited>
             Violations found: 349
+-----------+------------------+------------------------------------------------+------------+
| Rule      | Severity         | Description                                    | Violations |
+-----------+------------------+------------------------------------------------+------------+
| TIMING-6  | Critical Warning | No common primary clock between related clocks | 1          |
| TIMING-7  | Critical Warning | No common node between related clocks          | 1          |
| LUTAR-1   | Warning          | LUT drives async reset alert                   | 4          |
| SYNTH-10  | Warning          | Wide multiplier                                | 4          |
| TIMING-10 | Warning          | Missing property on synchronizer               | 1          |
| TIMING-16 | Warning          | Large setup violation                          | 299        |
| TIMING-18 | Warning          | Missing input or output delay                  | 3          |
| TIMING-20 | Warning          | Non-clocked latch                              | 32         |
| XDCH-2    | Warning          | Same min and max delay values on IO port       | 3          |
| LATCH-1   | Advisory         | Existing latches in the design                 | 1          |
+-----------+------------------+------------------------------------------------+------------+

2. REPORT DETAILS
-----------------
TIMING-6#1 Critical Warning
No common primary clock between related clocks  
The clocks tck and clk_out1_xlnx_clk_gen are related (timed together) but they have no common primary clock. The design could fail in hardware. To find a timing path between these clocks, run the following command: report_timing -from [get_clocks tck] -to [get_clocks clk_out1_xlnx_clk_gen]
Related violations: <none>

TIMING-7#1 Critical Warning
No common node between related clocks  
The clocks tck and clk_out1_xlnx_clk_gen are related (timed together) but they have no common node. The design could fail in hardware. To find a timing path between these clocks, run the following command: report_timing -from [get_clocks tck] -to [get_clocks clk_out1_xlnx_clk_gen]
Related violations: <none>

LUTAR-1#1 Warning
LUT drives async reset alert  
LUT cell i_axi_dwidth_converter_dm_slave/inst/gen_downsizer.gen_simple_downsizer.axi_downsizer_inst/USE_READ.read_addr_inst/cmd_queue/inst/fifo_gen_inst/inst_fifo_gen/gconvfifo.rf/grf.rf/rstblk/gpregsm1.curr_fwft_state[1]_i_2, with 2 or more inputs, drives asynchronous preset/clear pin(s) i_axi_dwidth_converter_dm_slave/inst/gen_downsizer.gen_simple_downsizer.axi_downsizer_inst/USE_READ.read_addr_inst/cmd_queue/inst/fifo_gen_inst/inst_fifo_gen/gconvfifo.rf/grf.rf/gntv_or_sync_fifo.gl0.rd/gr1.gr1_int.rfwft/gpregsm1.user_valid_reg/CLR,
i_axi_dwidth_converter_dm_slave/inst/gen_downsizer.gen_simple_downsizer.axi_downsizer_inst/USE_READ.read_addr_inst/cmd_queue/inst/fifo_gen_inst/inst_fifo_gen/gconvfifo.rf/grf.rf/gntv_or_sync_fifo.gl0.rd/grss.rsts/ram_empty_fb_i_reg/PRE,
i_axi_dwidth_converter_dm_slave/inst/gen_downsizer.gen_simple_downsizer.axi_downsizer_inst/USE_READ.read_addr_inst/cmd_queue/inst/fifo_gen_inst/inst_fifo_gen/gconvfifo.rf/grf.rf/gntv_or_sync_fifo.gl0.rd/grss.rsts/ram_empty_i_reg/PRE,
i_axi_dwidth_converter_dm_slave/inst/gen_downsizer.gen_simple_downsizer.axi_downsizer_inst/USE_READ.read_addr_inst/cmd_queue/inst/fifo_gen_inst/inst_fifo_gen/gconvfifo.rf/grf.rf/gntv_or_sync_fifo.gl0.wr/gwss.wsts/ram_full_fb_i_reg/CLR,
i_axi_dwidth_converter_dm_slave/inst/gen_downsizer.gen_simple_downsizer.axi_downsizer_inst/USE_READ.read_addr_inst/cmd_queue/inst/fifo_gen_inst/inst_fifo_gen/gconvfifo.rf/grf.rf/gntv_or_sync_fifo.gl0.wr/gwss.wsts/ram_full_i_reg/CLR,
i_axi_dwidth_converter_dm_slave/inst/gen_downsizer.gen_simple_downsizer.axi_downsizer_inst/USE_READ.read_addr_inst/cmd_queue/inst/fifo_gen_inst/inst_fifo_gen/gconvfifo.rf/grf.rf/gntv_or_sync_fifo.gl0.wr/wpntr/gcc0.gc0.count_d1_reg[0]/CLR,
i_axi_dwidth_converter_dm_slave/inst/gen_downsizer.gen_simple_downsizer.axi_downsizer_inst/USE_READ.read_addr_inst/cmd_queue/inst/fifo_gen_inst/inst_fifo_gen/gconvfifo.rf/grf.rf/gntv_or_sync_fifo.gl0.wr/wpntr/gcc0.gc0.count_d1_reg[1]/CLR,
i_axi_dwidth_converter_dm_slave/inst/gen_downsizer.gen_simple_downsizer.axi_downsizer_inst/USE_READ.read_addr_inst/cmd_queue/inst/fifo_gen_inst/inst_fifo_gen/gconvfifo.rf/grf.rf/gntv_or_sync_fifo.gl0.wr/wpntr/gcc0.gc0.count_d1_reg[2]/CLR,
i_axi_dwidth_converter_dm_slave/inst/gen_downsizer.gen_simple_downsizer.axi_downsizer_inst/USE_READ.read_addr_inst/cmd_queue/inst/fifo_gen_inst/inst_fifo_gen/gconvfifo.rf/grf.rf/gntv_or_sync_fifo.gl0.wr/wpntr/gcc0.gc0.count_d1_reg[3]/CLR,
i_axi_dwidth_converter_dm_slave/inst/gen_downsizer.gen_simple_downsizer.axi_downsizer_inst/USE_READ.read_addr_inst/cmd_queue/inst/fifo_gen_inst/inst_fifo_gen/gconvfifo.rf/grf.rf/gntv_or_sync_fifo.gl0.wr/wpntr/gcc0.gc0.count_d1_reg[4]/CLR,
i_axi_dwidth_converter_dm_slave/inst/gen_downsizer.gen_simple_downsizer.axi_downsizer_inst/USE_READ.read_addr_inst/cmd_queue/inst/fifo_gen_inst/inst_fifo_gen/gconvfifo.rf/grf.rf/gntv_or_sync_fifo.gl0.wr/wpntr/gcc0.gc0.count_reg[0]/PRE,
i_axi_dwidth_converter_dm_slave/inst/gen_downsizer.gen_simple_downsizer.axi_downsizer_inst/USE_READ.read_addr_inst/cmd_queue/inst/fifo_gen_inst/inst_fifo_gen/gconvfifo.rf/grf.rf/gntv_or_sync_fifo.gl0.wr/wpntr/gcc0.gc0.count_reg[1]/CLR,
i_axi_dwidth_converter_dm_slave/inst/gen_downsizer.gen_simple_downsizer.axi_downsizer_inst/USE_READ.read_addr_inst/cmd_queue/inst/fifo_gen_inst/inst_fifo_gen/gconvfifo.rf/grf.rf/gntv_or_sync_fifo.gl0.wr/wpntr/gcc0.gc0.count_reg[2]/CLR,
i_axi_dwidth_converter_dm_slave/inst/gen_downsizer.gen_simple_downsizer.axi_downsizer_inst/USE_READ.read_addr_inst/cmd_queue/inst/fifo_gen_inst/inst_fifo_gen/gconvfifo.rf/grf.rf/gntv_or_sync_fifo.gl0.wr/wpntr/gcc0.gc0.count_reg[3]/CLR,
i_axi_dwidth_converter_dm_slave/inst/gen_downsizer.gen_simple_downsizer.axi_downsizer_inst/USE_READ.read_addr_inst/cmd_queue/inst/fifo_gen_inst/inst_fifo_gen/gconvfifo.rf/grf.rf/gntv_or_sync_fifo.gl0.wr/wpntr/gcc0.gc0.count_reg[4]/CLR
 (the first 15 of 32 listed). The LUT may glitch and trigger an unexpected reset, even if it is a properly timed path.
Related violations: <none>

LUTAR-1#2 Warning
LUT drives async reset alert  
LUT cell i_axi_dwidth_converter_dm_slave/inst/gen_downsizer.gen_simple_downsizer.axi_downsizer_inst/USE_WRITE.write_addr_inst/USE_B_CHANNEL.cmd_b_queue/inst/fifo_gen_inst/inst_fifo_gen/gconvfifo.rf/grf.rf/rstblk/gpregsm1.curr_fwft_state[1]_i_2, with 2 or more inputs, drives asynchronous preset/clear pin(s) i_axi_dwidth_converter_dm_slave/inst/gen_downsizer.gen_simple_downsizer.axi_downsizer_inst/USE_WRITE.write_addr_inst/USE_B_CHANNEL.cmd_b_queue/inst/fifo_gen_inst/inst_fifo_gen/gconvfifo.rf/grf.rf/gntv_or_sync_fifo.gl0.rd/gr1.gr1_int.rfwft/gpregsm1.user_valid_reg/CLR,
i_axi_dwidth_converter_dm_slave/inst/gen_downsizer.gen_simple_downsizer.axi_downsizer_inst/USE_WRITE.write_addr_inst/USE_B_CHANNEL.cmd_b_queue/inst/fifo_gen_inst/inst_fifo_gen/gconvfifo.rf/grf.rf/gntv_or_sync_fifo.gl0.rd/grss.rsts/ram_empty_fb_i_reg/PRE,
i_axi_dwidth_converter_dm_slave/inst/gen_downsizer.gen_simple_downsizer.axi_downsizer_inst/USE_WRITE.write_addr_inst/USE_B_CHANNEL.cmd_b_queue/inst/fifo_gen_inst/inst_fifo_gen/gconvfifo.rf/grf.rf/gntv_or_sync_fifo.gl0.rd/grss.rsts/ram_empty_i_reg/PRE,
i_axi_dwidth_converter_dm_slave/inst/gen_downsizer.gen_simple_downsizer.axi_downsizer_inst/USE_WRITE.write_addr_inst/USE_B_CHANNEL.cmd_b_queue/inst/fifo_gen_inst/inst_fifo_gen/gconvfifo.rf/grf.rf/gntv_or_sync_fifo.gl0.wr/gwss.wsts/ram_full_fb_i_reg/CLR,
i_axi_dwidth_converter_dm_slave/inst/gen_downsizer.gen_simple_downsizer.axi_downsizer_inst/USE_WRITE.write_addr_inst/USE_B_CHANNEL.cmd_b_queue/inst/fifo_gen_inst/inst_fifo_gen/gconvfifo.rf/grf.rf/gntv_or_sync_fifo.gl0.wr/gwss.wsts/ram_full_i_reg/CLR,
i_axi_dwidth_converter_dm_slave/inst/gen_downsizer.gen_simple_downsizer.axi_downsizer_inst/USE_WRITE.write_addr_inst/USE_B_CHANNEL.cmd_b_queue/inst/fifo_gen_inst/inst_fifo_gen/gconvfifo.rf/grf.rf/gntv_or_sync_fifo.gl0.wr/wpntr/gcc0.gc0.count_d1_reg[0]/CLR,
i_axi_dwidth_converter_dm_slave/inst/gen_downsizer.gen_simple_downsizer.axi_downsizer_inst/USE_WRITE.write_addr_inst/USE_B_CHANNEL.cmd_b_queue/inst/fifo_gen_inst/inst_fifo_gen/gconvfifo.rf/grf.rf/gntv_or_sync_fifo.gl0.wr/wpntr/gcc0.gc0.count_d1_reg[1]/CLR,
i_axi_dwidth_converter_dm_slave/inst/gen_downsizer.gen_simple_downsizer.axi_downsizer_inst/USE_WRITE.write_addr_inst/USE_B_CHANNEL.cmd_b_queue/inst/fifo_gen_inst/inst_fifo_gen/gconvfifo.rf/grf.rf/gntv_or_sync_fifo.gl0.wr/wpntr/gcc0.gc0.count_d1_reg[2]/CLR,
i_axi_dwidth_converter_dm_slave/inst/gen_downsizer.gen_simple_downsizer.axi_downsizer_inst/USE_WRITE.write_addr_inst/USE_B_CHANNEL.cmd_b_queue/inst/fifo_gen_inst/inst_fifo_gen/gconvfifo.rf/grf.rf/gntv_or_sync_fifo.gl0.wr/wpntr/gcc0.gc0.count_d1_reg[3]/CLR,
i_axi_dwidth_converter_dm_slave/inst/gen_downsizer.gen_simple_downsizer.axi_downsizer_inst/USE_WRITE.write_addr_inst/USE_B_CHANNEL.cmd_b_queue/inst/fifo_gen_inst/inst_fifo_gen/gconvfifo.rf/grf.rf/gntv_or_sync_fifo.gl0.wr/wpntr/gcc0.gc0.count_d1_reg[4]/CLR,
i_axi_dwidth_converter_dm_slave/inst/gen_downsizer.gen_simple_downsizer.axi_downsizer_inst/USE_WRITE.write_addr_inst/USE_B_CHANNEL.cmd_b_queue/inst/fifo_gen_inst/inst_fifo_gen/gconvfifo.rf/grf.rf/gntv_or_sync_fifo.gl0.wr/wpntr/gcc0.gc0.count_reg[0]/PRE,
i_axi_dwidth_converter_dm_slave/inst/gen_downsizer.gen_simple_downsizer.axi_downsizer_inst/USE_WRITE.write_addr_inst/USE_B_CHANNEL.cmd_b_queue/inst/fifo_gen_inst/inst_fifo_gen/gconvfifo.rf/grf.rf/gntv_or_sync_fifo.gl0.wr/wpntr/gcc0.gc0.count_reg[1]/CLR,
i_axi_dwidth_converter_dm_slave/inst/gen_downsizer.gen_simple_downsizer.axi_downsizer_inst/USE_WRITE.write_addr_inst/USE_B_CHANNEL.cmd_b_queue/inst/fifo_gen_inst/inst_fifo_gen/gconvfifo.rf/grf.rf/gntv_or_sync_fifo.gl0.wr/wpntr/gcc0.gc0.count_reg[2]/CLR,
i_axi_dwidth_converter_dm_slave/inst/gen_downsizer.gen_simple_downsizer.axi_downsizer_inst/USE_WRITE.write_addr_inst/USE_B_CHANNEL.cmd_b_queue/inst/fifo_gen_inst/inst_fifo_gen/gconvfifo.rf/grf.rf/gntv_or_sync_fifo.gl0.wr/wpntr/gcc0.gc0.count_reg[3]/CLR,
i_axi_dwidth_converter_dm_slave/inst/gen_downsizer.gen_simple_downsizer.axi_downsizer_inst/USE_WRITE.write_addr_inst/USE_B_CHANNEL.cmd_b_queue/inst/fifo_gen_inst/inst_fifo_gen/gconvfifo.rf/grf.rf/gntv_or_sync_fifo.gl0.wr/wpntr/gcc0.gc0.count_reg[4]/CLR
 (the first 15 of 32 listed). The LUT may glitch and trigger an unexpected reset, even if it is a properly timed path.
Related violations: <none>

LUTAR-1#3 Warning
LUT drives async reset alert  
LUT cell i_axi_dwidth_converter_dm_slave/inst/gen_downsizer.gen_simple_downsizer.axi_downsizer_inst/USE_WRITE.write_addr_inst/cmd_queue/inst/fifo_gen_inst/inst_fifo_gen/gconvfifo.rf/grf.rf/rstblk/gpregsm1.curr_fwft_state[1]_i_2, with 2 or more inputs, drives asynchronous preset/clear pin(s) i_axi_dwidth_converter_dm_slave/inst/gen_downsizer.gen_simple_downsizer.axi_downsizer_inst/USE_WRITE.write_addr_inst/cmd_queue/inst/fifo_gen_inst/inst_fifo_gen/gconvfifo.rf/grf.rf/gntv_or_sync_fifo.gl0.rd/gr1.gr1_int.rfwft/gpregsm1.user_valid_reg/CLR,
i_axi_dwidth_converter_dm_slave/inst/gen_downsizer.gen_simple_downsizer.axi_downsizer_inst/USE_WRITE.write_addr_inst/cmd_queue/inst/fifo_gen_inst/inst_fifo_gen/gconvfifo.rf/grf.rf/gntv_or_sync_fifo.gl0.rd/grss.rsts/ram_empty_fb_i_reg/PRE,
i_axi_dwidth_converter_dm_slave/inst/gen_downsizer.gen_simple_downsizer.axi_downsizer_inst/USE_WRITE.write_addr_inst/cmd_queue/inst/fifo_gen_inst/inst_fifo_gen/gconvfifo.rf/grf.rf/gntv_or_sync_fifo.gl0.rd/grss.rsts/ram_empty_i_reg/PRE,
i_axi_dwidth_converter_dm_slave/inst/gen_downsizer.gen_simple_downsizer.axi_downsizer_inst/USE_WRITE.write_addr_inst/cmd_queue/inst/fifo_gen_inst/inst_fifo_gen/gconvfifo.rf/grf.rf/gntv_or_sync_fifo.gl0.wr/gwss.wsts/ram_full_fb_i_reg/CLR,
i_axi_dwidth_converter_dm_slave/inst/gen_downsizer.gen_simple_downsizer.axi_downsizer_inst/USE_WRITE.write_addr_inst/cmd_queue/inst/fifo_gen_inst/inst_fifo_gen/gconvfifo.rf/grf.rf/gntv_or_sync_fifo.gl0.wr/gwss.wsts/ram_full_i_reg/CLR,
i_axi_dwidth_converter_dm_slave/inst/gen_downsizer.gen_simple_downsizer.axi_downsizer_inst/USE_WRITE.write_addr_inst/cmd_queue/inst/fifo_gen_inst/inst_fifo_gen/gconvfifo.rf/grf.rf/gntv_or_sync_fifo.gl0.wr/wpntr/gcc0.gc0.count_d1_reg[0]/CLR,
i_axi_dwidth_converter_dm_slave/inst/gen_downsizer.gen_simple_downsizer.axi_downsizer_inst/USE_WRITE.write_addr_inst/cmd_queue/inst/fifo_gen_inst/inst_fifo_gen/gconvfifo.rf/grf.rf/gntv_or_sync_fifo.gl0.wr/wpntr/gcc0.gc0.count_d1_reg[1]/CLR,
i_axi_dwidth_converter_dm_slave/inst/gen_downsizer.gen_simple_downsizer.axi_downsizer_inst/USE_WRITE.write_addr_inst/cmd_queue/inst/fifo_gen_inst/inst_fifo_gen/gconvfifo.rf/grf.rf/gntv_or_sync_fifo.gl0.wr/wpntr/gcc0.gc0.count_d1_reg[2]/CLR,
i_axi_dwidth_converter_dm_slave/inst/gen_downsizer.gen_simple_downsizer.axi_downsizer_inst/USE_WRITE.write_addr_inst/cmd_queue/inst/fifo_gen_inst/inst_fifo_gen/gconvfifo.rf/grf.rf/gntv_or_sync_fifo.gl0.wr/wpntr/gcc0.gc0.count_d1_reg[3]/CLR,
i_axi_dwidth_converter_dm_slave/inst/gen_downsizer.gen_simple_downsizer.axi_downsizer_inst/USE_WRITE.write_addr_inst/cmd_queue/inst/fifo_gen_inst/inst_fifo_gen/gconvfifo.rf/grf.rf/gntv_or_sync_fifo.gl0.wr/wpntr/gcc0.gc0.count_d1_reg[4]/CLR,
i_axi_dwidth_converter_dm_slave/inst/gen_downsizer.gen_simple_downsizer.axi_downsizer_inst/USE_WRITE.write_addr_inst/cmd_queue/inst/fifo_gen_inst/inst_fifo_gen/gconvfifo.rf/grf.rf/gntv_or_sync_fifo.gl0.wr/wpntr/gcc0.gc0.count_reg[0]/PRE,
i_axi_dwidth_converter_dm_slave/inst/gen_downsizer.gen_simple_downsizer.axi_downsizer_inst/USE_WRITE.write_addr_inst/cmd_queue/inst/fifo_gen_inst/inst_fifo_gen/gconvfifo.rf/grf.rf/gntv_or_sync_fifo.gl0.wr/wpntr/gcc0.gc0.count_reg[1]/CLR,
i_axi_dwidth_converter_dm_slave/inst/gen_downsizer.gen_simple_downsizer.axi_downsizer_inst/USE_WRITE.write_addr_inst/cmd_queue/inst/fifo_gen_inst/inst_fifo_gen/gconvfifo.rf/grf.rf/gntv_or_sync_fifo.gl0.wr/wpntr/gcc0.gc0.count_reg[2]/CLR,
i_axi_dwidth_converter_dm_slave/inst/gen_downsizer.gen_simple_downsizer.axi_downsizer_inst/USE_WRITE.write_addr_inst/cmd_queue/inst/fifo_gen_inst/inst_fifo_gen/gconvfifo.rf/grf.rf/gntv_or_sync_fifo.gl0.wr/wpntr/gcc0.gc0.count_reg[3]/CLR,
i_axi_dwidth_converter_dm_slave/inst/gen_downsizer.gen_simple_downsizer.axi_downsizer_inst/USE_WRITE.write_addr_inst/cmd_queue/inst/fifo_gen_inst/inst_fifo_gen/gconvfifo.rf/grf.rf/gntv_or_sync_fifo.gl0.wr/wpntr/gcc0.gc0.count_reg[4]/CLR
 (the first 15 of 32 listed). The LUT may glitch and trigger an unexpected reset, even if it is a properly timed path.
Related violations: <none>

LUTAR-1#4 Warning
LUT drives async reset alert  
LUT cell i_dm_top/i_dm_csrs/synch_regs_q[3]_i_1, with 2 or more inputs, drives asynchronous preset/clear pin(s) i_rstgen_main/i_rstgen_bypass/synch_regs_q_reg[0]/CLR,
i_rstgen_main/i_rstgen_bypass/synch_regs_q_reg[1]/CLR,
i_rstgen_main/i_rstgen_bypass/synch_regs_q_reg[2]/CLR
i_rstgen_main/i_rstgen_bypass/synch_regs_q_reg[3]/CLR. The LUT may glitch and trigger an unexpected reset, even if it is a properly timed path.
Related violations: <none>

SYNTH-10#1 Warning
Wide multiplier  
Detected multiplier at i_ariane/i_cva6/ex_stage_i/i_mult/i_multiplier/mult_result_d of size 16x18, it is decomposed from a wide multipler into 4 DSP blocks.
Related violations: <none>

SYNTH-10#2 Warning
Wide multiplier  
Detected multiplier at i_ariane/i_cva6/ex_stage_i/i_mult/i_multiplier/mult_result_d__0 of size 16x16, it is decomposed from a wide multipler into 4 DSP blocks.
Related violations: <none>

SYNTH-10#3 Warning
Wide multiplier  
Detected multiplier at i_ariane/i_cva6/ex_stage_i/i_mult/i_multiplier/mult_result_d__1 of size 18x18, it is decomposed from a wide multipler into 4 DSP blocks.
Related violations: <none>

SYNTH-10#4 Warning
Wide multiplier  
Detected multiplier at i_ariane/i_cva6/ex_stage_i/i_mult/i_multiplier/mult_result_d__2 of size 18x16, it is decomposed from a wide multipler into 4 DSP blocks.
Related violations: <none>

TIMING-10#1 Warning
Missing property on synchronizer  
One or more logic synchronizer has been detected between 2 clock domains but the synchronizer does not have the property ASYNC_REG defined on one or both registers. It is recommended to run report_cdc for a complete and detailed CDC coverage
Related violations: <none>

TIMING-16#1 Warning
Large setup violation  
There is a large setup violation of -1.002 ns between i_ariane/i_cva6/issue_stage_i/i_scoreboard/commit_pointer_q_reg[0][1]/C (clocked by clk_out1_xlnx_clk_gen) and i_ariane/i_cva6/issue_stage_i/i_scoreboard/mem_q_reg[1][sbe][rd][0]/CE (clocked by clk_out1_xlnx_clk_gen). Large setup violations at the end of those stages might be difficult to fix during the post-placement implementation flow and could be the result of non-optimal XDC constraints or non-optimal design architecture
Related violations: <none>

TIMING-16#2 Warning
Large setup violation  
There is a large setup violation of -1.002 ns between i_ariane/i_cva6/issue_stage_i/i_scoreboard/commit_pointer_q_reg[0][1]/C (clocked by clk_out1_xlnx_clk_gen) and i_ariane/i_cva6/issue_stage_i/i_scoreboard/mem_q_reg[1][sbe][rd][1]/CE (clocked by clk_out1_xlnx_clk_gen). Large setup violations at the end of those stages might be difficult to fix during the post-placement implementation flow and could be the result of non-optimal XDC constraints or non-optimal design architecture
Related violations: <none>

TIMING-16#3 Warning
Large setup violation  
There is a large setup violation of -1.002 ns between i_ariane/i_cva6/issue_stage_i/i_scoreboard/commit_pointer_q_reg[0][1]/C (clocked by clk_out1_xlnx_clk_gen) and i_ariane/i_cva6/issue_stage_i/i_scoreboard/mem_q_reg[1][sbe][rd][3]/CE (clocked by clk_out1_xlnx_clk_gen). Large setup violations at the end of those stages might be difficult to fix during the post-placement implementation flow and could be the result of non-optimal XDC constraints or non-optimal design architecture
Related violations: <none>

TIMING-16#4 Warning
Large setup violation  
There is a large setup violation of -1.002 ns between i_ariane/i_cva6/issue_stage_i/i_scoreboard/commit_pointer_q_reg[0][1]/C (clocked by clk_out1_xlnx_clk_gen) and i_ariane/i_cva6/issue_stage_i/i_scoreboard/mem_q_reg[1][sbe][rd][4]/CE (clocked by clk_out1_xlnx_clk_gen). Large setup violations at the end of those stages might be difficult to fix during the post-placement implementation flow and could be the result of non-optimal XDC constraints or non-optimal design architecture
Related violations: <none>

TIMING-16#5 Warning
Large setup violation  
There is a large setup violation of -1.009 ns between i_ariane/i_cva6/issue_stage_i/i_issue_read_operands/cvxif_valid_q_reg/C (clocked by clk_out1_xlnx_clk_gen) and i_ariane/i_cva6/issue_stage_i/i_issue_read_operands/operand_g_q_reg[13]/D (clocked by clk_out1_xlnx_clk_gen). Large setup violations at the end of those stages might be difficult to fix during the post-placement implementation flow and could be the result of non-optimal XDC constraints or non-optimal design architecture
Related violations: <none>

TIMING-16#6 Warning
Large setup violation  
There is a large setup violation of -1.010 ns between i_ariane/i_cva6/issue_stage_i/i_scoreboard/commit_pointer_q_reg[0][1]/C (clocked by clk_out1_xlnx_clk_gen) and i_ariane/i_cva6/issue_stage_i/i_scoreboard/mem_q_reg[2][sbe][rd][0]/CE (clocked by clk_out1_xlnx_clk_gen). Large setup violations at the end of those stages might be difficult to fix during the post-placement implementation flow and could be the result of non-optimal XDC constraints or non-optimal design architecture
Related violations: <none>

TIMING-16#7 Warning
Large setup violation  
There is a large setup violation of -1.010 ns between i_ariane/i_cva6/issue_stage_i/i_scoreboard/commit_pointer_q_reg[0][1]/C (clocked by clk_out1_xlnx_clk_gen) and i_ariane/i_cva6/issue_stage_i/i_scoreboard/mem_q_reg[2][sbe][rd][2]/CE (clocked by clk_out1_xlnx_clk_gen). Large setup violations at the end of those stages might be difficult to fix during the post-placement implementation flow and could be the result of non-optimal XDC constraints or non-optimal design architecture
Related violations: <none>

TIMING-16#8 Warning
Large setup violation  
There is a large setup violation of -1.010 ns between i_ariane/i_cva6/issue_stage_i/i_scoreboard/commit_pointer_q_reg[0][1]/C (clocked by clk_out1_xlnx_clk_gen) and i_ariane/i_cva6/issue_stage_i/i_scoreboard/mem_q_reg[2][sbe][rd][3]/CE (clocked by clk_out1_xlnx_clk_gen). Large setup violations at the end of those stages might be difficult to fix during the post-placement implementation flow and could be the result of non-optimal XDC constraints or non-optimal design architecture
Related violations: <none>

TIMING-16#9 Warning
Large setup violation  
There is a large setup violation of -1.010 ns between i_ariane/i_cva6/issue_stage_i/i_scoreboard/commit_pointer_q_reg[0][1]/C (clocked by clk_out1_xlnx_clk_gen) and i_ariane/i_cva6/issue_stage_i/i_scoreboard/mem_q_reg[2][sbe][rd][4]/CE (clocked by clk_out1_xlnx_clk_gen). Large setup violations at the end of those stages might be difficult to fix during the post-placement implementation flow and could be the result of non-optimal XDC constraints or non-optimal design architecture
Related violations: <none>

TIMING-16#10 Warning
Large setup violation  
There is a large setup violation of -1.013 ns between i_ariane/i_cva6/issue_stage_i/i_issue_read_operands/cvxif_valid_q_reg/C (clocked by clk_out1_xlnx_clk_gen) and i_ariane/i_cva6/issue_stage_i/i_issue_read_operands/operand_f_q_reg[18]/D (clocked by clk_out1_xlnx_clk_gen). Large setup violations at the end of those stages might be difficult to fix during the post-placement implementation flow and could be the result of non-optimal XDC constraints or non-optimal design architecture
Related violations: <none>

TIMING-16#11 Warning
Large setup violation  
There is a large setup violation of -1.015 ns between i_ariane/i_cva6/issue_stage_i/i_issue_read_operands/cvxif_valid_q_reg/C (clocked by clk_out1_xlnx_clk_gen) and i_ariane/i_cva6/issue_stage_i/i_issue_read_operands/operand_b_q_reg[13]/D (clocked by clk_out1_xlnx_clk_gen). Large setup violations at the end of those stages might be difficult to fix during the post-placement implementation flow and could be the result of non-optimal XDC constraints or non-optimal design architecture
Related violations: <none>

TIMING-16#12 Warning
Large setup violation  
There is a large setup violation of -1.016 ns between i_ariane/i_cva6/issue_stage_i/i_issue_read_operands/cvxif_valid_q_reg/C (clocked by clk_out1_xlnx_clk_gen) and i_ariane/i_cva6/issue_stage_i/i_issue_read_operands/operand_e_q_reg[9]/D (clocked by clk_out1_xlnx_clk_gen). Large setup violations at the end of those stages might be difficult to fix during the post-placement implementation flow and could be the result of non-optimal XDC constraints or non-optimal design architecture
Related violations: <none>

TIMING-16#13 Warning
Large setup violation  
There is a large setup violation of -1.022 ns between i_ariane/i_cva6/issue_stage_i/i_issue_read_operands/cvxif_valid_q_reg/C (clocked by clk_out1_xlnx_clk_gen) and i_ariane/i_cva6/ex_stage_i/vaddr_to_be_flushed_reg[14]/D (clocked by clk_out1_xlnx_clk_gen). Large setup violations at the end of those stages might be difficult to fix during the post-placement implementation flow and could be the result of non-optimal XDC constraints or non-optimal design architecture
Related violations: <none>

TIMING-16#14 Warning
Large setup violation  
There is a large setup violation of -1.032 ns between i_ariane/i_cva6/issue_stage_i/i_issue_read_operands/cvxif_valid_q_reg/C (clocked by clk_out1_xlnx_clk_gen) and i_ariane/i_cva6/issue_stage_i/i_issue_read_operands/operand_b_q_reg[9]/D (clocked by clk_out1_xlnx_clk_gen). Large setup violations at the end of those stages might be difficult to fix during the post-placement implementation flow and could be the result of non-optimal XDC constraints or non-optimal design architecture
Related violations: <none>

TIMING-16#15 Warning
Large setup violation  
There is a large setup violation of -1.046 ns between i_ariane/i_cva6/issue_stage_i/i_issue_read_operands/cvxif_valid_q_reg/C (clocked by clk_out1_xlnx_clk_gen) and i_ariane/i_cva6/issue_stage_i/i_issue_read_operands/operand_g_q_reg[16]/D (clocked by clk_out1_xlnx_clk_gen). Large setup violations at the end of those stages might be difficult to fix during the post-placement implementation flow and could be the result of non-optimal XDC constraints or non-optimal design architecture
Related violations: <none>

TIMING-16#16 Warning
Large setup violation  
There is a large setup violation of -1.053 ns between i_ariane/i_cva6/issue_stage_i/i_issue_read_operands/cvxif_valid_q_reg/C (clocked by clk_out1_xlnx_clk_gen) and i_ariane/i_cva6/issue_stage_i/i_scoreboard/mem_q_reg[1][sbe][result][27]/D (clocked by clk_out1_xlnx_clk_gen). Large setup violations at the end of those stages might be difficult to fix during the post-placement implementation flow and could be the result of non-optimal XDC constraints or non-optimal design architecture
Related violations: <none>

TIMING-16#17 Warning
Large setup violation  
There is a large setup violation of -1.058 ns between i_ariane/i_cva6/issue_stage_i/i_issue_read_operands/cvxif_valid_q_reg/C (clocked by clk_out1_xlnx_clk_gen) and i_ariane/i_cva6/issue_stage_i/i_issue_read_operands/operand_h_q_reg[11]/D (clocked by clk_out1_xlnx_clk_gen). Large setup violations at the end of those stages might be difficult to fix during the post-placement implementation flow and could be the result of non-optimal XDC constraints or non-optimal design architecture
Related violations: <none>

TIMING-16#18 Warning
Large setup violation  
There is a large setup violation of -1.070 ns between i_ariane/i_cva6/issue_stage_i/i_scoreboard/commit_pointer_q_reg[0][1]/C (clocked by clk_out1_xlnx_clk_gen) and i_ariane/i_cva6/issue_stage_i/i_scoreboard/mem_q_reg[2][sbe][rd][4]/D (clocked by clk_out1_xlnx_clk_gen). Large setup violations at the end of those stages might be difficult to fix during the post-placement implementation flow and could be the result of non-optimal XDC constraints or non-optimal design architecture
Related violations: <none>

TIMING-16#19 Warning
Large setup violation  
There is a large setup violation of -1.098 ns between i_ariane/i_cva6/issue_stage_i/i_issue_read_operands/cvxif_valid_q_reg/C (clocked by clk_out1_xlnx_clk_gen) and i_ariane/i_cva6/issue_stage_i/i_issue_read_operands/operand_e_q_reg[11]/D (clocked by clk_out1_xlnx_clk_gen). Large setup violations at the end of those stages might be difficult to fix during the post-placement implementation flow and could be the result of non-optimal XDC constraints or non-optimal design architecture
Related violations: <none>

TIMING-16#20 Warning
Large setup violation  
There is a large setup violation of -1.143 ns between i_ariane/i_cva6/issue_stage_i/i_issue_read_operands/cvxif_valid_q_reg/C (clocked by clk_out1_xlnx_clk_gen) and i_ariane/i_cva6/issue_stage_i/i_scoreboard/mem_q_reg[0][sbe][result][4]/D (clocked by clk_out1_xlnx_clk_gen). Large setup violations at the end of those stages might be difficult to fix during the post-placement implementation flow and could be the result of non-optimal XDC constraints or non-optimal design architecture
Related violations: <none>

TIMING-16#21 Warning
Large setup violation  
There is a large setup violation of -1.158 ns between i_ariane/i_cva6/issue_stage_i/i_issue_read_operands/cvxif_valid_q_reg/C (clocked by clk_out1_xlnx_clk_gen) and i_ariane/i_cva6/issue_stage_i/i_issue_read_operands/operand_d_q_reg[9]/D (clocked by clk_out1_xlnx_clk_gen). Large setup violations at the end of those stages might be difficult to fix during the post-placement implementation flow and could be the result of non-optimal XDC constraints or non-optimal design architecture
Related violations: <none>

TIMING-16#22 Warning
Large setup violation  
There is a large setup violation of -1.170 ns between i_ariane/i_cva6/issue_stage_i/i_issue_read_operands/cvxif_valid_q_reg/C (clocked by clk_out1_xlnx_clk_gen) and i_ariane/i_cva6/issue_stage_i/i_issue_read_operands/operand_g_q_reg[18]/D (clocked by clk_out1_xlnx_clk_gen). Large setup violations at the end of those stages might be difficult to fix during the post-placement implementation flow and could be the result of non-optimal XDC constraints or non-optimal design architecture
Related violations: <none>

TIMING-16#23 Warning
Large setup violation  
There is a large setup violation of -1.174 ns between i_ariane/i_cva6/issue_stage_i/i_scoreboard/commit_pointer_q_reg[0][1]/C (clocked by clk_out1_xlnx_clk_gen) and i_ariane/i_cva6/issue_stage_i/i_scoreboard/mem_q_reg[1][sbe][rd][2]/CE (clocked by clk_out1_xlnx_clk_gen). Large setup violations at the end of those stages might be difficult to fix during the post-placement implementation flow and could be the result of non-optimal XDC constraints or non-optimal design architecture
Related violations: <none>

TIMING-16#24 Warning
Large setup violation  
There is a large setup violation of -1.182 ns between i_ariane/i_cva6/issue_stage_i/i_scoreboard/commit_pointer_q_reg[0][1]/C (clocked by clk_out1_xlnx_clk_gen) and i_ariane/i_cva6/issue_stage_i/i_scoreboard/mem_q_reg[2][sbe][rd][1]/CE (clocked by clk_out1_xlnx_clk_gen). Large setup violations at the end of those stages might be difficult to fix during the post-placement implementation flow and could be the result of non-optimal XDC constraints or non-optimal design architecture
Related violations: <none>

TIMING-16#25 Warning
Large setup violation  
There is a large setup violation of -1.191 ns between i_ariane/i_cva6/issue_stage_i/i_issue_read_operands/cvxif_valid_q_reg/C (clocked by clk_out1_xlnx_clk_gen) and i_ariane/i_cva6/issue_stage_i/i_scoreboard/mem_q_reg[2][sbe][result][4]/D (clocked by clk_out1_xlnx_clk_gen). Large setup violations at the end of those stages might be difficult to fix during the post-placement implementation flow and could be the result of non-optimal XDC constraints or non-optimal design architecture
Related violations: <none>

TIMING-16#26 Warning
Large setup violation  
There is a large setup violation of -1.197 ns between i_ariane/i_cva6/issue_stage_i/i_issue_read_operands/cvxif_valid_q_reg/C (clocked by clk_out1_xlnx_clk_gen) and i_ariane/i_cva6/issue_stage_i/i_issue_read_operands/operand_i_q_reg[21]/D (clocked by clk_out1_xlnx_clk_gen). Large setup violations at the end of those stages might be difficult to fix during the post-placement implementation flow and could be the result of non-optimal XDC constraints or non-optimal design architecture
Related violations: <none>

TIMING-16#27 Warning
Large setup violation  
There is a large setup violation of -1.200 ns between i_ariane/i_cva6/issue_stage_i/i_issue_read_operands/cvxif_valid_q_reg/C (clocked by clk_out1_xlnx_clk_gen) and i_ariane/i_cva6/issue_stage_i/i_issue_read_operands/operand_d_q_reg[11]/D (clocked by clk_out1_xlnx_clk_gen). Large setup violations at the end of those stages might be difficult to fix during the post-placement implementation flow and could be the result of non-optimal XDC constraints or non-optimal design architecture
Related violations: <none>

TIMING-16#28 Warning
Large setup violation  
There is a large setup violation of -1.230 ns between i_ariane/i_cva6/issue_stage_i/i_issue_read_operands/cvxif_valid_q_reg/C (clocked by clk_out1_xlnx_clk_gen) and i_ariane/i_cva6/issue_stage_i/i_issue_read_operands/operand_i_q_reg[18]/D (clocked by clk_out1_xlnx_clk_gen). Large setup violations at the end of those stages might be difficult to fix during the post-placement implementation flow and could be the result of non-optimal XDC constraints or non-optimal design architecture
Related violations: <none>

TIMING-16#29 Warning
Large setup violation  
There is a large setup violation of -1.242 ns between i_ariane/i_cva6/issue_stage_i/i_issue_read_operands/cvxif_valid_q_reg/C (clocked by clk_out1_xlnx_clk_gen) and i_ariane/i_cva6/issue_stage_i/i_issue_read_operands/operand_f_q_reg[16]/D (clocked by clk_out1_xlnx_clk_gen). Large setup violations at the end of those stages might be difficult to fix during the post-placement implementation flow and could be the result of non-optimal XDC constraints or non-optimal design architecture
Related violations: <none>

TIMING-16#30 Warning
Large setup violation  
There is a large setup violation of -1.256 ns between i_ariane/i_cva6/issue_stage_i/i_issue_read_operands/cvxif_valid_q_reg/C (clocked by clk_out1_xlnx_clk_gen) and i_ariane/i_cva6/issue_stage_i/i_issue_read_operands/operand_a_q_reg[14]/D (clocked by clk_out1_xlnx_clk_gen). Large setup violations at the end of those stages might be difficult to fix during the post-placement implementation flow and could be the result of non-optimal XDC constraints or non-optimal design architecture
Related violations: <none>

TIMING-16#31 Warning
Large setup violation  
There is a large setup violation of -1.273 ns between i_ariane/i_cva6/issue_stage_i/i_issue_read_operands/cvxif_valid_q_reg/C (clocked by clk_out1_xlnx_clk_gen) and i_ariane/i_cva6/issue_stage_i/i_issue_read_operands/operand_f_q_reg[14]/D (clocked by clk_out1_xlnx_clk_gen). Large setup violations at the end of those stages might be difficult to fix during the post-placement implementation flow and could be the result of non-optimal XDC constraints or non-optimal design architecture
Related violations: <none>

TIMING-16#32 Warning
Large setup violation  
There is a large setup violation of -1.285 ns between i_ariane/i_cva6/issue_stage_i/i_issue_read_operands/cvxif_valid_q_reg/C (clocked by clk_out1_xlnx_clk_gen) and i_ariane/i_cva6/issue_stage_i/i_issue_read_operands/operand_b_q_reg[18]/D (clocked by clk_out1_xlnx_clk_gen). Large setup violations at the end of those stages might be difficult to fix during the post-placement implementation flow and could be the result of non-optimal XDC constraints or non-optimal design architecture
Related violations: <none>

TIMING-16#33 Warning
Large setup violation  
There is a large setup violation of -1.295 ns between i_ariane/i_cva6/issue_stage_i/i_issue_read_operands/cvxif_valid_q_reg/C (clocked by clk_out1_xlnx_clk_gen) and i_ariane/i_cva6/issue_stage_i/i_issue_read_operands/operand_g_q_reg[9]/D (clocked by clk_out1_xlnx_clk_gen). Large setup violations at the end of those stages might be difficult to fix during the post-placement implementation flow and could be the result of non-optimal XDC constraints or non-optimal design architecture
Related violations: <none>

TIMING-16#34 Warning
Large setup violation  
There is a large setup violation of -1.296 ns between i_ariane/i_cva6/issue_stage_i/i_issue_read_operands/cvxif_valid_q_reg/C (clocked by clk_out1_xlnx_clk_gen) and i_ariane/i_cva6/issue_stage_i/i_scoreboard/mem_q_reg[1][sbe][result][4]/D (clocked by clk_out1_xlnx_clk_gen). Large setup violations at the end of those stages might be difficult to fix during the post-placement implementation flow and could be the result of non-optimal XDC constraints or non-optimal design architecture
Related violations: <none>

TIMING-16#35 Warning
Large setup violation  
There is a large setup violation of -1.328 ns between i_ariane/i_cva6/issue_stage_i/i_issue_read_operands/cvxif_valid_q_reg/C (clocked by clk_out1_xlnx_clk_gen) and i_ariane/i_cva6/issue_stage_i/i_issue_read_operands/operand_e_q_reg[18]/D (clocked by clk_out1_xlnx_clk_gen). Large setup violations at the end of those stages might be difficult to fix during the post-placement implementation flow and could be the result of non-optimal XDC constraints or non-optimal design architecture
Related violations: <none>

TIMING-16#36 Warning
Large setup violation  
There is a large setup violation of -1.388 ns between i_ariane/i_cva6/issue_stage_i/i_issue_read_operands/cvxif_valid_q_reg/C (clocked by clk_out1_xlnx_clk_gen) and i_ariane/i_cva6/issue_stage_i/i_issue_read_operands/operand_g_q_reg[20]/D (clocked by clk_out1_xlnx_clk_gen). Large setup violations at the end of those stages might be difficult to fix during the post-placement implementation flow and could be the result of non-optimal XDC constraints or non-optimal design architecture
Related violations: <none>

TIMING-16#37 Warning
Large setup violation  
There is a large setup violation of -1.404 ns between i_ariane/i_cva6/issue_stage_i/i_issue_read_operands/cvxif_valid_q_reg/C (clocked by clk_out1_xlnx_clk_gen) and i_ariane/i_cva6/issue_stage_i/i_issue_read_operands/operand_f_q_reg[28]/D (clocked by clk_out1_xlnx_clk_gen). Large setup violations at the end of those stages might be difficult to fix during the post-placement implementation flow and could be the result of non-optimal XDC constraints or non-optimal design architecture
Related violations: <none>

TIMING-16#38 Warning
Large setup violation  
There is a large setup violation of -1.409 ns between i_ariane/i_cva6/issue_stage_i/i_issue_read_operands/cvxif_valid_q_reg/C (clocked by clk_out1_xlnx_clk_gen) and i_ariane/i_cva6/issue_stage_i/i_issue_read_operands/operand_f_q_reg[21]/D (clocked by clk_out1_xlnx_clk_gen). Large setup violations at the end of those stages might be difficult to fix during the post-placement implementation flow and could be the result of non-optimal XDC constraints or non-optimal design architecture
Related violations: <none>

TIMING-16#39 Warning
Large setup violation  
There is a large setup violation of -1.415 ns between i_ariane/i_cva6/issue_stage_i/i_issue_read_operands/cvxif_valid_q_reg/C (clocked by clk_out1_xlnx_clk_gen) and i_ariane/i_cva6/issue_stage_i/i_issue_read_operands/operand_h_q_reg[29]/D (clocked by clk_out1_xlnx_clk_gen). Large setup violations at the end of those stages might be difficult to fix during the post-placement implementation flow and could be the result of non-optimal XDC constraints or non-optimal design architecture
Related violations: <none>

TIMING-16#40 Warning
Large setup violation  
There is a large setup violation of -1.434 ns between i_ariane/i_cva6/issue_stage_i/i_issue_read_operands/cvxif_valid_q_reg/C (clocked by clk_out1_xlnx_clk_gen) and i_ariane/i_cva6/issue_stage_i/i_issue_read_operands/operand_d_q_reg[16]/D (clocked by clk_out1_xlnx_clk_gen). Large setup violations at the end of those stages might be difficult to fix during the post-placement implementation flow and could be the result of non-optimal XDC constraints or non-optimal design architecture
Related violations: <none>

TIMING-16#41 Warning
Large setup violation  
There is a large setup violation of -1.454 ns between i_ariane/i_cva6/issue_stage_i/i_issue_read_operands/cvxif_valid_q_reg/C (clocked by clk_out1_xlnx_clk_gen) and i_ariane/i_cva6/ex_stage_i/vaddr_to_be_flushed_reg[9]/D (clocked by clk_out1_xlnx_clk_gen). Large setup violations at the end of those stages might be difficult to fix during the post-placement implementation flow and could be the result of non-optimal XDC constraints or non-optimal design architecture
Related violations: <none>

TIMING-16#42 Warning
Large setup violation  
There is a large setup violation of -1.457 ns between i_ariane/i_cva6/issue_stage_i/i_issue_read_operands/cvxif_valid_q_reg/C (clocked by clk_out1_xlnx_clk_gen) and i_ariane/i_cva6/issue_stage_i/i_issue_read_operands/operand_a_q_reg[9]/D (clocked by clk_out1_xlnx_clk_gen). Large setup violations at the end of those stages might be difficult to fix during the post-placement implementation flow and could be the result of non-optimal XDC constraints or non-optimal design architecture
Related violations: <none>

TIMING-16#43 Warning
Large setup violation  
There is a large setup violation of -1.459 ns between i_ariane/i_cva6/issue_stage_i/i_issue_read_operands/cvxif_valid_q_reg/C (clocked by clk_out1_xlnx_clk_gen) and i_ariane/i_cva6/issue_stage_i/i_issue_read_operands/operand_b_q_reg[12]/D (clocked by clk_out1_xlnx_clk_gen). Large setup violations at the end of those stages might be difficult to fix during the post-placement implementation flow and could be the result of non-optimal XDC constraints or non-optimal design architecture
Related violations: <none>

TIMING-16#44 Warning
Large setup violation  
There is a large setup violation of -1.488 ns between i_ariane/i_cva6/issue_stage_i/i_issue_read_operands/cvxif_valid_q_reg/C (clocked by clk_out1_xlnx_clk_gen) and i_ariane/i_cva6/issue_stage_i/i_issue_read_operands/operand_a_q_reg[13]/D (clocked by clk_out1_xlnx_clk_gen). Large setup violations at the end of those stages might be difficult to fix during the post-placement implementation flow and could be the result of non-optimal XDC constraints or non-optimal design architecture
Related violations: <none>

TIMING-16#45 Warning
Large setup violation  
There is a large setup violation of -1.500 ns between i_ariane/i_cva6/issue_stage_i/i_issue_read_operands/cvxif_valid_q_reg/C (clocked by clk_out1_xlnx_clk_gen) and i_ariane/i_cva6/issue_stage_i/i_issue_read_operands/operand_a_q_reg[12]/D (clocked by clk_out1_xlnx_clk_gen). Large setup violations at the end of those stages might be difficult to fix during the post-placement implementation flow and could be the result of non-optimal XDC constraints or non-optimal design architecture
Related violations: <none>

TIMING-16#46 Warning
Large setup violation  
There is a large setup violation of -1.520 ns between i_ariane/i_cva6/issue_stage_i/i_issue_read_operands/cvxif_valid_q_reg/C (clocked by clk_out1_xlnx_clk_gen) and i_ariane/i_cva6/issue_stage_i/i_issue_read_operands/operand_g_q_reg[24]/D (clocked by clk_out1_xlnx_clk_gen). Large setup violations at the end of those stages might be difficult to fix during the post-placement implementation flow and could be the result of non-optimal XDC constraints or non-optimal design architecture
Related violations: <none>

TIMING-16#47 Warning
Large setup violation  
There is a large setup violation of -1.548 ns between i_ariane/i_cva6/issue_stage_i/i_issue_read_operands/cvxif_valid_q_reg/C (clocked by clk_out1_xlnx_clk_gen) and i_ariane/i_cva6/issue_stage_i/i_issue_read_operands/operand_e_q_reg[25]/D (clocked by clk_out1_xlnx_clk_gen). Large setup violations at the end of those stages might be difficult to fix during the post-placement implementation flow and could be the result of non-optimal XDC constraints or non-optimal design architecture
Related violations: <none>

TIMING-16#48 Warning
Large setup violation  
There is a large setup violation of -1.563 ns between i_ariane/i_cva6/issue_stage_i/i_issue_read_operands/cvxif_valid_q_reg/C (clocked by clk_out1_xlnx_clk_gen) and i_ariane/i_cva6/issue_stage_i/i_issue_read_operands/operand_g_q_reg[28]/D (clocked by clk_out1_xlnx_clk_gen). Large setup violations at the end of those stages might be difficult to fix during the post-placement implementation flow and could be the result of non-optimal XDC constraints or non-optimal design architecture
Related violations: <none>

TIMING-16#49 Warning
Large setup violation  
There is a large setup violation of -1.566 ns between i_ariane/i_cva6/issue_stage_i/i_issue_read_operands/cvxif_valid_q_reg/C (clocked by clk_out1_xlnx_clk_gen) and i_ariane/i_cva6/issue_stage_i/i_scoreboard/mem_q_reg[1][sbe][result][0]/D (clocked by clk_out1_xlnx_clk_gen). Large setup violations at the end of those stages might be difficult to fix during the post-placement implementation flow and could be the result of non-optimal XDC constraints or non-optimal design architecture
Related violations: <none>

TIMING-16#50 Warning
Large setup violation  
There is a large setup violation of -1.574 ns between i_ariane/i_cva6/issue_stage_i/i_issue_read_operands/cvxif_valid_q_reg/C (clocked by clk_out1_xlnx_clk_gen) and i_ariane/i_cva6/issue_stage_i/i_issue_read_operands/operand_h_q_reg[21]/D (clocked by clk_out1_xlnx_clk_gen). Large setup violations at the end of those stages might be difficult to fix during the post-placement implementation flow and could be the result of non-optimal XDC constraints or non-optimal design architecture
Related violations: <none>

TIMING-16#51 Warning
Large setup violation  
There is a large setup violation of -1.579 ns between i_ariane/i_cva6/issue_stage_i/i_issue_read_operands/cvxif_valid_q_reg/C (clocked by clk_out1_xlnx_clk_gen) and i_ariane/i_cva6/issue_stage_i/i_issue_read_operands/operand_b_q_reg[11]/D (clocked by clk_out1_xlnx_clk_gen). Large setup violations at the end of those stages might be difficult to fix during the post-placement implementation flow and could be the result of non-optimal XDC constraints or non-optimal design architecture
Related violations: <none>

TIMING-16#52 Warning
Large setup violation  
There is a large setup violation of -1.597 ns between i_ariane/i_cva6/issue_stage_i/i_issue_read_operands/cvxif_valid_q_reg/C (clocked by clk_out1_xlnx_clk_gen) and i_ariane/i_cva6/issue_stage_i/i_issue_read_operands/operand_h_q_reg[25]/D (clocked by clk_out1_xlnx_clk_gen). Large setup violations at the end of those stages might be difficult to fix during the post-placement implementation flow and could be the result of non-optimal XDC constraints or non-optimal design architecture
Related violations: <none>

TIMING-16#53 Warning
Large setup violation  
There is a large setup violation of -1.617 ns between i_ariane/i_cva6/issue_stage_i/i_issue_read_operands/cvxif_valid_q_reg/C (clocked by clk_out1_xlnx_clk_gen) and i_ariane/i_cva6/issue_stage_i/i_issue_read_operands/operand_i_q_reg[16]/D (clocked by clk_out1_xlnx_clk_gen). Large setup violations at the end of those stages might be difficult to fix during the post-placement implementation flow and could be the result of non-optimal XDC constraints or non-optimal design architecture
Related violations: <none>

TIMING-16#54 Warning
Large setup violation  
There is a large setup violation of -1.634 ns between i_ariane/i_cva6/issue_stage_i/i_issue_read_operands/cvxif_valid_q_reg/C (clocked by clk_out1_xlnx_clk_gen) and i_ariane/i_cva6/issue_stage_i/i_issue_read_operands/operand_g_q_reg[15]/D (clocked by clk_out1_xlnx_clk_gen). Large setup violations at the end of those stages might be difficult to fix during the post-placement implementation flow and could be the result of non-optimal XDC constraints or non-optimal design architecture
Related violations: <none>

TIMING-16#55 Warning
Large setup violation  
There is a large setup violation of -1.645 ns between i_ariane/i_cva6/issue_stage_i/i_issue_read_operands/cvxif_valid_q_reg/C (clocked by clk_out1_xlnx_clk_gen) and i_ariane/i_cva6/issue_stage_i/i_issue_read_operands/operand_f_q_reg[24]/D (clocked by clk_out1_xlnx_clk_gen). Large setup violations at the end of those stages might be difficult to fix during the post-placement implementation flow and could be the result of non-optimal XDC constraints or non-optimal design architecture
Related violations: <none>

TIMING-16#56 Warning
Large setup violation  
There is a large setup violation of -1.648 ns between i_ariane/i_cva6/issue_stage_i/i_issue_read_operands/cvxif_valid_q_reg/C (clocked by clk_out1_xlnx_clk_gen) and i_ariane/i_cva6/issue_stage_i/i_issue_read_operands/operand_i_q_reg[25]/D (clocked by clk_out1_xlnx_clk_gen). Large setup violations at the end of those stages might be difficult to fix during the post-placement implementation flow and could be the result of non-optimal XDC constraints or non-optimal design architecture
Related violations: <none>

TIMING-16#57 Warning
Large setup violation  
There is a large setup violation of -1.649 ns between i_ariane/i_cva6/issue_stage_i/i_issue_read_operands/cvxif_valid_q_reg/C (clocked by clk_out1_xlnx_clk_gen) and i_ariane/i_cva6/issue_stage_i/i_issue_read_operands/operand_g_q_reg[29]/D (clocked by clk_out1_xlnx_clk_gen). Large setup violations at the end of those stages might be difficult to fix during the post-placement implementation flow and could be the result of non-optimal XDC constraints or non-optimal design architecture
Related violations: <none>

TIMING-16#58 Warning
Large setup violation  
There is a large setup violation of -1.657 ns between i_ariane/i_cva6/issue_stage_i/i_issue_read_operands/cvxif_valid_q_reg/C (clocked by clk_out1_xlnx_clk_gen) and i_ariane/i_cva6/issue_stage_i/i_issue_read_operands/operand_i_q_reg[24]/D (clocked by clk_out1_xlnx_clk_gen). Large setup violations at the end of those stages might be difficult to fix during the post-placement implementation flow and could be the result of non-optimal XDC constraints or non-optimal design architecture
Related violations: <none>

TIMING-16#59 Warning
Large setup violation  
There is a large setup violation of -1.660 ns between i_ariane/i_cva6/issue_stage_i/i_issue_read_operands/cvxif_valid_q_reg/C (clocked by clk_out1_xlnx_clk_gen) and i_ariane/i_cva6/issue_stage_i/i_issue_read_operands/operand_h_q_reg[15]/D (clocked by clk_out1_xlnx_clk_gen). Large setup violations at the end of those stages might be difficult to fix during the post-placement implementation flow and could be the result of non-optimal XDC constraints or non-optimal design architecture
Related violations: <none>

TIMING-16#60 Warning
Large setup violation  
There is a large setup violation of -1.661 ns between i_ariane/i_cva6/issue_stage_i/i_issue_read_operands/cvxif_valid_q_reg/C (clocked by clk_out1_xlnx_clk_gen) and i_ariane/i_cva6/issue_stage_i/i_issue_read_operands/operand_h_q_reg[14]/D (clocked by clk_out1_xlnx_clk_gen). Large setup violations at the end of those stages might be difficult to fix during the post-placement implementation flow and could be the result of non-optimal XDC constraints or non-optimal design architecture
Related violations: <none>

TIMING-16#61 Warning
Large setup violation  
There is a large setup violation of -1.669 ns between i_ariane/i_cva6/issue_stage_i/i_issue_read_operands/cvxif_valid_q_reg/C (clocked by clk_out1_xlnx_clk_gen) and i_ariane/i_cva6/issue_stage_i/i_issue_read_operands/operand_e_q_reg[16]/D (clocked by clk_out1_xlnx_clk_gen). Large setup violations at the end of those stages might be difficult to fix during the post-placement implementation flow and could be the result of non-optimal XDC constraints or non-optimal design architecture
Related violations: <none>

TIMING-16#62 Warning
Large setup violation  
There is a large setup violation of -1.671 ns between i_ariane/i_cva6/issue_stage_i/i_issue_read_operands/cvxif_valid_q_reg/C (clocked by clk_out1_xlnx_clk_gen) and i_ariane/i_cva6/issue_stage_i/i_issue_read_operands/operand_f_q_reg[20]/D (clocked by clk_out1_xlnx_clk_gen). Large setup violations at the end of those stages might be difficult to fix during the post-placement implementation flow and could be the result of non-optimal XDC constraints or non-optimal design architecture
Related violations: <none>

TIMING-16#63 Warning
Large setup violation  
There is a large setup violation of -1.673 ns between i_ariane/i_cva6/issue_stage_i/i_issue_read_operands/cvxif_valid_q_reg/C (clocked by clk_out1_xlnx_clk_gen) and i_ariane/i_cva6/issue_stage_i/i_issue_read_operands/operand_h_q_reg[24]/D (clocked by clk_out1_xlnx_clk_gen). Large setup violations at the end of those stages might be difficult to fix during the post-placement implementation flow and could be the result of non-optimal XDC constraints or non-optimal design architecture
Related violations: <none>

TIMING-16#64 Warning
Large setup violation  
There is a large setup violation of -1.681 ns between i_ariane/i_cva6/issue_stage_i/i_issue_read_operands/cvxif_valid_q_reg/C (clocked by clk_out1_xlnx_clk_gen) and i_ariane/i_cva6/ex_stage_i/vaddr_to_be_flushed_reg[13]/D (clocked by clk_out1_xlnx_clk_gen). Large setup violations at the end of those stages might be difficult to fix during the post-placement implementation flow and could be the result of non-optimal XDC constraints or non-optimal design architecture
Related violations: <none>

TIMING-16#65 Warning
Large setup violation  
There is a large setup violation of -1.681 ns between i_ariane/i_cva6/issue_stage_i/i_issue_read_operands/cvxif_valid_q_reg/C (clocked by clk_out1_xlnx_clk_gen) and i_ariane/i_cva6/issue_stage_i/i_issue_read_operands/operand_h_q_reg[28]/D (clocked by clk_out1_xlnx_clk_gen). Large setup violations at the end of those stages might be difficult to fix during the post-placement implementation flow and could be the result of non-optimal XDC constraints or non-optimal design architecture
Related violations: <none>

TIMING-16#66 Warning
Large setup violation  
There is a large setup violation of -1.689 ns between i_ariane/i_cva6/issue_stage_i/i_issue_read_operands/cvxif_valid_q_reg/C (clocked by clk_out1_xlnx_clk_gen) and i_ariane/i_cva6/issue_stage_i/i_issue_read_operands/operand_g_q_reg[21]/D (clocked by clk_out1_xlnx_clk_gen). Large setup violations at the end of those stages might be difficult to fix during the post-placement implementation flow and could be the result of non-optimal XDC constraints or non-optimal design architecture
Related violations: <none>

TIMING-16#67 Warning
Large setup violation  
There is a large setup violation of -1.689 ns between i_ariane/i_cva6/issue_stage_i/i_issue_read_operands/cvxif_valid_q_reg/C (clocked by clk_out1_xlnx_clk_gen) and i_ariane/i_cva6/issue_stage_i/i_scoreboard/mem_q_reg[1][sbe][result][7]/D (clocked by clk_out1_xlnx_clk_gen). Large setup violations at the end of those stages might be difficult to fix during the post-placement implementation flow and could be the result of non-optimal XDC constraints or non-optimal design architecture
Related violations: <none>

TIMING-16#68 Warning
Large setup violation  
There is a large setup violation of -1.693 ns between i_ariane/i_cva6/issue_stage_i/i_issue_read_operands/cvxif_valid_q_reg/C (clocked by clk_out1_xlnx_clk_gen) and i_ariane/i_cva6/ex_stage_i/vaddr_to_be_flushed_reg[12]/D (clocked by clk_out1_xlnx_clk_gen). Large setup violations at the end of those stages might be difficult to fix during the post-placement implementation flow and could be the result of non-optimal XDC constraints or non-optimal design architecture
Related violations: <none>

TIMING-16#69 Warning
Large setup violation  
There is a large setup violation of -1.717 ns between i_ariane/i_cva6/issue_stage_i/i_issue_read_operands/cvxif_valid_q_reg/C (clocked by clk_out1_xlnx_clk_gen) and i_ariane/i_cva6/issue_stage_i/i_issue_read_operands/operand_b_q_reg[21]/D (clocked by clk_out1_xlnx_clk_gen). Large setup violations at the end of those stages might be difficult to fix during the post-placement implementation flow and could be the result of non-optimal XDC constraints or non-optimal design architecture
Related violations: <none>

TIMING-16#70 Warning
Large setup violation  
There is a large setup violation of -1.717 ns between i_ariane/i_cva6/issue_stage_i/i_issue_read_operands/cvxif_valid_q_reg/C (clocked by clk_out1_xlnx_clk_gen) and i_ariane/i_cva6/issue_stage_i/i_issue_read_operands/operand_h_q_reg[18]/D (clocked by clk_out1_xlnx_clk_gen). Large setup violations at the end of those stages might be difficult to fix during the post-placement implementation flow and could be the result of non-optimal XDC constraints or non-optimal design architecture
Related violations: <none>

TIMING-16#71 Warning
Large setup violation  
There is a large setup violation of -1.726 ns between i_ariane/i_cva6/issue_stage_i/i_issue_read_operands/cvxif_valid_q_reg/C (clocked by clk_out1_xlnx_clk_gen) and i_ariane/i_cva6/issue_stage_i/i_issue_read_operands/operand_d_q_reg[24]/D (clocked by clk_out1_xlnx_clk_gen). Large setup violations at the end of those stages might be difficult to fix during the post-placement implementation flow and could be the result of non-optimal XDC constraints or non-optimal design architecture
Related violations: <none>

TIMING-16#72 Warning
Large setup violation  
There is a large setup violation of -1.733 ns between i_ariane/i_cva6/issue_stage_i/i_issue_read_operands/cvxif_valid_q_reg/C (clocked by clk_out1_xlnx_clk_gen) and i_ariane/i_cva6/issue_stage_i/i_issue_read_operands/operand_b_q_reg[20]/D (clocked by clk_out1_xlnx_clk_gen). Large setup violations at the end of those stages might be difficult to fix during the post-placement implementation flow and could be the result of non-optimal XDC constraints or non-optimal design architecture
Related violations: <none>

TIMING-16#73 Warning
Large setup violation  
There is a large setup violation of -1.733 ns between i_ariane/i_cva6/issue_stage_i/i_issue_read_operands/cvxif_valid_q_reg/C (clocked by clk_out1_xlnx_clk_gen) and i_ariane/i_cva6/issue_stage_i/i_scoreboard/mem_q_reg[1][sbe][result][2]/D (clocked by clk_out1_xlnx_clk_gen). Large setup violations at the end of those stages might be difficult to fix during the post-placement implementation flow and could be the result of non-optimal XDC constraints or non-optimal design architecture
Related violations: <none>

TIMING-16#74 Warning
Large setup violation  
There is a large setup violation of -1.739 ns between i_ariane/i_cva6/issue_stage_i/i_issue_read_operands/cvxif_valid_q_reg/C (clocked by clk_out1_xlnx_clk_gen) and i_ariane/i_cva6/issue_stage_i/i_issue_read_operands/operand_b_q_reg[15]/D (clocked by clk_out1_xlnx_clk_gen). Large setup violations at the end of those stages might be difficult to fix during the post-placement implementation flow and could be the result of non-optimal XDC constraints or non-optimal design architecture
Related violations: <none>

TIMING-16#75 Warning
Large setup violation  
There is a large setup violation of -1.742 ns between i_ariane/i_cva6/issue_stage_i/i_issue_read_operands/cvxif_valid_q_reg/C (clocked by clk_out1_xlnx_clk_gen) and i_ariane/i_cva6/issue_stage_i/i_scoreboard/mem_q_reg[3][sbe][result][4]/D (clocked by clk_out1_xlnx_clk_gen). Large setup violations at the end of those stages might be difficult to fix during the post-placement implementation flow and could be the result of non-optimal XDC constraints or non-optimal design architecture
Related violations: <none>

TIMING-16#76 Warning
Large setup violation  
There is a large setup violation of -1.752 ns between i_ariane/i_cva6/issue_stage_i/i_issue_read_operands/cvxif_valid_q_reg/C (clocked by clk_out1_xlnx_clk_gen) and i_ariane/i_cva6/issue_stage_i/i_scoreboard/mem_q_reg[2][sbe][result][7]/D (clocked by clk_out1_xlnx_clk_gen). Large setup violations at the end of those stages might be difficult to fix during the post-placement implementation flow and could be the result of non-optimal XDC constraints or non-optimal design architecture
Related violations: <none>

TIMING-16#77 Warning
Large setup violation  
There is a large setup violation of -1.765 ns between i_ariane/i_cva6/issue_stage_i/i_issue_read_operands/cvxif_valid_q_reg/C (clocked by clk_out1_xlnx_clk_gen) and i_ariane/i_cva6/issue_stage_i/i_issue_read_operands/operand_d_q_reg[20]/D (clocked by clk_out1_xlnx_clk_gen). Large setup violations at the end of those stages might be difficult to fix during the post-placement implementation flow and could be the result of non-optimal XDC constraints or non-optimal design architecture
Related violations: <none>

TIMING-16#78 Warning
Large setup violation  
There is a large setup violation of -1.783 ns between i_ariane/i_cva6/issue_stage_i/i_issue_read_operands/cvxif_valid_q_reg/C (clocked by clk_out1_xlnx_clk_gen) and i_ariane/i_cva6/issue_stage_i/i_issue_read_operands/operand_d_q_reg[18]/D (clocked by clk_out1_xlnx_clk_gen). Large setup violations at the end of those stages might be difficult to fix during the post-placement implementation flow and could be the result of non-optimal XDC constraints or non-optimal design architecture
Related violations: <none>

TIMING-16#79 Warning
Large setup violation  
There is a large setup violation of -1.809 ns between i_ariane/i_cva6/issue_stage_i/i_issue_read_operands/cvxif_valid_q_reg/C (clocked by clk_out1_xlnx_clk_gen) and i_ariane/i_cva6/issue_stage_i/i_scoreboard/mem_q_reg[0][sbe][result][5]/D (clocked by clk_out1_xlnx_clk_gen). Large setup violations at the end of those stages might be difficult to fix during the post-placement implementation flow and could be the result of non-optimal XDC constraints or non-optimal design architecture
Related violations: <none>

TIMING-16#80 Warning
Large setup violation  
There is a large setup violation of -1.813 ns between i_ariane/i_cva6/issue_stage_i/i_issue_read_operands/cvxif_valid_q_reg/C (clocked by clk_out1_xlnx_clk_gen) and i_ariane/i_cva6/issue_stage_i/i_issue_read_operands/operand_e_q_reg[21]/D (clocked by clk_out1_xlnx_clk_gen). Large setup violations at the end of those stages might be difficult to fix during the post-placement implementation flow and could be the result of non-optimal XDC constraints or non-optimal design architecture
Related violations: <none>

TIMING-16#81 Warning
Large setup violation  
There is a large setup violation of -1.814 ns between i_ariane/i_cva6/issue_stage_i/i_issue_read_operands/cvxif_valid_q_reg/C (clocked by clk_out1_xlnx_clk_gen) and i_ariane/i_cva6/issue_stage_i/i_scoreboard/mem_q_reg[3][sbe][result][1]/D (clocked by clk_out1_xlnx_clk_gen). Large setup violations at the end of those stages might be difficult to fix during the post-placement implementation flow and could be the result of non-optimal XDC constraints or non-optimal design architecture
Related violations: <none>

TIMING-16#82 Warning
Large setup violation  
There is a large setup violation of -1.815 ns between i_ariane/i_cva6/issue_stage_i/i_issue_read_operands/cvxif_valid_q_reg/C (clocked by clk_out1_xlnx_clk_gen) and i_ariane/i_cva6/issue_stage_i/i_issue_read_operands/operand_f_q_reg[15]/D (clocked by clk_out1_xlnx_clk_gen). Large setup violations at the end of those stages might be difficult to fix during the post-placement implementation flow and could be the result of non-optimal XDC constraints or non-optimal design architecture
Related violations: <none>

TIMING-16#83 Warning
Large setup violation  
There is a large setup violation of -1.833 ns between i_ariane/i_cva6/issue_stage_i/i_issue_read_operands/cvxif_valid_q_reg/C (clocked by clk_out1_xlnx_clk_gen) and i_ariane/i_cva6/issue_stage_i/i_issue_read_operands/operand_b_q_reg[16]/D (clocked by clk_out1_xlnx_clk_gen). Large setup violations at the end of those stages might be difficult to fix during the post-placement implementation flow and could be the result of non-optimal XDC constraints or non-optimal design architecture
Related violations: <none>

TIMING-16#84 Warning
Large setup violation  
There is a large setup violation of -1.842 ns between i_ariane/i_cva6/issue_stage_i/i_issue_read_operands/cvxif_valid_q_reg/C (clocked by clk_out1_xlnx_clk_gen) and i_ariane/i_cva6/issue_stage_i/i_scoreboard/mem_q_reg[2][sbe][result][2]/D (clocked by clk_out1_xlnx_clk_gen). Large setup violations at the end of those stages might be difficult to fix during the post-placement implementation flow and could be the result of non-optimal XDC constraints or non-optimal design architecture
Related violations: <none>

TIMING-16#85 Warning
Large setup violation  
There is a large setup violation of -1.843 ns between i_ariane/i_cva6/issue_stage_i/i_issue_read_operands/cvxif_valid_q_reg/C (clocked by clk_out1_xlnx_clk_gen) and i_ariane/i_cva6/issue_stage_i/i_issue_read_operands/operand_d_q_reg[21]/D (clocked by clk_out1_xlnx_clk_gen). Large setup violations at the end of those stages might be difficult to fix during the post-placement implementation flow and could be the result of non-optimal XDC constraints or non-optimal design architecture
Related violations: <none>

TIMING-16#86 Warning
Large setup violation  
There is a large setup violation of -1.843 ns between i_ariane/i_cva6/issue_stage_i/i_issue_read_operands/cvxif_valid_q_reg/C (clocked by clk_out1_xlnx_clk_gen) and i_ariane/i_cva6/issue_stage_i/i_issue_read_operands/operand_f_q_reg[29]/D (clocked by clk_out1_xlnx_clk_gen). Large setup violations at the end of those stages might be difficult to fix during the post-placement implementation flow and could be the result of non-optimal XDC constraints or non-optimal design architecture
Related violations: <none>

TIMING-16#87 Warning
Large setup violation  
There is a large setup violation of -1.845 ns between i_ariane/i_cva6/issue_stage_i/i_issue_read_operands/cvxif_valid_q_reg/C (clocked by clk_out1_xlnx_clk_gen) and i_ariane/i_cva6/issue_stage_i/i_issue_read_operands/operand_g_q_reg[25]/D (clocked by clk_out1_xlnx_clk_gen). Large setup violations at the end of those stages might be difficult to fix during the post-placement implementation flow and could be the result of non-optimal XDC constraints or non-optimal design architecture
Related violations: <none>

TIMING-16#88 Warning
Large setup violation  
There is a large setup violation of -1.847 ns between i_ariane/i_cva6/issue_stage_i/i_issue_read_operands/cvxif_valid_q_reg/C (clocked by clk_out1_xlnx_clk_gen) and i_ariane/i_cva6/issue_stage_i/i_scoreboard/mem_q_reg[0][sbe][result][1]/D (clocked by clk_out1_xlnx_clk_gen). Large setup violations at the end of those stages might be difficult to fix during the post-placement implementation flow and could be the result of non-optimal XDC constraints or non-optimal design architecture
Related violations: <none>

TIMING-16#89 Warning
Large setup violation  
There is a large setup violation of -1.854 ns between i_ariane/i_cva6/issue_stage_i/i_issue_read_operands/cvxif_valid_q_reg/C (clocked by clk_out1_xlnx_clk_gen) and i_ariane/i_cva6/issue_stage_i/i_scoreboard/mem_q_reg[3][sbe][result][7]/D (clocked by clk_out1_xlnx_clk_gen). Large setup violations at the end of those stages might be difficult to fix during the post-placement implementation flow and could be the result of non-optimal XDC constraints or non-optimal design architecture
Related violations: <none>

TIMING-16#90 Warning
Large setup violation  
There is a large setup violation of -1.856 ns between i_ariane/i_cva6/issue_stage_i/i_issue_read_operands/cvxif_valid_q_reg/C (clocked by clk_out1_xlnx_clk_gen) and i_ariane/i_cva6/issue_stage_i/i_scoreboard/mem_q_reg[0][sbe][result][7]/D (clocked by clk_out1_xlnx_clk_gen). Large setup violations at the end of those stages might be difficult to fix during the post-placement implementation flow and could be the result of non-optimal XDC constraints or non-optimal design architecture
Related violations: <none>

TIMING-16#91 Warning
Large setup violation  
There is a large setup violation of -1.858 ns between i_ariane/i_cva6/issue_stage_i/i_issue_read_operands/cvxif_valid_q_reg/C (clocked by clk_out1_xlnx_clk_gen) and i_ariane/i_cva6/issue_stage_i/i_issue_read_operands/operand_i_q_reg[20]/D (clocked by clk_out1_xlnx_clk_gen). Large setup violations at the end of those stages might be difficult to fix during the post-placement implementation flow and could be the result of non-optimal XDC constraints or non-optimal design architecture
Related violations: <none>

TIMING-16#92 Warning
Large setup violation  
There is a large setup violation of -1.858 ns between i_ariane/i_cva6/issue_stage_i/i_issue_read_operands/cvxif_valid_q_reg/C (clocked by clk_out1_xlnx_clk_gen) and i_ariane/i_cva6/issue_stage_i/i_scoreboard/mem_q_reg[3][sbe][result][5]/D (clocked by clk_out1_xlnx_clk_gen). Large setup violations at the end of those stages might be difficult to fix during the post-placement implementation flow and could be the result of non-optimal XDC constraints or non-optimal design architecture
Related violations: <none>

TIMING-16#93 Warning
Large setup violation  
There is a large setup violation of -1.859 ns between i_ariane/i_cva6/issue_stage_i/i_issue_read_operands/cvxif_valid_q_reg/C (clocked by clk_out1_xlnx_clk_gen) and i_ariane/i_cva6/issue_stage_i/i_scoreboard/mem_q_reg[1][sbe][result][1]/D (clocked by clk_out1_xlnx_clk_gen). Large setup violations at the end of those stages might be difficult to fix during the post-placement implementation flow and could be the result of non-optimal XDC constraints or non-optimal design architecture
Related violations: <none>

TIMING-16#94 Warning
Large setup violation  
There is a large setup violation of -1.862 ns between i_ariane/i_cva6/issue_stage_i/i_issue_read_operands/cvxif_valid_q_reg/C (clocked by clk_out1_xlnx_clk_gen) and i_ariane/i_cva6/issue_stage_i/i_issue_read_operands/operand_h_q_reg[17]/D (clocked by clk_out1_xlnx_clk_gen). Large setup violations at the end of those stages might be difficult to fix during the post-placement implementation flow and could be the result of non-optimal XDC constraints or non-optimal design architecture
Related violations: <none>

TIMING-16#95 Warning
Large setup violation  
There is a large setup violation of -1.867 ns between i_ariane/i_cva6/issue_stage_i/i_issue_read_operands/cvxif_valid_q_reg/C (clocked by clk_out1_xlnx_clk_gen) and i_ariane/i_cva6/issue_stage_i/i_issue_read_operands/operand_f_q_reg[19]/D (clocked by clk_out1_xlnx_clk_gen). Large setup violations at the end of those stages might be difficult to fix during the post-placement implementation flow and could be the result of non-optimal XDC constraints or non-optimal design architecture
Related violations: <none>

TIMING-16#96 Warning
Large setup violation  
There is a large setup violation of -1.879 ns between i_ariane/i_cva6/issue_stage_i/i_issue_read_operands/cvxif_valid_q_reg/C (clocked by clk_out1_xlnx_clk_gen) and i_ariane/i_cva6/issue_stage_i/i_scoreboard/mem_q_reg[0][sbe][result][2]/D (clocked by clk_out1_xlnx_clk_gen). Large setup violations at the end of those stages might be difficult to fix during the post-placement implementation flow and could be the result of non-optimal XDC constraints or non-optimal design architecture
Related violations: <none>

TIMING-16#97 Warning
Large setup violation  
There is a large setup violation of -1.880 ns between i_ariane/i_cva6/issue_stage_i/i_issue_read_operands/cvxif_valid_q_reg/C (clocked by clk_out1_xlnx_clk_gen) and i_ariane/i_cva6/issue_stage_i/i_issue_read_operands/operand_f_q_reg[17]/D (clocked by clk_out1_xlnx_clk_gen). Large setup violations at the end of those stages might be difficult to fix during the post-placement implementation flow and could be the result of non-optimal XDC constraints or non-optimal design architecture
Related violations: <none>

TIMING-16#98 Warning
Large setup violation  
There is a large setup violation of -1.880 ns between i_ariane/i_cva6/issue_stage_i/i_issue_read_operands/cvxif_valid_q_reg/C (clocked by clk_out1_xlnx_clk_gen) and i_ariane/i_cva6/issue_stage_i/i_scoreboard/mem_q_reg[3][sbe][result][2]/D (clocked by clk_out1_xlnx_clk_gen). Large setup violations at the end of those stages might be difficult to fix during the post-placement implementation flow and could be the result of non-optimal XDC constraints or non-optimal design architecture
Related violations: <none>

TIMING-16#99 Warning
Large setup violation  
There is a large setup violation of -1.884 ns between i_ariane/i_cva6/issue_stage_i/i_issue_read_operands/cvxif_valid_q_reg/C (clocked by clk_out1_xlnx_clk_gen) and i_ariane/i_cva6/issue_stage_i/i_issue_read_operands/operand_b_q_reg[14]/D (clocked by clk_out1_xlnx_clk_gen). Large setup violations at the end of those stages might be difficult to fix during the post-placement implementation flow and could be the result of non-optimal XDC constraints or non-optimal design architecture
Related violations: <none>

TIMING-16#100 Warning
Large setup violation  
There is a large setup violation of -1.886 ns between i_ariane/i_cva6/issue_stage_i/i_issue_read_operands/cvxif_valid_q_reg/C (clocked by clk_out1_xlnx_clk_gen) and i_ariane/i_cva6/issue_stage_i/i_issue_read_operands/operand_e_q_reg[29]/D (clocked by clk_out1_xlnx_clk_gen). Large setup violations at the end of those stages might be difficult to fix during the post-placement implementation flow and could be the result of non-optimal XDC constraints or non-optimal design architecture
Related violations: <none>

TIMING-16#101 Warning
Large setup violation  
There is a large setup violation of -1.889 ns between i_ariane/i_cva6/issue_stage_i/i_issue_read_operands/cvxif_valid_q_reg/C (clocked by clk_out1_xlnx_clk_gen) and i_ariane/i_cva6/issue_stage_i/i_issue_read_operands/operand_h_q_reg[16]/D (clocked by clk_out1_xlnx_clk_gen). Large setup violations at the end of those stages might be difficult to fix during the post-placement implementation flow and could be the result of non-optimal XDC constraints or non-optimal design architecture
Related violations: <none>

TIMING-16#102 Warning
Large setup violation  
There is a large setup violation of -1.889 ns between i_ariane/i_cva6/issue_stage_i/i_issue_read_operands/cvxif_valid_q_reg/C (clocked by clk_out1_xlnx_clk_gen) and i_ariane/i_cva6/issue_stage_i/i_issue_read_operands/operand_i_q_reg[14]/D (clocked by clk_out1_xlnx_clk_gen). Large setup violations at the end of those stages might be difficult to fix during the post-placement implementation flow and could be the result of non-optimal XDC constraints or non-optimal design architecture
Related violations: <none>

TIMING-16#103 Warning
Large setup violation  
There is a large setup violation of -1.892 ns between i_ariane/i_cva6/issue_stage_i/i_issue_read_operands/cvxif_valid_q_reg/C (clocked by clk_out1_xlnx_clk_gen) and i_ariane/i_cva6/issue_stage_i/i_issue_read_operands/operand_e_q_reg[15]/D (clocked by clk_out1_xlnx_clk_gen). Large setup violations at the end of those stages might be difficult to fix during the post-placement implementation flow and could be the result of non-optimal XDC constraints or non-optimal design architecture
Related violations: <none>

TIMING-16#104 Warning
Large setup violation  
There is a large setup violation of -1.893 ns between i_ariane/i_cva6/issue_stage_i/i_issue_read_operands/cvxif_valid_q_reg/C (clocked by clk_out1_xlnx_clk_gen) and i_ariane/i_cva6/issue_stage_i/i_issue_read_operands/operand_d_q_reg[29]/D (clocked by clk_out1_xlnx_clk_gen). Large setup violations at the end of those stages might be difficult to fix during the post-placement implementation flow and could be the result of non-optimal XDC constraints or non-optimal design architecture
Related violations: <none>

TIMING-16#105 Warning
Large setup violation  
There is a large setup violation of -1.897 ns between i_ariane/i_cva6/issue_stage_i/i_issue_read_operands/cvxif_valid_q_reg/C (clocked by clk_out1_xlnx_clk_gen) and i_ariane/i_cva6/issue_stage_i/i_scoreboard/mem_q_reg[1][sbe][result][5]/D (clocked by clk_out1_xlnx_clk_gen). Large setup violations at the end of those stages might be difficult to fix during the post-placement implementation flow and could be the result of non-optimal XDC constraints or non-optimal design architecture
Related violations: <none>

TIMING-16#106 Warning
Large setup violation  
There is a large setup violation of -1.899 ns between i_ariane/i_cva6/issue_stage_i/i_issue_read_operands/cvxif_valid_q_reg/C (clocked by clk_out1_xlnx_clk_gen) and i_ariane/i_cva6/issue_stage_i/i_issue_read_operands/operand_i_q_reg[28]/D (clocked by clk_out1_xlnx_clk_gen). Large setup violations at the end of those stages might be difficult to fix during the post-placement implementation flow and could be the result of non-optimal XDC constraints or non-optimal design architecture
Related violations: <none>

TIMING-16#107 Warning
Large setup violation  
There is a large setup violation of -1.901 ns between i_ariane/i_cva6/issue_stage_i/i_issue_read_operands/cvxif_valid_q_reg/C (clocked by clk_out1_xlnx_clk_gen) and i_ariane/i_cva6/issue_stage_i/i_scoreboard/mem_q_reg[0][sbe][result][6]/D (clocked by clk_out1_xlnx_clk_gen). Large setup violations at the end of those stages might be difficult to fix during the post-placement implementation flow and could be the result of non-optimal XDC constraints or non-optimal design architecture
Related violations: <none>

TIMING-16#108 Warning
Large setup violation  
There is a large setup violation of -1.910 ns between i_ariane/i_cva6/issue_stage_i/i_issue_read_operands/cvxif_valid_q_reg/C (clocked by clk_out1_xlnx_clk_gen) and i_ariane/i_cva6/issue_stage_i/i_scoreboard/mem_q_reg[1][sbe][result][6]/D (clocked by clk_out1_xlnx_clk_gen). Large setup violations at the end of those stages might be difficult to fix during the post-placement implementation flow and could be the result of non-optimal XDC constraints or non-optimal design architecture
Related violations: <none>

TIMING-16#109 Warning
Large setup violation  
There is a large setup violation of -1.913 ns between i_ariane/i_cva6/issue_stage_i/i_issue_read_operands/cvxif_valid_q_reg/C (clocked by clk_out1_xlnx_clk_gen) and i_ariane/i_cva6/issue_stage_i/i_scoreboard/mem_q_reg[2][sbe][result][5]/D (clocked by clk_out1_xlnx_clk_gen). Large setup violations at the end of those stages might be difficult to fix during the post-placement implementation flow and could be the result of non-optimal XDC constraints or non-optimal design architecture
Related violations: <none>

TIMING-16#110 Warning
Large setup violation  
There is a large setup violation of -1.915 ns between i_ariane/i_cva6/issue_stage_i/i_issue_read_operands/cvxif_valid_q_reg/C (clocked by clk_out1_xlnx_clk_gen) and i_ariane/i_cva6/issue_stage_i/i_issue_read_operands/operand_b_q_reg[24]/D (clocked by clk_out1_xlnx_clk_gen). Large setup violations at the end of those stages might be difficult to fix during the post-placement implementation flow and could be the result of non-optimal XDC constraints or non-optimal design architecture
Related violations: <none>

TIMING-16#111 Warning
Large setup violation  
There is a large setup violation of -1.917 ns between i_ariane/i_cva6/issue_stage_i/i_issue_read_operands/cvxif_valid_q_reg/C (clocked by clk_out1_xlnx_clk_gen) and i_ariane/i_cva6/issue_stage_i/i_issue_read_operands/operand_e_q_reg[28]/D (clocked by clk_out1_xlnx_clk_gen). Large setup violations at the end of those stages might be difficult to fix during the post-placement implementation flow and could be the result of non-optimal XDC constraints or non-optimal design architecture
Related violations: <none>

TIMING-16#112 Warning
Large setup violation  
There is a large setup violation of -1.937 ns between i_ariane/i_cva6/issue_stage_i/i_issue_read_operands/cvxif_valid_q_reg/C (clocked by clk_out1_xlnx_clk_gen) and i_ariane/i_cva6/issue_stage_i/i_issue_read_operands/operand_d_q_reg[15]/D (clocked by clk_out1_xlnx_clk_gen). Large setup violations at the end of those stages might be difficult to fix during the post-placement implementation flow and could be the result of non-optimal XDC constraints or non-optimal design architecture
Related violations: <none>

TIMING-16#113 Warning
Large setup violation  
There is a large setup violation of -1.945 ns between i_ariane/i_cva6/issue_stage_i/i_issue_read_operands/cvxif_valid_q_reg/C (clocked by clk_out1_xlnx_clk_gen) and i_ariane/i_cva6/issue_stage_i/i_issue_read_operands/operand_d_q_reg[25]/D (clocked by clk_out1_xlnx_clk_gen). Large setup violations at the end of those stages might be difficult to fix during the post-placement implementation flow and could be the result of non-optimal XDC constraints or non-optimal design architecture
Related violations: <none>

TIMING-16#114 Warning
Large setup violation  
There is a large setup violation of -1.945 ns between i_ariane/i_cva6/issue_stage_i/i_issue_read_operands/cvxif_valid_q_reg/C (clocked by clk_out1_xlnx_clk_gen) and i_ariane/i_cva6/issue_stage_i/i_issue_read_operands/operand_e_q_reg[17]/D (clocked by clk_out1_xlnx_clk_gen). Large setup violations at the end of those stages might be difficult to fix during the post-placement implementation flow and could be the result of non-optimal XDC constraints or non-optimal design architecture
Related violations: <none>

TIMING-16#115 Warning
Large setup violation  
There is a large setup violation of -1.949 ns between i_ariane/i_cva6/issue_stage_i/i_issue_read_operands/cvxif_valid_q_reg/C (clocked by clk_out1_xlnx_clk_gen) and i_ariane/i_cva6/issue_stage_i/i_scoreboard/mem_q_reg[0][sbe][result][0]/D (clocked by clk_out1_xlnx_clk_gen). Large setup violations at the end of those stages might be difficult to fix during the post-placement implementation flow and could be the result of non-optimal XDC constraints or non-optimal design architecture
Related violations: <none>

TIMING-16#116 Warning
Large setup violation  
There is a large setup violation of -1.960 ns between i_ariane/i_cva6/issue_stage_i/i_issue_read_operands/cvxif_valid_q_reg/C (clocked by clk_out1_xlnx_clk_gen) and i_ariane/i_cva6/issue_stage_i/i_issue_read_operands/operand_h_q_reg[20]/D (clocked by clk_out1_xlnx_clk_gen). Large setup violations at the end of those stages might be difficult to fix during the post-placement implementation flow and could be the result of non-optimal XDC constraints or non-optimal design architecture
Related violations: <none>

TIMING-16#117 Warning
Large setup violation  
There is a large setup violation of -1.964 ns between i_ariane/i_cva6/issue_stage_i/i_issue_read_operands/cvxif_valid_q_reg/C (clocked by clk_out1_xlnx_clk_gen) and i_ariane/i_cva6/ex_stage_i/vaddr_to_be_flushed_reg[15]/D (clocked by clk_out1_xlnx_clk_gen). Large setup violations at the end of those stages might be difficult to fix during the post-placement implementation flow and could be the result of non-optimal XDC constraints or non-optimal design architecture
Related violations: <none>

TIMING-16#118 Warning
Large setup violation  
There is a large setup violation of -1.965 ns between i_ariane/i_cva6/issue_stage_i/i_issue_read_operands/cvxif_valid_q_reg/C (clocked by clk_out1_xlnx_clk_gen) and i_ariane/i_cva6/issue_stage_i/i_issue_read_operands/operand_a_q_reg[15]/D (clocked by clk_out1_xlnx_clk_gen). Large setup violations at the end of those stages might be difficult to fix during the post-placement implementation flow and could be the result of non-optimal XDC constraints or non-optimal design architecture
Related violations: <none>

TIMING-16#119 Warning
Large setup violation  
There is a large setup violation of -1.972 ns between i_ariane/i_cva6/issue_stage_i/i_issue_read_operands/cvxif_valid_q_reg/C (clocked by clk_out1_xlnx_clk_gen) and i_ariane/i_cva6/issue_stage_i/i_issue_read_operands/operand_g_q_reg[19]/D (clocked by clk_out1_xlnx_clk_gen). Large setup violations at the end of those stages might be difficult to fix during the post-placement implementation flow and could be the result of non-optimal XDC constraints or non-optimal design architecture
Related violations: <none>

TIMING-16#120 Warning
Large setup violation  
There is a large setup violation of -1.973 ns between i_ariane/i_cva6/issue_stage_i/i_issue_read_operands/cvxif_valid_q_reg/C (clocked by clk_out1_xlnx_clk_gen) and i_ariane/i_cva6/issue_stage_i/i_issue_read_operands/operand_f_q_reg[25]/D (clocked by clk_out1_xlnx_clk_gen). Large setup violations at the end of those stages might be difficult to fix during the post-placement implementation flow and could be the result of non-optimal XDC constraints or non-optimal design architecture
Related violations: <none>

TIMING-16#121 Warning
Large setup violation  
There is a large setup violation of -1.976 ns between i_ariane/i_cva6/issue_stage_i/i_issue_read_operands/cvxif_valid_q_reg/C (clocked by clk_out1_xlnx_clk_gen) and i_ariane/i_cva6/issue_stage_i/i_scoreboard/mem_q_reg[2][sbe][result][1]/D (clocked by clk_out1_xlnx_clk_gen). Large setup violations at the end of those stages might be difficult to fix during the post-placement implementation flow and could be the result of non-optimal XDC constraints or non-optimal design architecture
Related violations: <none>

TIMING-16#122 Warning
Large setup violation  
There is a large setup violation of -1.982 ns between i_ariane/i_cva6/issue_stage_i/i_issue_read_operands/cvxif_valid_q_reg/C (clocked by clk_out1_xlnx_clk_gen) and i_ariane/i_cva6/issue_stage_i/i_issue_read_operands/operand_d_q_reg[28]/D (clocked by clk_out1_xlnx_clk_gen). Large setup violations at the end of those stages might be difficult to fix during the post-placement implementation flow and could be the result of non-optimal XDC constraints or non-optimal design architecture
Related violations: <none>

TIMING-16#123 Warning
Large setup violation  
There is a large setup violation of -1.991 ns between i_ariane/i_cva6/issue_stage_i/i_issue_read_operands/cvxif_valid_q_reg/C (clocked by clk_out1_xlnx_clk_gen) and i_ariane/i_cva6/issue_stage_i/i_issue_read_operands/operand_h_q_reg[26]/D (clocked by clk_out1_xlnx_clk_gen). Large setup violations at the end of those stages might be difficult to fix during the post-placement implementation flow and could be the result of non-optimal XDC constraints or non-optimal design architecture
Related violations: <none>

TIMING-16#124 Warning
Large setup violation  
There is a large setup violation of -2.004 ns between i_ariane/i_cva6/issue_stage_i/i_issue_read_operands/cvxif_valid_q_reg/C (clocked by clk_out1_xlnx_clk_gen) and i_ariane/i_cva6/issue_stage_i/i_issue_read_operands/operand_g_q_reg[14]/D (clocked by clk_out1_xlnx_clk_gen). Large setup violations at the end of those stages might be difficult to fix during the post-placement implementation flow and could be the result of non-optimal XDC constraints or non-optimal design architecture
Related violations: <none>

TIMING-16#125 Warning
Large setup violation  
There is a large setup violation of -2.012 ns between i_ariane/i_cva6/issue_stage_i/i_issue_read_operands/cvxif_valid_q_reg/C (clocked by clk_out1_xlnx_clk_gen) and i_ariane/i_cva6/issue_stage_i/i_issue_read_operands/operand_a_q_reg[11]/D (clocked by clk_out1_xlnx_clk_gen). Large setup violations at the end of those stages might be difficult to fix during the post-placement implementation flow and could be the result of non-optimal XDC constraints or non-optimal design architecture
Related violations: <none>

TIMING-16#126 Warning
Large setup violation  
There is a large setup violation of -2.013 ns between i_ariane/i_cva6/issue_stage_i/i_issue_read_operands/cvxif_valid_q_reg/C (clocked by clk_out1_xlnx_clk_gen) and i_ariane/i_cva6/issue_stage_i/i_scoreboard/mem_q_reg[2][sbe][result][6]/D (clocked by clk_out1_xlnx_clk_gen). Large setup violations at the end of those stages might be difficult to fix during the post-placement implementation flow and could be the result of non-optimal XDC constraints or non-optimal design architecture
Related violations: <none>

TIMING-16#127 Warning
Large setup violation  
There is a large setup violation of -2.023 ns between i_ariane/i_cva6/issue_stage_i/i_issue_read_operands/cvxif_valid_q_reg/C (clocked by clk_out1_xlnx_clk_gen) and i_ariane/i_cva6/issue_stage_i/i_issue_read_operands/operand_i_q_reg[15]/D (clocked by clk_out1_xlnx_clk_gen). Large setup violations at the end of those stages might be difficult to fix during the post-placement implementation flow and could be the result of non-optimal XDC constraints or non-optimal design architecture
Related violations: <none>

TIMING-16#128 Warning
Large setup violation  
There is a large setup violation of -2.042 ns between i_ariane/i_cva6/issue_stage_i/i_issue_read_operands/cvxif_valid_q_reg/C (clocked by clk_out1_xlnx_clk_gen) and i_ariane/i_cva6/issue_stage_i/i_issue_read_operands/operand_h_q_reg[19]/D (clocked by clk_out1_xlnx_clk_gen). Large setup violations at the end of those stages might be difficult to fix during the post-placement implementation flow and could be the result of non-optimal XDC constraints or non-optimal design architecture
Related violations: <none>

TIMING-16#129 Warning
Large setup violation  
There is a large setup violation of -2.049 ns between i_ariane/i_cva6/issue_stage_i/i_issue_read_operands/cvxif_valid_q_reg/C (clocked by clk_out1_xlnx_clk_gen) and i_ariane/i_cva6/issue_stage_i/i_issue_read_operands/operand_i_q_reg[29]/D (clocked by clk_out1_xlnx_clk_gen). Large setup violations at the end of those stages might be difficult to fix during the post-placement implementation flow and could be the result of non-optimal XDC constraints or non-optimal design architecture
Related violations: <none>

TIMING-16#130 Warning
Large setup violation  
There is a large setup violation of -2.063 ns between i_ariane/i_cva6/issue_stage_i/i_issue_read_operands/cvxif_valid_q_reg/C (clocked by clk_out1_xlnx_clk_gen) and i_ariane/i_cva6/issue_stage_i/i_issue_read_operands/operand_f_q_reg[22]/D (clocked by clk_out1_xlnx_clk_gen). Large setup violations at the end of those stages might be difficult to fix during the post-placement implementation flow and could be the result of non-optimal XDC constraints or non-optimal design architecture
Related violations: <none>

TIMING-16#131 Warning
Large setup violation  
There is a large setup violation of -2.064 ns between i_ariane/i_cva6/issue_stage_i/i_issue_read_operands/cvxif_valid_q_reg/C (clocked by clk_out1_xlnx_clk_gen) and i_ariane/i_cva6/issue_stage_i/i_issue_read_operands/operand_d_q_reg[17]/D (clocked by clk_out1_xlnx_clk_gen). Large setup violations at the end of those stages might be difficult to fix during the post-placement implementation flow and could be the result of non-optimal XDC constraints or non-optimal design architecture
Related violations: <none>

TIMING-16#132 Warning
Large setup violation  
There is a large setup violation of -2.088 ns between i_ariane/i_cva6/issue_stage_i/i_issue_read_operands/cvxif_valid_q_reg/C (clocked by clk_out1_xlnx_clk_gen) and i_ariane/i_cva6/issue_stage_i/i_issue_read_operands/operand_b_q_reg[28]/D (clocked by clk_out1_xlnx_clk_gen). Large setup violations at the end of those stages might be difficult to fix during the post-placement implementation flow and could be the result of non-optimal XDC constraints or non-optimal design architecture
Related violations: <none>

TIMING-16#133 Warning
Large setup violation  
There is a large setup violation of -2.103 ns between i_ariane/i_cva6/issue_stage_i/i_issue_read_operands/cvxif_valid_q_reg/C (clocked by clk_out1_xlnx_clk_gen) and i_ariane/i_cva6/issue_stage_i/i_scoreboard/mem_q_reg[2][sbe][result][0]/D (clocked by clk_out1_xlnx_clk_gen). Large setup violations at the end of those stages might be difficult to fix during the post-placement implementation flow and could be the result of non-optimal XDC constraints or non-optimal design architecture
Related violations: <none>

TIMING-16#134 Warning
Large setup violation  
There is a large setup violation of -2.108 ns between i_ariane/i_cva6/issue_stage_i/i_issue_read_operands/cvxif_valid_q_reg/C (clocked by clk_out1_xlnx_clk_gen) and i_ariane/i_cva6/issue_stage_i/i_issue_read_operands/operand_g_q_reg[30]/D (clocked by clk_out1_xlnx_clk_gen). Large setup violations at the end of those stages might be difficult to fix during the post-placement implementation flow and could be the result of non-optimal XDC constraints or non-optimal design architecture
Related violations: <none>

TIMING-16#135 Warning
Large setup violation  
There is a large setup violation of -2.114 ns between i_ariane/i_cva6/issue_stage_i/i_issue_read_operands/cvxif_valid_q_reg/C (clocked by clk_out1_xlnx_clk_gen) and i_ariane/i_cva6/issue_stage_i/i_issue_read_operands/operand_e_q_reg[14]/D (clocked by clk_out1_xlnx_clk_gen). Large setup violations at the end of those stages might be difficult to fix during the post-placement implementation flow and could be the result of non-optimal XDC constraints or non-optimal design architecture
Related violations: <none>

TIMING-16#136 Warning
Large setup violation  
There is a large setup violation of -2.115 ns between i_ariane/i_cva6/issue_stage_i/i_issue_read_operands/cvxif_valid_q_reg/C (clocked by clk_out1_xlnx_clk_gen) and i_ariane/i_cva6/issue_stage_i/i_issue_read_operands/operand_b_q_reg[29]/D (clocked by clk_out1_xlnx_clk_gen). Large setup violations at the end of those stages might be difficult to fix during the post-placement implementation flow and could be the result of non-optimal XDC constraints or non-optimal design architecture
Related violations: <none>

TIMING-16#137 Warning
Large setup violation  
There is a large setup violation of -2.116 ns between i_ariane/i_cva6/issue_stage_i/i_issue_read_operands/cvxif_valid_q_reg/C (clocked by clk_out1_xlnx_clk_gen) and i_ariane/i_cva6/issue_stage_i/i_issue_read_operands/operand_g_q_reg[22]/D (clocked by clk_out1_xlnx_clk_gen). Large setup violations at the end of those stages might be difficult to fix during the post-placement implementation flow and could be the result of non-optimal XDC constraints or non-optimal design architecture
Related violations: <none>

TIMING-16#138 Warning
Large setup violation  
There is a large setup violation of -2.119 ns between i_ariane/i_cva6/issue_stage_i/i_issue_read_operands/cvxif_valid_q_reg/C (clocked by clk_out1_xlnx_clk_gen) and i_ariane/i_cva6/ex_stage_i/vaddr_to_be_flushed_reg[18]/D (clocked by clk_out1_xlnx_clk_gen). Large setup violations at the end of those stages might be difficult to fix during the post-placement implementation flow and could be the result of non-optimal XDC constraints or non-optimal design architecture
Related violations: <none>

TIMING-16#139 Warning
Large setup violation  
There is a large setup violation of -2.133 ns between i_ariane/i_cva6/issue_stage_i/i_issue_read_operands/cvxif_valid_q_reg/C (clocked by clk_out1_xlnx_clk_gen) and i_ariane/i_cva6/issue_stage_i/i_issue_read_operands/operand_d_q_reg[14]/D (clocked by clk_out1_xlnx_clk_gen). Large setup violations at the end of those stages might be difficult to fix during the post-placement implementation flow and could be the result of non-optimal XDC constraints or non-optimal design architecture
Related violations: <none>

TIMING-16#140 Warning
Large setup violation  
There is a large setup violation of -2.141 ns between i_ariane/i_cva6/issue_stage_i/i_issue_read_operands/cvxif_valid_q_reg/C (clocked by clk_out1_xlnx_clk_gen) and i_ariane/i_cva6/issue_stage_i/i_issue_read_operands/operand_i_q_reg[19]/D (clocked by clk_out1_xlnx_clk_gen). Large setup violations at the end of those stages might be difficult to fix during the post-placement implementation flow and could be the result of non-optimal XDC constraints or non-optimal design architecture
Related violations: <none>

TIMING-16#141 Warning
Large setup violation  
There is a large setup violation of -2.146 ns between i_ariane/i_cva6/issue_stage_i/i_issue_read_operands/cvxif_valid_q_reg/C (clocked by clk_out1_xlnx_clk_gen) and i_ariane/i_cva6/issue_stage_i/i_issue_read_operands/operand_e_q_reg[20]/D (clocked by clk_out1_xlnx_clk_gen). Large setup violations at the end of those stages might be difficult to fix during the post-placement implementation flow and could be the result of non-optimal XDC constraints or non-optimal design architecture
Related violations: <none>

TIMING-16#142 Warning
Large setup violation  
There is a large setup violation of -2.174 ns between i_ariane/i_cva6/issue_stage_i/i_issue_read_operands/cvxif_valid_q_reg/C (clocked by clk_out1_xlnx_clk_gen) and i_ariane/i_cva6/ex_stage_i/vaddr_to_be_flushed_reg[20]/D (clocked by clk_out1_xlnx_clk_gen). Large setup violations at the end of those stages might be difficult to fix during the post-placement implementation flow and could be the result of non-optimal XDC constraints or non-optimal design architecture
Related violations: <none>

TIMING-16#143 Warning
Large setup violation  
There is a large setup violation of -2.184 ns between i_ariane/i_cva6/issue_stage_i/i_issue_read_operands/cvxif_valid_q_reg/C (clocked by clk_out1_xlnx_clk_gen) and i_ariane/i_cva6/issue_stage_i/i_issue_read_operands/operand_g_q_reg[17]/D (clocked by clk_out1_xlnx_clk_gen). Large setup violations at the end of those stages might be difficult to fix during the post-placement implementation flow and could be the result of non-optimal XDC constraints or non-optimal design architecture
Related violations: <none>

TIMING-16#144 Warning
Large setup violation  
There is a large setup violation of -2.189 ns between i_ariane/i_cva6/issue_stage_i/i_issue_read_operands/cvxif_valid_q_reg/C (clocked by clk_out1_xlnx_clk_gen) and i_ariane/i_cva6/issue_stage_i/i_issue_read_operands/operand_b_q_reg[25]/D (clocked by clk_out1_xlnx_clk_gen). Large setup violations at the end of those stages might be difficult to fix during the post-placement implementation flow and could be the result of non-optimal XDC constraints or non-optimal design architecture
Related violations: <none>

TIMING-16#145 Warning
Large setup violation  
There is a large setup violation of -2.202 ns between i_ariane/i_cva6/issue_stage_i/i_issue_read_operands/cvxif_valid_q_reg/C (clocked by clk_out1_xlnx_clk_gen) and i_ariane/i_cva6/issue_stage_i/i_issue_read_operands/operand_i_q_reg[27]/D (clocked by clk_out1_xlnx_clk_gen). Large setup violations at the end of those stages might be difficult to fix during the post-placement implementation flow and could be the result of non-optimal XDC constraints or non-optimal design architecture
Related violations: <none>

TIMING-16#146 Warning
Large setup violation  
There is a large setup violation of -2.205 ns between i_ariane/i_cva6/issue_stage_i/i_issue_read_operands/cvxif_valid_q_reg/C (clocked by clk_out1_xlnx_clk_gen) and i_ariane/i_cva6/issue_stage_i/i_issue_read_operands/operand_i_q_reg[22]/D (clocked by clk_out1_xlnx_clk_gen). Large setup violations at the end of those stages might be difficult to fix during the post-placement implementation flow and could be the result of non-optimal XDC constraints or non-optimal design architecture
Related violations: <none>

TIMING-16#147 Warning
Large setup violation  
There is a large setup violation of -2.211 ns between i_ariane/i_cva6/issue_stage_i/i_issue_read_operands/cvxif_valid_q_reg/C (clocked by clk_out1_xlnx_clk_gen) and i_ariane/i_cva6/issue_stage_i/i_issue_read_operands/operand_i_q_reg[17]/D (clocked by clk_out1_xlnx_clk_gen). Large setup violations at the end of those stages might be difficult to fix during the post-placement implementation flow and could be the result of non-optimal XDC constraints or non-optimal design architecture
Related violations: <none>

TIMING-16#148 Warning
Large setup violation  
There is a large setup violation of -2.238 ns between i_ariane/i_cva6/issue_stage_i/i_issue_read_operands/cvxif_valid_q_reg/C (clocked by clk_out1_xlnx_clk_gen) and i_ariane/i_cva6/issue_stage_i/i_issue_read_operands/operand_a_q_reg[16]/D (clocked by clk_out1_xlnx_clk_gen). Large setup violations at the end of those stages might be difficult to fix during the post-placement implementation flow and could be the result of non-optimal XDC constraints or non-optimal design architecture
Related violations: <none>

TIMING-16#149 Warning
Large setup violation  
There is a large setup violation of -2.270 ns between i_ariane/i_cva6/issue_stage_i/i_issue_read_operands/cvxif_valid_q_reg/C (clocked by clk_out1_xlnx_clk_gen) and i_ariane/i_cva6/ex_stage_i/vaddr_to_be_flushed_reg[27]/D (clocked by clk_out1_xlnx_clk_gen). Large setup violations at the end of those stages might be difficult to fix during the post-placement implementation flow and could be the result of non-optimal XDC constraints or non-optimal design architecture
Related violations: <none>

TIMING-16#150 Warning
Large setup violation  
There is a large setup violation of -2.272 ns between i_ariane/i_cva6/issue_stage_i/i_issue_read_operands/cvxif_valid_q_reg/C (clocked by clk_out1_xlnx_clk_gen) and i_ariane/i_cva6/issue_stage_i/i_issue_read_operands/operand_a_q_reg[18]/D (clocked by clk_out1_xlnx_clk_gen). Large setup violations at the end of those stages might be difficult to fix during the post-placement implementation flow and could be the result of non-optimal XDC constraints or non-optimal design architecture
Related violations: <none>

TIMING-16#151 Warning
Large setup violation  
There is a large setup violation of -2.273 ns between i_ariane/i_cva6/issue_stage_i/i_issue_read_operands/cvxif_valid_q_reg/C (clocked by clk_out1_xlnx_clk_gen) and i_ariane/i_cva6/issue_stage_i/i_issue_read_operands/operand_e_q_reg[22]/D (clocked by clk_out1_xlnx_clk_gen). Large setup violations at the end of those stages might be difficult to fix during the post-placement implementation flow and could be the result of non-optimal XDC constraints or non-optimal design architecture
Related violations: <none>

TIMING-16#152 Warning
Large setup violation  
There is a large setup violation of -2.273 ns between i_ariane/i_cva6/issue_stage_i/i_issue_read_operands/cvxif_valid_q_reg/C (clocked by clk_out1_xlnx_clk_gen) and i_ariane/i_cva6/issue_stage_i/i_issue_read_operands/operand_f_q_reg[27]/D (clocked by clk_out1_xlnx_clk_gen). Large setup violations at the end of those stages might be difficult to fix during the post-placement implementation flow and could be the result of non-optimal XDC constraints or non-optimal design architecture
Related violations: <none>

TIMING-16#153 Warning
Large setup violation  
There is a large setup violation of -2.277 ns between i_ariane/i_cva6/issue_stage_i/i_issue_read_operands/cvxif_valid_q_reg/C (clocked by clk_out1_xlnx_clk_gen) and i_ariane/i_cva6/issue_stage_i/i_issue_read_operands/operand_d_q_reg[19]/D (clocked by clk_out1_xlnx_clk_gen). Large setup violations at the end of those stages might be difficult to fix during the post-placement implementation flow and could be the result of non-optimal XDC constraints or non-optimal design architecture
Related violations: <none>

TIMING-16#154 Warning
Large setup violation  
There is a large setup violation of -2.277 ns between i_ariane/i_cva6/issue_stage_i/i_issue_read_operands/cvxif_valid_q_reg/C (clocked by clk_out1_xlnx_clk_gen) and i_ariane/i_cva6/issue_stage_i/i_issue_read_operands/operand_e_q_reg[24]/D (clocked by clk_out1_xlnx_clk_gen). Large setup violations at the end of those stages might be difficult to fix during the post-placement implementation flow and could be the result of non-optimal XDC constraints or non-optimal design architecture
Related violations: <none>

TIMING-16#155 Warning
Large setup violation  
There is a large setup violation of -2.281 ns between i_ariane/i_cva6/issue_stage_i/i_issue_read_operands/cvxif_valid_q_reg/C (clocked by clk_out1_xlnx_clk_gen) and i_ariane/i_cva6/issue_stage_i/i_issue_read_operands/operand_h_q_reg[30]/D (clocked by clk_out1_xlnx_clk_gen). Large setup violations at the end of those stages might be difficult to fix during the post-placement implementation flow and could be the result of non-optimal XDC constraints or non-optimal design architecture
Related violations: <none>

TIMING-16#156 Warning
Large setup violation  
There is a large setup violation of -2.288 ns between i_ariane/i_cva6/issue_stage_i/i_issue_read_operands/cvxif_valid_q_reg/C (clocked by clk_out1_xlnx_clk_gen) and i_ariane/i_cva6/issue_stage_i/i_issue_read_operands/operand_a_q_reg[20]/D (clocked by clk_out1_xlnx_clk_gen). Large setup violations at the end of those stages might be difficult to fix during the post-placement implementation flow and could be the result of non-optimal XDC constraints or non-optimal design architecture
Related violations: <none>

TIMING-16#157 Warning
Large setup violation  
There is a large setup violation of -2.306 ns between i_ariane/i_cva6/issue_stage_i/i_issue_read_operands/cvxif_valid_q_reg/C (clocked by clk_out1_xlnx_clk_gen) and i_ariane/i_cva6/issue_stage_i/i_issue_read_operands/operand_h_q_reg[27]/D (clocked by clk_out1_xlnx_clk_gen). Large setup violations at the end of those stages might be difficult to fix during the post-placement implementation flow and could be the result of non-optimal XDC constraints or non-optimal design architecture
Related violations: <none>

TIMING-16#158 Warning
Large setup violation  
There is a large setup violation of -2.315 ns between i_ariane/i_cva6/issue_stage_i/i_issue_read_operands/cvxif_valid_q_reg/C (clocked by clk_out1_xlnx_clk_gen) and i_ariane/i_cva6/issue_stage_i/i_issue_read_operands/operand_h_q_reg[22]/D (clocked by clk_out1_xlnx_clk_gen). Large setup violations at the end of those stages might be difficult to fix during the post-placement implementation flow and could be the result of non-optimal XDC constraints or non-optimal design architecture
Related violations: <none>

TIMING-16#159 Warning
Large setup violation  
There is a large setup violation of -2.368 ns between i_ariane/i_cva6/issue_stage_i/i_issue_read_operands/cvxif_valid_q_reg/C (clocked by clk_out1_xlnx_clk_gen) and i_ariane/i_cva6/ex_stage_i/vaddr_to_be_flushed_reg[11]/D (clocked by clk_out1_xlnx_clk_gen). Large setup violations at the end of those stages might be difficult to fix during the post-placement implementation flow and could be the result of non-optimal XDC constraints or non-optimal design architecture
Related violations: <none>

TIMING-16#160 Warning
Large setup violation  
There is a large setup violation of -2.402 ns between i_ariane/i_cva6/issue_stage_i/i_issue_read_operands/cvxif_valid_q_reg/C (clocked by clk_out1_xlnx_clk_gen) and i_ariane/i_cva6/issue_stage_i/i_issue_read_operands/operand_a_q_reg[24]/D (clocked by clk_out1_xlnx_clk_gen). Large setup violations at the end of those stages might be difficult to fix during the post-placement implementation flow and could be the result of non-optimal XDC constraints or non-optimal design architecture
Related violations: <none>

TIMING-16#161 Warning
Large setup violation  
There is a large setup violation of -2.412 ns between i_ariane/i_cva6/issue_stage_i/i_issue_read_operands/cvxif_valid_q_reg/C (clocked by clk_out1_xlnx_clk_gen) and i_ariane/i_cva6/ex_stage_i/vaddr_to_be_flushed_reg[17]/D (clocked by clk_out1_xlnx_clk_gen). Large setup violations at the end of those stages might be difficult to fix during the post-placement implementation flow and could be the result of non-optimal XDC constraints or non-optimal design architecture
Related violations: <none>

TIMING-16#162 Warning
Large setup violation  
There is a large setup violation of -2.429 ns between i_ariane/i_cva6/issue_stage_i/i_issue_read_operands/cvxif_valid_q_reg/C (clocked by clk_out1_xlnx_clk_gen) and i_ariane/i_cva6/issue_stage_i/i_issue_read_operands/operand_i_q_reg[30]/D (clocked by clk_out1_xlnx_clk_gen). Large setup violations at the end of those stages might be difficult to fix during the post-placement implementation flow and could be the result of non-optimal XDC constraints or non-optimal design architecture
Related violations: <none>

TIMING-16#163 Warning
Large setup violation  
There is a large setup violation of -2.433 ns between i_ariane/i_cva6/issue_stage_i/i_issue_read_operands/cvxif_valid_q_reg/C (clocked by clk_out1_xlnx_clk_gen) and i_ariane/i_cva6/ex_stage_i/vaddr_to_be_flushed_reg[16]/D (clocked by clk_out1_xlnx_clk_gen). Large setup violations at the end of those stages might be difficult to fix during the post-placement implementation flow and could be the result of non-optimal XDC constraints or non-optimal design architecture
Related violations: <none>

TIMING-16#164 Warning
Large setup violation  
There is a large setup violation of -2.434 ns between i_ariane/i_cva6/issue_stage_i/i_issue_read_operands/cvxif_valid_q_reg/C (clocked by clk_out1_xlnx_clk_gen) and i_ariane/i_cva6/issue_stage_i/i_issue_read_operands/operand_f_q_reg[23]/D (clocked by clk_out1_xlnx_clk_gen). Large setup violations at the end of those stages might be difficult to fix during the post-placement implementation flow and could be the result of non-optimal XDC constraints or non-optimal design architecture
Related violations: <none>

TIMING-16#165 Warning
Large setup violation  
There is a large setup violation of -2.438 ns between i_ariane/i_cva6/issue_stage_i/i_issue_read_operands/cvxif_valid_q_reg/C (clocked by clk_out1_xlnx_clk_gen) and i_ariane/i_cva6/ex_stage_i/vaddr_to_be_flushed_reg[19]/D (clocked by clk_out1_xlnx_clk_gen). Large setup violations at the end of those stages might be difficult to fix during the post-placement implementation flow and could be the result of non-optimal XDC constraints or non-optimal design architecture
Related violations: <none>

TIMING-16#166 Warning
Large setup violation  
There is a large setup violation of -2.439 ns between i_ariane/i_cva6/issue_stage_i/i_issue_read_operands/cvxif_valid_q_reg/C (clocked by clk_out1_xlnx_clk_gen) and i_ariane/i_cva6/issue_stage_i/i_issue_read_operands/operand_h_q_reg[4]/D (clocked by clk_out1_xlnx_clk_gen). Large setup violations at the end of those stages might be difficult to fix during the post-placement implementation flow and could be the result of non-optimal XDC constraints or non-optimal design architecture
Related violations: <none>

TIMING-16#167 Warning
Large setup violation  
There is a large setup violation of -2.441 ns between i_ariane/i_cva6/issue_stage_i/i_issue_read_operands/cvxif_valid_q_reg/C (clocked by clk_out1_xlnx_clk_gen) and i_ariane/i_cva6/issue_stage_i/i_issue_read_operands/operand_d_q_reg[26]/D (clocked by clk_out1_xlnx_clk_gen). Large setup violations at the end of those stages might be difficult to fix during the post-placement implementation flow and could be the result of non-optimal XDC constraints or non-optimal design architecture
Related violations: <none>

TIMING-16#168 Warning
Large setup violation  
There is a large setup violation of -2.444 ns between i_ariane/i_cva6/issue_stage_i/i_issue_read_operands/cvxif_valid_q_reg/C (clocked by clk_out1_xlnx_clk_gen) and i_ariane/i_cva6/ex_stage_i/vaddr_to_be_flushed_reg[26]/D (clocked by clk_out1_xlnx_clk_gen). Large setup violations at the end of those stages might be difficult to fix during the post-placement implementation flow and could be the result of non-optimal XDC constraints or non-optimal design architecture
Related violations: <none>

TIMING-16#169 Warning
Large setup violation  
There is a large setup violation of -2.457 ns between i_ariane/i_cva6/issue_stage_i/i_issue_read_operands/cvxif_valid_q_reg/C (clocked by clk_out1_xlnx_clk_gen) and i_ariane/i_cva6/issue_stage_i/i_issue_read_operands/operand_a_q_reg[26]/D (clocked by clk_out1_xlnx_clk_gen). Large setup violations at the end of those stages might be difficult to fix during the post-placement implementation flow and could be the result of non-optimal XDC constraints or non-optimal design architecture
Related violations: <none>

TIMING-16#170 Warning
Large setup violation  
There is a large setup violation of -2.461 ns between i_ariane/i_cva6/issue_stage_i/i_issue_read_operands/cvxif_valid_q_reg/C (clocked by clk_out1_xlnx_clk_gen) and i_ariane/i_cva6/issue_stage_i/i_issue_read_operands/operand_a_q_reg[19]/D (clocked by clk_out1_xlnx_clk_gen). Large setup violations at the end of those stages might be difficult to fix during the post-placement implementation flow and could be the result of non-optimal XDC constraints or non-optimal design architecture
Related violations: <none>

TIMING-16#171 Warning
Large setup violation  
There is a large setup violation of -2.470 ns between i_ariane/i_cva6/issue_stage_i/i_issue_read_operands/cvxif_valid_q_reg/C (clocked by clk_out1_xlnx_clk_gen) and i_ariane/i_cva6/issue_stage_i/i_issue_read_operands/operand_a_q_reg[22]/D (clocked by clk_out1_xlnx_clk_gen). Large setup violations at the end of those stages might be difficult to fix during the post-placement implementation flow and could be the result of non-optimal XDC constraints or non-optimal design architecture
Related violations: <none>

TIMING-16#172 Warning
Large setup violation  
There is a large setup violation of -2.489 ns between i_ariane/i_cva6/issue_stage_i/i_issue_read_operands/cvxif_valid_q_reg/C (clocked by clk_out1_xlnx_clk_gen) and i_ariane/i_cva6/ex_stage_i/vaddr_to_be_flushed_reg[24]/D (clocked by clk_out1_xlnx_clk_gen). Large setup violations at the end of those stages might be difficult to fix during the post-placement implementation flow and could be the result of non-optimal XDC constraints or non-optimal design architecture
Related violations: <none>

TIMING-16#173 Warning
Large setup violation  
There is a large setup violation of -2.498 ns between i_ariane/i_cva6/issue_stage_i/i_issue_read_operands/cvxif_valid_q_reg/C (clocked by clk_out1_xlnx_clk_gen) and i_ariane/i_cva6/ex_stage_i/vaddr_to_be_flushed_reg[21]/D (clocked by clk_out1_xlnx_clk_gen). Large setup violations at the end of those stages might be difficult to fix during the post-placement implementation flow and could be the result of non-optimal XDC constraints or non-optimal design architecture
Related violations: <none>

TIMING-16#174 Warning
Large setup violation  
There is a large setup violation of -2.525 ns between i_ariane/i_cva6/issue_stage_i/i_issue_read_operands/cvxif_valid_q_reg/C (clocked by clk_out1_xlnx_clk_gen) and i_ariane/i_cva6/issue_stage_i/i_scoreboard/mem_q_reg[2][sbe][result][3]/D (clocked by clk_out1_xlnx_clk_gen). Large setup violations at the end of those stages might be difficult to fix during the post-placement implementation flow and could be the result of non-optimal XDC constraints or non-optimal design architecture
Related violations: <none>

TIMING-16#175 Warning
Large setup violation  
There is a large setup violation of -2.527 ns between i_ariane/i_cva6/issue_stage_i/i_issue_read_operands/cvxif_valid_q_reg/C (clocked by clk_out1_xlnx_clk_gen) and i_ariane/i_cva6/issue_stage_i/i_issue_read_operands/operand_d_q_reg[30]/D (clocked by clk_out1_xlnx_clk_gen). Large setup violations at the end of those stages might be difficult to fix during the post-placement implementation flow and could be the result of non-optimal XDC constraints or non-optimal design architecture
Related violations: <none>

TIMING-16#176 Warning
Large setup violation  
There is a large setup violation of -2.531 ns between i_ariane/i_cva6/issue_stage_i/i_issue_read_operands/cvxif_valid_q_reg/C (clocked by clk_out1_xlnx_clk_gen) and i_ariane/i_cva6/issue_stage_i/i_issue_read_operands/operand_a_q_reg[17]/D (clocked by clk_out1_xlnx_clk_gen). Large setup violations at the end of those stages might be difficult to fix during the post-placement implementation flow and could be the result of non-optimal XDC constraints or non-optimal design architecture
Related violations: <none>

TIMING-16#177 Warning
Large setup violation  
There is a large setup violation of -2.531 ns between i_ariane/i_cva6/issue_stage_i/i_issue_read_operands/cvxif_valid_q_reg/C (clocked by clk_out1_xlnx_clk_gen) and i_ariane/i_cva6/issue_stage_i/i_issue_read_operands/operand_a_q_reg[31]/D (clocked by clk_out1_xlnx_clk_gen). Large setup violations at the end of those stages might be difficult to fix during the post-placement implementation flow and could be the result of non-optimal XDC constraints or non-optimal design architecture
Related violations: <none>

TIMING-16#178 Warning
Large setup violation  
There is a large setup violation of -2.534 ns between i_ariane/i_cva6/issue_stage_i/i_issue_read_operands/cvxif_valid_q_reg/C (clocked by clk_out1_xlnx_clk_gen) and i_ariane/i_cva6/issue_stage_i/i_issue_read_operands/operand_f_q_reg[30]/D (clocked by clk_out1_xlnx_clk_gen). Large setup violations at the end of those stages might be difficult to fix during the post-placement implementation flow and could be the result of non-optimal XDC constraints or non-optimal design architecture
Related violations: <none>

TIMING-16#179 Warning
Large setup violation  
There is a large setup violation of -2.545 ns between i_ariane/i_cva6/issue_stage_i/i_issue_read_operands/cvxif_valid_q_reg/C (clocked by clk_out1_xlnx_clk_gen) and i_ariane/i_cva6/issue_stage_i/i_issue_read_operands/operand_a_q_reg[6]/D (clocked by clk_out1_xlnx_clk_gen). Large setup violations at the end of those stages might be difficult to fix during the post-placement implementation flow and could be the result of non-optimal XDC constraints or non-optimal design architecture
Related violations: <none>

TIMING-16#180 Warning
Large setup violation  
There is a large setup violation of -2.554 ns between i_ariane/i_cva6/issue_stage_i/i_issue_read_operands/cvxif_valid_q_reg/C (clocked by clk_out1_xlnx_clk_gen) and i_ariane/i_cva6/issue_stage_i/i_issue_read_operands/operand_d_q_reg[22]/D (clocked by clk_out1_xlnx_clk_gen). Large setup violations at the end of those stages might be difficult to fix during the post-placement implementation flow and could be the result of non-optimal XDC constraints or non-optimal design architecture
Related violations: <none>

TIMING-16#181 Warning
Large setup violation  
There is a large setup violation of -2.556 ns between i_ariane/i_cva6/issue_stage_i/i_issue_read_operands/cvxif_valid_q_reg/C (clocked by clk_out1_xlnx_clk_gen) and i_ariane/i_cva6/issue_stage_i/i_issue_read_operands/operand_f_q_reg[6]/D (clocked by clk_out1_xlnx_clk_gen). Large setup violations at the end of those stages might be difficult to fix during the post-placement implementation flow and could be the result of non-optimal XDC constraints or non-optimal design architecture
Related violations: <none>

TIMING-16#182 Warning
Large setup violation  
There is a large setup violation of -2.569 ns between i_ariane/i_cva6/issue_stage_i/i_issue_read_operands/cvxif_valid_q_reg/C (clocked by clk_out1_xlnx_clk_gen) and i_ariane/i_cva6/ex_stage_i/vaddr_to_be_flushed_reg[4]/D (clocked by clk_out1_xlnx_clk_gen). Large setup violations at the end of those stages might be difficult to fix during the post-placement implementation flow and could be the result of non-optimal XDC constraints or non-optimal design architecture
Related violations: <none>

TIMING-16#183 Warning
Large setup violation  
There is a large setup violation of -2.569 ns between i_ariane/i_cva6/issue_stage_i/i_issue_read_operands/cvxif_valid_q_reg/C (clocked by clk_out1_xlnx_clk_gen) and i_ariane/i_cva6/issue_stage_i/i_issue_read_operands/operand_e_q_reg[19]/D (clocked by clk_out1_xlnx_clk_gen). Large setup violations at the end of those stages might be difficult to fix during the post-placement implementation flow and could be the result of non-optimal XDC constraints or non-optimal design architecture
Related violations: <none>

TIMING-16#184 Warning
Large setup violation  
There is a large setup violation of -2.573 ns between i_ariane/i_cva6/issue_stage_i/i_issue_read_operands/cvxif_valid_q_reg/C (clocked by clk_out1_xlnx_clk_gen) and i_ariane/i_cva6/issue_stage_i/i_issue_read_operands/operand_g_q_reg[0]/D (clocked by clk_out1_xlnx_clk_gen). Large setup violations at the end of those stages might be difficult to fix during the post-placement implementation flow and could be the result of non-optimal XDC constraints or non-optimal design architecture
Related violations: <none>

TIMING-16#185 Warning
Large setup violation  
There is a large setup violation of -2.573 ns between i_ariane/i_cva6/issue_stage_i/i_issue_read_operands/cvxif_valid_q_reg/C (clocked by clk_out1_xlnx_clk_gen) and i_ariane/i_cva6/issue_stage_i/i_issue_read_operands/operand_g_q_reg[3]/D (clocked by clk_out1_xlnx_clk_gen). Large setup violations at the end of those stages might be difficult to fix during the post-placement implementation flow and could be the result of non-optimal XDC constraints or non-optimal design architecture
Related violations: <none>

TIMING-16#186 Warning
Large setup violation  
There is a large setup violation of -2.579 ns between i_ariane/i_cva6/issue_stage_i/i_issue_read_operands/cvxif_valid_q_reg/C (clocked by clk_out1_xlnx_clk_gen) and i_ariane/i_cva6/issue_stage_i/i_issue_read_operands/operand_a_q_reg[27]/D (clocked by clk_out1_xlnx_clk_gen). Large setup violations at the end of those stages might be difficult to fix during the post-placement implementation flow and could be the result of non-optimal XDC constraints or non-optimal design architecture
Related violations: <none>

TIMING-16#187 Warning
Large setup violation  
There is a large setup violation of -2.579 ns between i_ariane/i_cva6/issue_stage_i/i_issue_read_operands/cvxif_valid_q_reg/C (clocked by clk_out1_xlnx_clk_gen) and i_ariane/i_cva6/issue_stage_i/i_issue_read_operands/operand_i_q_reg[4]/D (clocked by clk_out1_xlnx_clk_gen). Large setup violations at the end of those stages might be difficult to fix during the post-placement implementation flow and could be the result of non-optimal XDC constraints or non-optimal design architecture
Related violations: <none>

TIMING-16#188 Warning
Large setup violation  
There is a large setup violation of -2.582 ns between i_ariane/i_cva6/issue_stage_i/i_issue_read_operands/cvxif_valid_q_reg/C (clocked by clk_out1_xlnx_clk_gen) and i_ariane/i_cva6/issue_stage_i/i_scoreboard/mem_q_reg[0][sbe][result][3]/D (clocked by clk_out1_xlnx_clk_gen). Large setup violations at the end of those stages might be difficult to fix during the post-placement implementation flow and could be the result of non-optimal XDC constraints or non-optimal design architecture
Related violations: <none>

TIMING-16#189 Warning
Large setup violation  
There is a large setup violation of -2.587 ns between i_ariane/i_cva6/issue_stage_i/i_issue_read_operands/cvxif_valid_q_reg/C (clocked by clk_out1_xlnx_clk_gen) and i_ariane/i_cva6/issue_stage_i/i_scoreboard/mem_q_reg[1][sbe][result][3]/D (clocked by clk_out1_xlnx_clk_gen). Large setup violations at the end of those stages might be difficult to fix during the post-placement implementation flow and could be the result of non-optimal XDC constraints or non-optimal design architecture
Related violations: <none>

TIMING-16#190 Warning
Large setup violation  
There is a large setup violation of -2.589 ns between i_ariane/i_cva6/issue_stage_i/i_issue_read_operands/cvxif_valid_q_reg/C (clocked by clk_out1_xlnx_clk_gen) and i_ariane/i_cva6/issue_stage_i/i_issue_read_operands/operand_d_q_reg[6]/D (clocked by clk_out1_xlnx_clk_gen). Large setup violations at the end of those stages might be difficult to fix during the post-placement implementation flow and could be the result of non-optimal XDC constraints or non-optimal design architecture
Related violations: <none>

TIMING-16#191 Warning
Large setup violation  
There is a large setup violation of -2.592 ns between i_ariane/i_cva6/issue_stage_i/i_issue_read_operands/cvxif_valid_q_reg/C (clocked by clk_out1_xlnx_clk_gen) and i_ariane/i_cva6/ex_stage_i/vaddr_to_be_flushed_reg[29]/D (clocked by clk_out1_xlnx_clk_gen). Large setup violations at the end of those stages might be difficult to fix during the post-placement implementation flow and could be the result of non-optimal XDC constraints or non-optimal design architecture
Related violations: <none>

TIMING-16#192 Warning
Large setup violation  
There is a large setup violation of -2.597 ns between i_ariane/i_cva6/issue_stage_i/i_issue_read_operands/cvxif_valid_q_reg/C (clocked by clk_out1_xlnx_clk_gen) and i_ariane/i_cva6/issue_stage_i/i_issue_read_operands/operand_b_q_reg[17]/D (clocked by clk_out1_xlnx_clk_gen). Large setup violations at the end of those stages might be difficult to fix during the post-placement implementation flow and could be the result of non-optimal XDC constraints or non-optimal design architecture
Related violations: <none>

TIMING-16#193 Warning
Large setup violation  
There is a large setup violation of -2.607 ns between i_ariane/i_cva6/issue_stage_i/i_issue_read_operands/cvxif_valid_q_reg/C (clocked by clk_out1_xlnx_clk_gen) and i_ariane/i_cva6/issue_stage_i/i_issue_read_operands/operand_g_q_reg[31]/D (clocked by clk_out1_xlnx_clk_gen). Large setup violations at the end of those stages might be difficult to fix during the post-placement implementation flow and could be the result of non-optimal XDC constraints or non-optimal design architecture
Related violations: <none>

TIMING-16#194 Warning
Large setup violation  
There is a large setup violation of -2.623 ns between i_ariane/i_cva6/issue_stage_i/i_issue_read_operands/cvxif_valid_q_reg/C (clocked by clk_out1_xlnx_clk_gen) and i_ariane/i_cva6/issue_stage_i/i_issue_read_operands/operand_g_q_reg[26]/D (clocked by clk_out1_xlnx_clk_gen). Large setup violations at the end of those stages might be difficult to fix during the post-placement implementation flow and could be the result of non-optimal XDC constraints or non-optimal design architecture
Related violations: <none>

TIMING-16#195 Warning
Large setup violation  
There is a large setup violation of -2.624 ns between i_ariane/i_cva6/issue_stage_i/i_issue_read_operands/cvxif_valid_q_reg/C (clocked by clk_out1_xlnx_clk_gen) and i_ariane/i_cva6/issue_stage_i/i_issue_read_operands/operand_a_q_reg[21]/D (clocked by clk_out1_xlnx_clk_gen). Large setup violations at the end of those stages might be difficult to fix during the post-placement implementation flow and could be the result of non-optimal XDC constraints or non-optimal design architecture
Related violations: <none>

TIMING-16#196 Warning
Large setup violation  
There is a large setup violation of -2.641 ns between i_ariane/i_cva6/issue_stage_i/i_issue_read_operands/cvxif_valid_q_reg/C (clocked by clk_out1_xlnx_clk_gen) and i_ariane/i_cva6/ex_stage_i/vaddr_to_be_flushed_reg[31]/D (clocked by clk_out1_xlnx_clk_gen). Large setup violations at the end of those stages might be difficult to fix during the post-placement implementation flow and could be the result of non-optimal XDC constraints or non-optimal design architecture
Related violations: <none>

TIMING-16#197 Warning
Large setup violation  
There is a large setup violation of -2.648 ns between i_ariane/i_cva6/issue_stage_i/i_issue_read_operands/cvxif_valid_q_reg/C (clocked by clk_out1_xlnx_clk_gen) and i_ariane/i_cva6/issue_stage_i/i_issue_read_operands/operand_i_q_reg[23]/D (clocked by clk_out1_xlnx_clk_gen). Large setup violations at the end of those stages might be difficult to fix during the post-placement implementation flow and could be the result of non-optimal XDC constraints or non-optimal design architecture
Related violations: <none>

TIMING-16#198 Warning
Large setup violation  
There is a large setup violation of -2.652 ns between i_ariane/i_cva6/issue_stage_i/i_issue_read_operands/cvxif_valid_q_reg/C (clocked by clk_out1_xlnx_clk_gen) and i_ariane/i_cva6/issue_stage_i/i_issue_read_operands/operand_e_q_reg[30]/D (clocked by clk_out1_xlnx_clk_gen). Large setup violations at the end of those stages might be difficult to fix during the post-placement implementation flow and could be the result of non-optimal XDC constraints or non-optimal design architecture
Related violations: <none>

TIMING-16#199 Warning
Large setup violation  
There is a large setup violation of -2.653 ns between i_ariane/i_cva6/issue_stage_i/i_issue_read_operands/cvxif_valid_q_reg/C (clocked by clk_out1_xlnx_clk_gen) and i_ariane/i_cva6/issue_stage_i/i_issue_read_operands/operand_d_q_reg[4]/D (clocked by clk_out1_xlnx_clk_gen). Large setup violations at the end of those stages might be difficult to fix during the post-placement implementation flow and could be the result of non-optimal XDC constraints or non-optimal design architecture
Related violations: <none>

TIMING-16#200 Warning
Large setup violation  
There is a large setup violation of -2.655 ns between i_ariane/i_cva6/issue_stage_i/i_issue_read_operands/cvxif_valid_q_reg/C (clocked by clk_out1_xlnx_clk_gen) and i_ariane/i_cva6/issue_stage_i/i_issue_read_operands/operand_f_q_reg[26]/D (clocked by clk_out1_xlnx_clk_gen). Large setup violations at the end of those stages might be difficult to fix during the post-placement implementation flow and could be the result of non-optimal XDC constraints or non-optimal design architecture
Related violations: <none>

TIMING-16#201 Warning
Large setup violation  
There is a large setup violation of -2.657 ns between i_ariane/i_cva6/issue_stage_i/i_issue_read_operands/cvxif_valid_q_reg/C (clocked by clk_out1_xlnx_clk_gen) and i_ariane/i_cva6/issue_stage_i/i_issue_read_operands/operand_a_q_reg[25]/D (clocked by clk_out1_xlnx_clk_gen). Large setup violations at the end of those stages might be difficult to fix during the post-placement implementation flow and could be the result of non-optimal XDC constraints or non-optimal design architecture
Related violations: <none>

TIMING-16#202 Warning
Large setup violation  
There is a large setup violation of -2.659 ns between i_ariane/i_cva6/issue_stage_i/i_issue_read_operands/cvxif_valid_q_reg/C (clocked by clk_out1_xlnx_clk_gen) and i_ariane/i_cva6/issue_stage_i/i_issue_read_operands/operand_e_q_reg[4]/D (clocked by clk_out1_xlnx_clk_gen). Large setup violations at the end of those stages might be difficult to fix during the post-placement implementation flow and could be the result of non-optimal XDC constraints or non-optimal design architecture
Related violations: <none>

TIMING-16#203 Warning
Large setup violation  
There is a large setup violation of -2.660 ns between i_ariane/i_cva6/issue_stage_i/i_issue_read_operands/cvxif_valid_q_reg/C (clocked by clk_out1_xlnx_clk_gen) and i_ariane/i_cva6/issue_stage_i/i_issue_read_operands/operand_e_q_reg[31]/D (clocked by clk_out1_xlnx_clk_gen). Large setup violations at the end of those stages might be difficult to fix during the post-placement implementation flow and could be the result of non-optimal XDC constraints or non-optimal design architecture
Related violations: <none>

TIMING-16#204 Warning
Large setup violation  
There is a large setup violation of -2.663 ns between i_ariane/i_cva6/issue_stage_i/i_issue_read_operands/cvxif_valid_q_reg/C (clocked by clk_out1_xlnx_clk_gen) and i_ariane/i_cva6/issue_stage_i/i_issue_read_operands/operand_d_q_reg[23]/D (clocked by clk_out1_xlnx_clk_gen). Large setup violations at the end of those stages might be difficult to fix during the post-placement implementation flow and could be the result of non-optimal XDC constraints or non-optimal design architecture
Related violations: <none>

TIMING-16#205 Warning
Large setup violation  
There is a large setup violation of -2.673 ns between i_ariane/i_cva6/issue_stage_i/i_issue_read_operands/cvxif_valid_q_reg/C (clocked by clk_out1_xlnx_clk_gen) and i_ariane/i_cva6/issue_stage_i/i_issue_read_operands/operand_h_q_reg[23]/D (clocked by clk_out1_xlnx_clk_gen). Large setup violations at the end of those stages might be difficult to fix during the post-placement implementation flow and could be the result of non-optimal XDC constraints or non-optimal design architecture
Related violations: <none>

TIMING-16#206 Warning
Large setup violation  
There is a large setup violation of -2.674 ns between i_ariane/i_cva6/issue_stage_i/i_issue_read_operands/cvxif_valid_q_reg/C (clocked by clk_out1_xlnx_clk_gen) and i_ariane/i_cva6/issue_stage_i/i_issue_read_operands/operand_a_q_reg[29]/D (clocked by clk_out1_xlnx_clk_gen). Large setup violations at the end of those stages might be difficult to fix during the post-placement implementation flow and could be the result of non-optimal XDC constraints or non-optimal design architecture
Related violations: <none>

TIMING-16#207 Warning
Large setup violation  
There is a large setup violation of -2.675 ns between i_ariane/i_cva6/issue_stage_i/i_issue_read_operands/cvxif_valid_q_reg/C (clocked by clk_out1_xlnx_clk_gen) and i_ariane/i_cva6/issue_stage_i/i_issue_read_operands/operand_b_q_reg[19]/D (clocked by clk_out1_xlnx_clk_gen). Large setup violations at the end of those stages might be difficult to fix during the post-placement implementation flow and could be the result of non-optimal XDC constraints or non-optimal design architecture
Related violations: <none>

TIMING-16#208 Warning
Large setup violation  
There is a large setup violation of -2.677 ns between i_ariane/i_cva6/issue_stage_i/i_issue_read_operands/cvxif_valid_q_reg/C (clocked by clk_out1_xlnx_clk_gen) and i_ariane/i_cva6/ex_stage_i/vaddr_to_be_flushed_reg[6]/D (clocked by clk_out1_xlnx_clk_gen). Large setup violations at the end of those stages might be difficult to fix during the post-placement implementation flow and could be the result of non-optimal XDC constraints or non-optimal design architecture
Related violations: <none>

TIMING-16#209 Warning
Large setup violation  
There is a large setup violation of -2.681 ns between i_ariane/i_cva6/issue_stage_i/i_issue_read_operands/cvxif_valid_q_reg/C (clocked by clk_out1_xlnx_clk_gen) and i_ariane/i_cva6/issue_stage_i/i_issue_read_operands/operand_g_q_reg[23]/D (clocked by clk_out1_xlnx_clk_gen). Large setup violations at the end of those stages might be difficult to fix during the post-placement implementation flow and could be the result of non-optimal XDC constraints or non-optimal design architecture
Related violations: <none>

TIMING-16#210 Warning
Large setup violation  
There is a large setup violation of -2.687 ns between i_ariane/i_cva6/issue_stage_i/i_issue_read_operands/cvxif_valid_q_reg/C (clocked by clk_out1_xlnx_clk_gen) and i_ariane/i_cva6/issue_stage_i/i_issue_read_operands/operand_e_q_reg[27]/D (clocked by clk_out1_xlnx_clk_gen). Large setup violations at the end of those stages might be difficult to fix during the post-placement implementation flow and could be the result of non-optimal XDC constraints or non-optimal design architecture
Related violations: <none>

TIMING-16#211 Warning
Large setup violation  
There is a large setup violation of -2.704 ns between i_ariane/i_cva6/issue_stage_i/i_issue_read_operands/cvxif_valid_q_reg/C (clocked by clk_out1_xlnx_clk_gen) and i_ariane/i_cva6/issue_stage_i/i_issue_read_operands/operand_i_q_reg[31]/D (clocked by clk_out1_xlnx_clk_gen). Large setup violations at the end of those stages might be difficult to fix during the post-placement implementation flow and could be the result of non-optimal XDC constraints or non-optimal design architecture
Related violations: <none>

TIMING-16#212 Warning
Large setup violation  
There is a large setup violation of -2.710 ns between i_ariane/i_cva6/issue_stage_i/i_issue_read_operands/cvxif_valid_q_reg/C (clocked by clk_out1_xlnx_clk_gen) and i_ariane/i_cva6/issue_stage_i/i_issue_read_operands/operand_b_q_reg[30]/D (clocked by clk_out1_xlnx_clk_gen). Large setup violations at the end of those stages might be difficult to fix during the post-placement implementation flow and could be the result of non-optimal XDC constraints or non-optimal design architecture
Related violations: <none>

TIMING-16#213 Warning
Large setup violation  
There is a large setup violation of -2.712 ns between i_ariane/i_cva6/issue_stage_i/i_issue_read_operands/cvxif_valid_q_reg/C (clocked by clk_out1_xlnx_clk_gen) and i_ariane/i_cva6/issue_stage_i/i_issue_read_operands/operand_g_q_reg[27]/D (clocked by clk_out1_xlnx_clk_gen). Large setup violations at the end of those stages might be difficult to fix during the post-placement implementation flow and could be the result of non-optimal XDC constraints or non-optimal design architecture
Related violations: <none>

TIMING-16#214 Warning
Large setup violation  
There is a large setup violation of -2.724 ns between i_ariane/i_cva6/issue_stage_i/i_issue_read_operands/cvxif_valid_q_reg/C (clocked by clk_out1_xlnx_clk_gen) and i_ariane/i_cva6/issue_stage_i/i_issue_read_operands/operand_d_q_reg[27]/D (clocked by clk_out1_xlnx_clk_gen). Large setup violations at the end of those stages might be difficult to fix during the post-placement implementation flow and could be the result of non-optimal XDC constraints or non-optimal design architecture
Related violations: <none>

TIMING-16#215 Warning
Large setup violation  
There is a large setup violation of -2.725 ns between i_ariane/i_cva6/issue_stage_i/i_issue_read_operands/cvxif_valid_q_reg/C (clocked by clk_out1_xlnx_clk_gen) and i_ariane/i_cva6/issue_stage_i/i_issue_read_operands/operand_b_q_reg[26]/D (clocked by clk_out1_xlnx_clk_gen). Large setup violations at the end of those stages might be difficult to fix during the post-placement implementation flow and could be the result of non-optimal XDC constraints or non-optimal design architecture
Related violations: <none>

TIMING-16#216 Warning
Large setup violation  
There is a large setup violation of -2.765 ns between i_ariane/i_cva6/issue_stage_i/i_issue_read_operands/cvxif_valid_q_reg/C (clocked by clk_out1_xlnx_clk_gen) and i_ariane/i_cva6/issue_stage_i/i_issue_read_operands/operand_h_q_reg[31]/D (clocked by clk_out1_xlnx_clk_gen). Large setup violations at the end of those stages might be difficult to fix during the post-placement implementation flow and could be the result of non-optimal XDC constraints or non-optimal design architecture
Related violations: <none>

TIMING-16#217 Warning
Large setup violation  
There is a large setup violation of -2.766 ns between i_ariane/i_cva6/issue_stage_i/i_issue_read_operands/cvxif_valid_q_reg/C (clocked by clk_out1_xlnx_clk_gen) and i_ariane/i_cva6/issue_stage_i/i_issue_read_operands/operand_h_q_reg[3]/D (clocked by clk_out1_xlnx_clk_gen). Large setup violations at the end of those stages might be difficult to fix during the post-placement implementation flow and could be the result of non-optimal XDC constraints or non-optimal design architecture
Related violations: <none>

TIMING-16#218 Warning
Large setup violation  
There is a large setup violation of -2.774 ns between i_ariane/i_cva6/issue_stage_i/i_issue_read_operands/cvxif_valid_q_reg/C (clocked by clk_out1_xlnx_clk_gen) and i_ariane/i_cva6/ex_stage_i/vaddr_to_be_flushed_reg[25]/D (clocked by clk_out1_xlnx_clk_gen). Large setup violations at the end of those stages might be difficult to fix during the post-placement implementation flow and could be the result of non-optimal XDC constraints or non-optimal design architecture
Related violations: <none>

TIMING-16#219 Warning
Large setup violation  
There is a large setup violation of -2.786 ns between i_ariane/i_cva6/issue_stage_i/i_issue_read_operands/cvxif_valid_q_reg/C (clocked by clk_out1_xlnx_clk_gen) and i_ariane/i_cva6/issue_stage_i/i_issue_read_operands/operand_e_q_reg[5]/D (clocked by clk_out1_xlnx_clk_gen). Large setup violations at the end of those stages might be difficult to fix during the post-placement implementation flow and could be the result of non-optimal XDC constraints or non-optimal design architecture
Related violations: <none>

TIMING-16#220 Warning
Large setup violation  
There is a large setup violation of -2.798 ns between i_ariane/i_cva6/issue_stage_i/i_issue_read_operands/cvxif_valid_q_reg/C (clocked by clk_out1_xlnx_clk_gen) and i_ariane/i_cva6/issue_stage_i/i_issue_read_operands/operand_b_q_reg[6]/D (clocked by clk_out1_xlnx_clk_gen). Large setup violations at the end of those stages might be difficult to fix during the post-placement implementation flow and could be the result of non-optimal XDC constraints or non-optimal design architecture
Related violations: <none>

TIMING-16#221 Warning
Large setup violation  
There is a large setup violation of -2.806 ns between i_ariane/i_cva6/issue_stage_i/i_issue_read_operands/cvxif_valid_q_reg/C (clocked by clk_out1_xlnx_clk_gen) and i_ariane/i_cva6/issue_stage_i/i_issue_read_operands/operand_g_q_reg[4]/D (clocked by clk_out1_xlnx_clk_gen). Large setup violations at the end of those stages might be difficult to fix during the post-placement implementation flow and could be the result of non-optimal XDC constraints or non-optimal design architecture
Related violations: <none>

TIMING-16#222 Warning
Large setup violation  
There is a large setup violation of -2.812 ns between i_ariane/i_cva6/issue_stage_i/i_issue_read_operands/cvxif_valid_q_reg/C (clocked by clk_out1_xlnx_clk_gen) and i_ariane/i_cva6/issue_stage_i/i_issue_read_operands/operand_e_q_reg[26]/D (clocked by clk_out1_xlnx_clk_gen). Large setup violations at the end of those stages might be difficult to fix during the post-placement implementation flow and could be the result of non-optimal XDC constraints or non-optimal design architecture
Related violations: <none>

TIMING-16#223 Warning
Large setup violation  
There is a large setup violation of -2.814 ns between i_ariane/i_cva6/issue_stage_i/i_issue_read_operands/cvxif_valid_q_reg/C (clocked by clk_out1_xlnx_clk_gen) and i_ariane/i_cva6/issue_stage_i/i_issue_read_operands/operand_i_q_reg[26]/D (clocked by clk_out1_xlnx_clk_gen). Large setup violations at the end of those stages might be difficult to fix during the post-placement implementation flow and could be the result of non-optimal XDC constraints or non-optimal design architecture
Related violations: <none>

TIMING-16#224 Warning
Large setup violation  
There is a large setup violation of -2.816 ns between i_ariane/i_cva6/issue_stage_i/i_issue_read_operands/cvxif_valid_q_reg/C (clocked by clk_out1_xlnx_clk_gen) and i_ariane/i_cva6/issue_stage_i/i_issue_read_operands/operand_e_q_reg[6]/D (clocked by clk_out1_xlnx_clk_gen). Large setup violations at the end of those stages might be difficult to fix during the post-placement implementation flow and could be the result of non-optimal XDC constraints or non-optimal design architecture
Related violations: <none>

TIMING-16#225 Warning
Large setup violation  
There is a large setup violation of -2.827 ns between i_ariane/i_cva6/issue_stage_i/i_issue_read_operands/cvxif_valid_q_reg/C (clocked by clk_out1_xlnx_clk_gen) and i_ariane/i_cva6/issue_stage_i/i_issue_read_operands/operand_i_q_reg[7]/D (clocked by clk_out1_xlnx_clk_gen). Large setup violations at the end of those stages might be difficult to fix during the post-placement implementation flow and could be the result of non-optimal XDC constraints or non-optimal design architecture
Related violations: <none>

TIMING-16#226 Warning
Large setup violation  
There is a large setup violation of -2.837 ns between i_ariane/i_cva6/issue_stage_i/i_issue_read_operands/cvxif_valid_q_reg/C (clocked by clk_out1_xlnx_clk_gen) and i_ariane/i_cva6/issue_stage_i/i_issue_read_operands/operand_b_q_reg[22]/D (clocked by clk_out1_xlnx_clk_gen). Large setup violations at the end of those stages might be difficult to fix during the post-placement implementation flow and could be the result of non-optimal XDC constraints or non-optimal design architecture
Related violations: <none>

TIMING-16#227 Warning
Large setup violation  
There is a large setup violation of -2.856 ns between i_ariane/i_cva6/issue_stage_i/i_issue_read_operands/cvxif_valid_q_reg/C (clocked by clk_out1_xlnx_clk_gen) and i_ariane/i_cva6/issue_stage_i/i_issue_read_operands/operand_f_q_reg[31]/D (clocked by clk_out1_xlnx_clk_gen). Large setup violations at the end of those stages might be difficult to fix during the post-placement implementation flow and could be the result of non-optimal XDC constraints or non-optimal design architecture
Related violations: <none>

TIMING-16#228 Warning
Large setup violation  
There is a large setup violation of -2.858 ns between i_ariane/i_cva6/issue_stage_i/i_issue_read_operands/cvxif_valid_q_reg/C (clocked by clk_out1_xlnx_clk_gen) and i_ariane/i_cva6/issue_stage_i/i_issue_read_operands/operand_f_q_reg[0]/D (clocked by clk_out1_xlnx_clk_gen). Large setup violations at the end of those stages might be difficult to fix during the post-placement implementation flow and could be the result of non-optimal XDC constraints or non-optimal design architecture
Related violations: <none>

TIMING-16#229 Warning
Large setup violation  
There is a large setup violation of -2.868 ns between i_ariane/i_cva6/issue_stage_i/i_issue_read_operands/cvxif_valid_q_reg/C (clocked by clk_out1_xlnx_clk_gen) and i_ariane/i_cva6/issue_stage_i/i_scoreboard/mem_q_reg[3][sbe][result][6]/D (clocked by clk_out1_xlnx_clk_gen). Large setup violations at the end of those stages might be difficult to fix during the post-placement implementation flow and could be the result of non-optimal XDC constraints or non-optimal design architecture
Related violations: <none>

TIMING-16#230 Warning
Large setup violation  
There is a large setup violation of -2.872 ns between i_ariane/i_cva6/issue_stage_i/i_issue_read_operands/cvxif_valid_q_reg/C (clocked by clk_out1_xlnx_clk_gen) and i_ariane/i_cva6/issue_stage_i/i_issue_read_operands/operand_b_q_reg[1]/D (clocked by clk_out1_xlnx_clk_gen). Large setup violations at the end of those stages might be difficult to fix during the post-placement implementation flow and could be the result of non-optimal XDC constraints or non-optimal design architecture
Related violations: <none>

TIMING-16#231 Warning
Large setup violation  
There is a large setup violation of -2.877 ns between i_ariane/i_cva6/issue_stage_i/i_issue_read_operands/cvxif_valid_q_reg/C (clocked by clk_out1_xlnx_clk_gen) and i_ariane/i_cva6/issue_stage_i/i_issue_read_operands/operand_d_q_reg[31]/D (clocked by clk_out1_xlnx_clk_gen). Large setup violations at the end of those stages might be difficult to fix during the post-placement implementation flow and could be the result of non-optimal XDC constraints or non-optimal design architecture
Related violations: <none>

TIMING-16#232 Warning
Large setup violation  
There is a large setup violation of -2.896 ns between i_ariane/i_cva6/issue_stage_i/i_issue_read_operands/cvxif_valid_q_reg/C (clocked by clk_out1_xlnx_clk_gen) and i_ariane/i_cva6/ex_stage_i/vaddr_to_be_flushed_reg[5]/D (clocked by clk_out1_xlnx_clk_gen). Large setup violations at the end of those stages might be difficult to fix during the post-placement implementation flow and could be the result of non-optimal XDC constraints or non-optimal design architecture
Related violations: <none>

TIMING-16#233 Warning
Large setup violation  
There is a large setup violation of -2.911 ns between i_ariane/i_cva6/issue_stage_i/i_issue_read_operands/cvxif_valid_q_reg/C (clocked by clk_out1_xlnx_clk_gen) and i_ariane/i_cva6/ex_stage_i/vaddr_to_be_flushed_reg[3]/D (clocked by clk_out1_xlnx_clk_gen). Large setup violations at the end of those stages might be difficult to fix during the post-placement implementation flow and could be the result of non-optimal XDC constraints or non-optimal design architecture
Related violations: <none>

TIMING-16#234 Warning
Large setup violation  
There is a large setup violation of -2.913 ns between i_ariane/i_cva6/issue_stage_i/i_issue_read_operands/cvxif_valid_q_reg/C (clocked by clk_out1_xlnx_clk_gen) and i_ariane/i_cva6/issue_stage_i/i_issue_read_operands/operand_e_q_reg[3]/D (clocked by clk_out1_xlnx_clk_gen). Large setup violations at the end of those stages might be difficult to fix during the post-placement implementation flow and could be the result of non-optimal XDC constraints or non-optimal design architecture
Related violations: <none>

TIMING-16#235 Warning
Large setup violation  
There is a large setup violation of -2.915 ns between i_ariane/i_cva6/issue_stage_i/i_issue_read_operands/cvxif_valid_q_reg/C (clocked by clk_out1_xlnx_clk_gen) and i_ariane/i_cva6/issue_stage_i/i_issue_read_operands/operand_h_q_reg[0]/D (clocked by clk_out1_xlnx_clk_gen). Large setup violations at the end of those stages might be difficult to fix during the post-placement implementation flow and could be the result of non-optimal XDC constraints or non-optimal design architecture
Related violations: <none>

TIMING-16#236 Warning
Large setup violation  
There is a large setup violation of -2.920 ns between i_ariane/i_cva6/issue_stage_i/i_issue_read_operands/cvxif_valid_q_reg/C (clocked by clk_out1_xlnx_clk_gen) and i_ariane/i_cva6/ex_stage_i/vaddr_to_be_flushed_reg[22]/D (clocked by clk_out1_xlnx_clk_gen). Large setup violations at the end of those stages might be difficult to fix during the post-placement implementation flow and could be the result of non-optimal XDC constraints or non-optimal design architecture
Related violations: <none>

TIMING-16#237 Warning
Large setup violation  
There is a large setup violation of -2.944 ns between i_ariane/i_cva6/issue_stage_i/i_issue_read_operands/cvxif_valid_q_reg/C (clocked by clk_out1_xlnx_clk_gen) and i_ariane/i_cva6/issue_stage_i/i_issue_read_operands/operand_a_q_reg[4]/D (clocked by clk_out1_xlnx_clk_gen). Large setup violations at the end of those stages might be difficult to fix during the post-placement implementation flow and could be the result of non-optimal XDC constraints or non-optimal design architecture
Related violations: <none>

TIMING-16#238 Warning
Large setup violation  
There is a large setup violation of -2.947 ns between i_ariane/i_cva6/issue_stage_i/i_issue_read_operands/cvxif_valid_q_reg/C (clocked by clk_out1_xlnx_clk_gen) and i_ariane/i_cva6/issue_stage_i/i_issue_read_operands/operand_b_q_reg[31]/D (clocked by clk_out1_xlnx_clk_gen). Large setup violations at the end of those stages might be difficult to fix during the post-placement implementation flow and could be the result of non-optimal XDC constraints or non-optimal design architecture
Related violations: <none>

TIMING-16#239 Warning
Large setup violation  
There is a large setup violation of -2.949 ns between i_ariane/i_cva6/issue_stage_i/i_issue_read_operands/cvxif_valid_q_reg/C (clocked by clk_out1_xlnx_clk_gen) and i_ariane/i_cva6/issue_stage_i/i_issue_read_operands/operand_e_q_reg[23]/D (clocked by clk_out1_xlnx_clk_gen). Large setup violations at the end of those stages might be difficult to fix during the post-placement implementation flow and could be the result of non-optimal XDC constraints or non-optimal design architecture
Related violations: <none>

TIMING-16#240 Warning
Large setup violation  
There is a large setup violation of -2.970 ns between i_ariane/i_cva6/issue_stage_i/i_issue_read_operands/cvxif_valid_q_reg/C (clocked by clk_out1_xlnx_clk_gen) and i_ariane/i_cva6/ex_stage_i/vaddr_to_be_flushed_reg[30]/D (clocked by clk_out1_xlnx_clk_gen). Large setup violations at the end of those stages might be difficult to fix during the post-placement implementation flow and could be the result of non-optimal XDC constraints or non-optimal design architecture
Related violations: <none>

TIMING-16#241 Warning
Large setup violation  
There is a large setup violation of -2.971 ns between i_ariane/i_cva6/issue_stage_i/i_issue_read_operands/cvxif_valid_q_reg/C (clocked by clk_out1_xlnx_clk_gen) and i_ariane/i_cva6/issue_stage_i/i_issue_read_operands/operand_f_q_reg[2]/D (clocked by clk_out1_xlnx_clk_gen). Large setup violations at the end of those stages might be difficult to fix during the post-placement implementation flow and could be the result of non-optimal XDC constraints or non-optimal design architecture
Related violations: <none>

TIMING-16#242 Warning
Large setup violation  
There is a large setup violation of -2.985 ns between i_ariane/i_cva6/issue_stage_i/i_issue_read_operands/cvxif_valid_q_reg/C (clocked by clk_out1_xlnx_clk_gen) and i_ariane/i_cva6/issue_stage_i/i_issue_read_operands/operand_i_q_reg[6]/D (clocked by clk_out1_xlnx_clk_gen). Large setup violations at the end of those stages might be difficult to fix during the post-placement implementation flow and could be the result of non-optimal XDC constraints or non-optimal design architecture
Related violations: <none>

TIMING-16#243 Warning
Large setup violation  
There is a large setup violation of -2.987 ns between i_ariane/i_cva6/issue_stage_i/i_issue_read_operands/cvxif_valid_q_reg/C (clocked by clk_out1_xlnx_clk_gen) and i_ariane/i_cva6/issue_stage_i/i_issue_read_operands/operand_g_q_reg[1]/D (clocked by clk_out1_xlnx_clk_gen). Large setup violations at the end of those stages might be difficult to fix during the post-placement implementation flow and could be the result of non-optimal XDC constraints or non-optimal design architecture
Related violations: <none>

TIMING-16#244 Warning
Large setup violation  
There is a large setup violation of -2.988 ns between i_ariane/i_cva6/issue_stage_i/i_issue_read_operands/cvxif_valid_q_reg/C (clocked by clk_out1_xlnx_clk_gen) and i_ariane/i_cva6/issue_stage_i/i_issue_read_operands/operand_i_q_reg[5]/D (clocked by clk_out1_xlnx_clk_gen). Large setup violations at the end of those stages might be difficult to fix during the post-placement implementation flow and could be the result of non-optimal XDC constraints or non-optimal design architecture
Related violations: <none>

TIMING-16#245 Warning
Large setup violation  
There is a large setup violation of -2.991 ns between i_ariane/i_cva6/issue_stage_i/i_issue_read_operands/cvxif_valid_q_reg/C (clocked by clk_out1_xlnx_clk_gen) and i_ariane/i_cva6/issue_stage_i/i_issue_read_operands/operand_h_q_reg[5]/D (clocked by clk_out1_xlnx_clk_gen). Large setup violations at the end of those stages might be difficult to fix during the post-placement implementation flow and could be the result of non-optimal XDC constraints or non-optimal design architecture
Related violations: <none>

TIMING-16#246 Warning
Large setup violation  
There is a large setup violation of -3.006 ns between i_ariane/i_cva6/issue_stage_i/i_issue_read_operands/cvxif_valid_q_reg/C (clocked by clk_out1_xlnx_clk_gen) and i_ariane/i_cva6/issue_stage_i/i_issue_read_operands/operand_g_q_reg[6]/D (clocked by clk_out1_xlnx_clk_gen). Large setup violations at the end of those stages might be difficult to fix during the post-placement implementation flow and could be the result of non-optimal XDC constraints or non-optimal design architecture
Related violations: <none>

TIMING-16#247 Warning
Large setup violation  
There is a large setup violation of -3.016 ns between i_ariane/i_cva6/issue_stage_i/i_issue_read_operands/cvxif_valid_q_reg/C (clocked by clk_out1_xlnx_clk_gen) and i_ariane/i_cva6/issue_stage_i/i_issue_read_operands/operand_i_q_reg[0]/D (clocked by clk_out1_xlnx_clk_gen). Large setup violations at the end of those stages might be difficult to fix during the post-placement implementation flow and could be the result of non-optimal XDC constraints or non-optimal design architecture
Related violations: <none>

TIMING-16#248 Warning
Large setup violation  
There is a large setup violation of -3.018 ns between i_ariane/i_cva6/issue_stage_i/i_issue_read_operands/cvxif_valid_q_reg/C (clocked by clk_out1_xlnx_clk_gen) and i_ariane/i_cva6/issue_stage_i/i_issue_read_operands/operand_f_q_reg[3]/D (clocked by clk_out1_xlnx_clk_gen). Large setup violations at the end of those stages might be difficult to fix during the post-placement implementation flow and could be the result of non-optimal XDC constraints or non-optimal design architecture
Related violations: <none>

TIMING-16#249 Warning
Large setup violation  
There is a large setup violation of -3.029 ns between i_ariane/i_cva6/issue_stage_i/i_issue_read_operands/cvxif_valid_q_reg/C (clocked by clk_out1_xlnx_clk_gen) and i_ariane/i_cva6/issue_stage_i/i_issue_read_operands/operand_a_q_reg[28]/D (clocked by clk_out1_xlnx_clk_gen). Large setup violations at the end of those stages might be difficult to fix during the post-placement implementation flow and could be the result of non-optimal XDC constraints or non-optimal design architecture
Related violations: <none>

TIMING-16#250 Warning
Large setup violation  
There is a large setup violation of -3.058 ns between i_ariane/i_cva6/issue_stage_i/i_issue_read_operands/cvxif_valid_q_reg/C (clocked by clk_out1_xlnx_clk_gen) and i_ariane/i_cva6/issue_stage_i/i_issue_read_operands/operand_a_q_reg[7]/D (clocked by clk_out1_xlnx_clk_gen). Large setup violations at the end of those stages might be difficult to fix during the post-placement implementation flow and could be the result of non-optimal XDC constraints or non-optimal design architecture
Related violations: <none>

TIMING-16#251 Warning
Large setup violation  
There is a large setup violation of -3.062 ns between i_ariane/i_cva6/issue_stage_i/i_issue_read_operands/cvxif_valid_q_reg/C (clocked by clk_out1_xlnx_clk_gen) and i_ariane/i_cva6/issue_stage_i/i_issue_read_operands/operand_b_q_reg[4]/D (clocked by clk_out1_xlnx_clk_gen). Large setup violations at the end of those stages might be difficult to fix during the post-placement implementation flow and could be the result of non-optimal XDC constraints or non-optimal design architecture
Related violations: <none>

TIMING-16#252 Warning
Large setup violation  
There is a large setup violation of -3.065 ns between i_ariane/i_cva6/issue_stage_i/i_issue_read_operands/cvxif_valid_q_reg/C (clocked by clk_out1_xlnx_clk_gen) and i_ariane/i_cva6/issue_stage_i/i_issue_read_operands/operand_f_q_reg[4]/D (clocked by clk_out1_xlnx_clk_gen). Large setup violations at the end of those stages might be difficult to fix during the post-placement implementation flow and could be the result of non-optimal XDC constraints or non-optimal design architecture
Related violations: <none>

TIMING-16#253 Warning
Large setup violation  
There is a large setup violation of -3.077 ns between i_ariane/i_cva6/issue_stage_i/i_issue_read_operands/cvxif_valid_q_reg/C (clocked by clk_out1_xlnx_clk_gen) and i_ariane/i_cva6/issue_stage_i/i_issue_read_operands/operand_b_q_reg[27]/D (clocked by clk_out1_xlnx_clk_gen). Large setup violations at the end of those stages might be difficult to fix during the post-placement implementation flow and could be the result of non-optimal XDC constraints or non-optimal design architecture
Related violations: <none>

TIMING-16#254 Warning
Large setup violation  
There is a large setup violation of -3.086 ns between i_ariane/i_cva6/issue_stage_i/i_issue_read_operands/cvxif_valid_q_reg/C (clocked by clk_out1_xlnx_clk_gen) and i_ariane/i_cva6/issue_stage_i/i_issue_read_operands/operand_b_q_reg[0]/D (clocked by clk_out1_xlnx_clk_gen). Large setup violations at the end of those stages might be difficult to fix during the post-placement implementation flow and could be the result of non-optimal XDC constraints or non-optimal design architecture
Related violations: <none>

TIMING-16#255 Warning
Large setup violation  
There is a large setup violation of -3.089 ns between i_ariane/i_cva6/issue_stage_i/i_issue_read_operands/cvxif_valid_q_reg/C (clocked by clk_out1_xlnx_clk_gen) and i_ariane/i_cva6/ex_stage_i/vaddr_to_be_flushed_reg[1]/D (clocked by clk_out1_xlnx_clk_gen). Large setup violations at the end of those stages might be difficult to fix during the post-placement implementation flow and could be the result of non-optimal XDC constraints or non-optimal design architecture
Related violations: <none>

TIMING-16#256 Warning
Large setup violation  
There is a large setup violation of -3.108 ns between i_ariane/i_cva6/issue_stage_i/i_issue_read_operands/cvxif_valid_q_reg/C (clocked by clk_out1_xlnx_clk_gen) and i_ariane/i_cva6/issue_stage_i/i_issue_read_operands/operand_h_q_reg[7]/D (clocked by clk_out1_xlnx_clk_gen). Large setup violations at the end of those stages might be difficult to fix during the post-placement implementation flow and could be the result of non-optimal XDC constraints or non-optimal design architecture
Related violations: <none>

TIMING-16#257 Warning
Large setup violation  
There is a large setup violation of -3.109 ns between i_ariane/i_cva6/issue_stage_i/i_issue_read_operands/cvxif_valid_q_reg/C (clocked by clk_out1_xlnx_clk_gen) and i_ariane/i_cva6/issue_stage_i/i_issue_read_operands/operand_i_q_reg[1]/D (clocked by clk_out1_xlnx_clk_gen). Large setup violations at the end of those stages might be difficult to fix during the post-placement implementation flow and could be the result of non-optimal XDC constraints or non-optimal design architecture
Related violations: <none>

TIMING-16#258 Warning
Large setup violation  
There is a large setup violation of -3.110 ns between i_ariane/i_cva6/issue_stage_i/i_issue_read_operands/cvxif_valid_q_reg/C (clocked by clk_out1_xlnx_clk_gen) and i_ariane/i_cva6/issue_stage_i/i_issue_read_operands/imm_q_reg[0]/D (clocked by clk_out1_xlnx_clk_gen). Large setup violations at the end of those stages might be difficult to fix during the post-placement implementation flow and could be the result of non-optimal XDC constraints or non-optimal design architecture
Related violations: <none>

TIMING-16#259 Warning
Large setup violation  
There is a large setup violation of -3.119 ns between i_ariane/i_cva6/issue_stage_i/i_issue_read_operands/cvxif_valid_q_reg/C (clocked by clk_out1_xlnx_clk_gen) and i_ariane/i_cva6/ex_stage_i/vaddr_to_be_flushed_reg[2]/D (clocked by clk_out1_xlnx_clk_gen). Large setup violations at the end of those stages might be difficult to fix during the post-placement implementation flow and could be the result of non-optimal XDC constraints or non-optimal design architecture
Related violations: <none>

TIMING-16#260 Warning
Large setup violation  
There is a large setup violation of -3.119 ns between i_ariane/i_cva6/issue_stage_i/i_issue_read_operands/cvxif_valid_q_reg/C (clocked by clk_out1_xlnx_clk_gen) and i_ariane/i_cva6/issue_stage_i/i_issue_read_operands/operand_a_q_reg[30]/D (clocked by clk_out1_xlnx_clk_gen). Large setup violations at the end of those stages might be difficult to fix during the post-placement implementation flow and could be the result of non-optimal XDC constraints or non-optimal design architecture
Related violations: <none>

TIMING-16#261 Warning
Large setup violation  
There is a large setup violation of -3.128 ns between i_ariane/i_cva6/issue_stage_i/i_issue_read_operands/cvxif_valid_q_reg/C (clocked by clk_out1_xlnx_clk_gen) and i_ariane/i_cva6/issue_stage_i/i_scoreboard/mem_q_reg[3][sbe][result][3]/D (clocked by clk_out1_xlnx_clk_gen). Large setup violations at the end of those stages might be difficult to fix during the post-placement implementation flow and could be the result of non-optimal XDC constraints or non-optimal design architecture
Related violations: <none>

TIMING-16#262 Warning
Large setup violation  
There is a large setup violation of -3.131 ns between i_ariane/i_cva6/issue_stage_i/i_issue_read_operands/cvxif_valid_q_reg/C (clocked by clk_out1_xlnx_clk_gen) and i_ariane/i_cva6/issue_stage_i/i_issue_read_operands/operand_e_q_reg[1]/D (clocked by clk_out1_xlnx_clk_gen). Large setup violations at the end of those stages might be difficult to fix during the post-placement implementation flow and could be the result of non-optimal XDC constraints or non-optimal design architecture
Related violations: <none>

TIMING-16#263 Warning
Large setup violation  
There is a large setup violation of -3.151 ns between i_ariane/i_cva6/issue_stage_i/i_issue_read_operands/cvxif_valid_q_reg/C (clocked by clk_out1_xlnx_clk_gen) and i_ariane/i_cva6/issue_stage_i/i_issue_read_operands/operand_h_q_reg[1]/D (clocked by clk_out1_xlnx_clk_gen). Large setup violations at the end of those stages might be difficult to fix during the post-placement implementation flow and could be the result of non-optimal XDC constraints or non-optimal design architecture
Related violations: <none>

TIMING-16#264 Warning
Large setup violation  
There is a large setup violation of -3.156 ns between i_ariane/i_cva6/issue_stage_i/i_issue_read_operands/cvxif_valid_q_reg/C (clocked by clk_out1_xlnx_clk_gen) and i_ariane/i_cva6/issue_stage_i/i_issue_read_operands/operand_d_q_reg[3]/D (clocked by clk_out1_xlnx_clk_gen). Large setup violations at the end of those stages might be difficult to fix during the post-placement implementation flow and could be the result of non-optimal XDC constraints or non-optimal design architecture
Related violations: <none>

TIMING-16#265 Warning
Large setup violation  
There is a large setup violation of -3.159 ns between i_ariane/i_cva6/issue_stage_i/i_issue_read_operands/cvxif_valid_q_reg/C (clocked by clk_out1_xlnx_clk_gen) and i_ariane/i_cva6/issue_stage_i/i_issue_read_operands/operand_b_q_reg[23]/D (clocked by clk_out1_xlnx_clk_gen). Large setup violations at the end of those stages might be difficult to fix during the post-placement implementation flow and could be the result of non-optimal XDC constraints or non-optimal design architecture
Related violations: <none>

TIMING-16#266 Warning
Large setup violation  
There is a large setup violation of -3.167 ns between i_ariane/i_cva6/issue_stage_i/i_issue_read_operands/cvxif_valid_q_reg/C (clocked by clk_out1_xlnx_clk_gen) and i_ariane/i_cva6/ex_stage_i/vaddr_to_be_flushed_reg[0]/D (clocked by clk_out1_xlnx_clk_gen). Large setup violations at the end of those stages might be difficult to fix during the post-placement implementation flow and could be the result of non-optimal XDC constraints or non-optimal design architecture
Related violations: <none>

TIMING-16#267 Warning
Large setup violation  
There is a large setup violation of -3.172 ns between i_ariane/i_cva6/issue_stage_i/i_issue_read_operands/cvxif_valid_q_reg/C (clocked by clk_out1_xlnx_clk_gen) and i_ariane/i_cva6/issue_stage_i/i_issue_read_operands/operand_i_q_reg[3]/D (clocked by clk_out1_xlnx_clk_gen). Large setup violations at the end of those stages might be difficult to fix during the post-placement implementation flow and could be the result of non-optimal XDC constraints or non-optimal design architecture
Related violations: <none>

TIMING-16#268 Warning
Large setup violation  
There is a large setup violation of -3.182 ns between i_ariane/i_cva6/issue_stage_i/i_issue_read_operands/cvxif_valid_q_reg/C (clocked by clk_out1_xlnx_clk_gen) and i_ariane/i_cva6/issue_stage_i/i_issue_read_operands/operand_a_q_reg[3]/D (clocked by clk_out1_xlnx_clk_gen). Large setup violations at the end of those stages might be difficult to fix during the post-placement implementation flow and could be the result of non-optimal XDC constraints or non-optimal design architecture
Related violations: <none>

TIMING-16#269 Warning
Large setup violation  
There is a large setup violation of -3.206 ns between i_ariane/i_cva6/issue_stage_i/i_issue_read_operands/cvxif_valid_q_reg/C (clocked by clk_out1_xlnx_clk_gen) and i_ariane/i_cva6/issue_stage_i/i_issue_read_operands/operand_a_q_reg[23]/D (clocked by clk_out1_xlnx_clk_gen). Large setup violations at the end of those stages might be difficult to fix during the post-placement implementation flow and could be the result of non-optimal XDC constraints or non-optimal design architecture
Related violations: <none>

TIMING-16#270 Warning
Large setup violation  
There is a large setup violation of -3.233 ns between i_ariane/i_cva6/issue_stage_i/i_issue_read_operands/cvxif_valid_q_reg/C (clocked by clk_out1_xlnx_clk_gen) and i_ariane/i_cva6/ex_stage_i/vaddr_to_be_flushed_reg[28]/D (clocked by clk_out1_xlnx_clk_gen). Large setup violations at the end of those stages might be difficult to fix during the post-placement implementation flow and could be the result of non-optimal XDC constraints or non-optimal design architecture
Related violations: <none>

TIMING-16#271 Warning
Large setup violation  
There is a large setup violation of -3.262 ns between i_ariane/i_cva6/issue_stage_i/i_issue_read_operands/cvxif_valid_q_reg/C (clocked by clk_out1_xlnx_clk_gen) and i_ariane/i_cva6/issue_stage_i/i_issue_read_operands/operand_a_q_reg[5]/D (clocked by clk_out1_xlnx_clk_gen). Large setup violations at the end of those stages might be difficult to fix during the post-placement implementation flow and could be the result of non-optimal XDC constraints or non-optimal design architecture
Related violations: <none>

TIMING-16#272 Warning
Large setup violation  
There is a large setup violation of -3.267 ns between i_ariane/i_cva6/issue_stage_i/i_issue_read_operands/cvxif_valid_q_reg/C (clocked by clk_out1_xlnx_clk_gen) and i_ariane/i_cva6/issue_stage_i/i_issue_read_operands/operand_g_q_reg[2]/D (clocked by clk_out1_xlnx_clk_gen). Large setup violations at the end of those stages might be difficult to fix during the post-placement implementation flow and could be the result of non-optimal XDC constraints or non-optimal design architecture
Related violations: <none>

TIMING-16#273 Warning
Large setup violation  
There is a large setup violation of -3.267 ns between i_ariane/i_cva6/issue_stage_i/i_issue_read_operands/cvxif_valid_q_reg/C (clocked by clk_out1_xlnx_clk_gen) and i_ariane/i_cva6/issue_stage_i/i_scoreboard/mem_q_reg[3][sbe][result][0]/D (clocked by clk_out1_xlnx_clk_gen). Large setup violations at the end of those stages might be difficult to fix during the post-placement implementation flow and could be the result of non-optimal XDC constraints or non-optimal design architecture
Related violations: <none>

TIMING-16#274 Warning
Large setup violation  
There is a large setup violation of -3.278 ns between i_ariane/i_cva6/issue_stage_i/i_issue_read_operands/cvxif_valid_q_reg/C (clocked by clk_out1_xlnx_clk_gen) and i_ariane/i_cva6/issue_stage_i/i_issue_read_operands/operand_d_q_reg[1]/D (clocked by clk_out1_xlnx_clk_gen). Large setup violations at the end of those stages might be difficult to fix during the post-placement implementation flow and could be the result of non-optimal XDC constraints or non-optimal design architecture
Related violations: <none>

TIMING-16#275 Warning
Large setup violation  
There is a large setup violation of -3.280 ns between i_ariane/i_cva6/issue_stage_i/i_issue_read_operands/cvxif_valid_q_reg/C (clocked by clk_out1_xlnx_clk_gen) and i_ariane/i_cva6/issue_stage_i/i_issue_read_operands/operand_h_q_reg[2]/D (clocked by clk_out1_xlnx_clk_gen). Large setup violations at the end of those stages might be difficult to fix during the post-placement implementation flow and could be the result of non-optimal XDC constraints or non-optimal design architecture
Related violations: <none>

TIMING-16#276 Warning
Large setup violation  
There is a large setup violation of -3.286 ns between i_ariane/i_cva6/issue_stage_i/i_issue_read_operands/cvxif_valid_q_reg/C (clocked by clk_out1_xlnx_clk_gen) and i_ariane/i_cva6/issue_stage_i/i_issue_read_operands/operand_e_q_reg[0]/D (clocked by clk_out1_xlnx_clk_gen). Large setup violations at the end of those stages might be difficult to fix during the post-placement implementation flow and could be the result of non-optimal XDC constraints or non-optimal design architecture
Related violations: <none>

TIMING-16#277 Warning
Large setup violation  
There is a large setup violation of -3.300 ns between i_ariane/i_cva6/issue_stage_i/i_issue_read_operands/cvxif_valid_q_reg/C (clocked by clk_out1_xlnx_clk_gen) and i_ariane/i_cva6/issue_stage_i/i_issue_read_operands/operand_d_q_reg[7]/D (clocked by clk_out1_xlnx_clk_gen). Large setup violations at the end of those stages might be difficult to fix during the post-placement implementation flow and could be the result of non-optimal XDC constraints or non-optimal design architecture
Related violations: <none>

TIMING-16#278 Warning
Large setup violation  
There is a large setup violation of -3.323 ns between i_ariane/i_cva6/issue_stage_i/i_issue_read_operands/cvxif_valid_q_reg/C (clocked by clk_out1_xlnx_clk_gen) and i_ariane/i_cva6/issue_stage_i/i_issue_read_operands/operand_a_q_reg[1]/D (clocked by clk_out1_xlnx_clk_gen). Large setup violations at the end of those stages might be difficult to fix during the post-placement implementation flow and could be the result of non-optimal XDC constraints or non-optimal design architecture
Related violations: <none>

TIMING-16#279 Warning
Large setup violation  
There is a large setup violation of -3.329 ns between i_ariane/i_cva6/issue_stage_i/i_issue_read_operands/cvxif_valid_q_reg/C (clocked by clk_out1_xlnx_clk_gen) and i_ariane/i_cva6/issue_stage_i/i_issue_read_operands/operand_d_q_reg[2]/D (clocked by clk_out1_xlnx_clk_gen). Large setup violations at the end of those stages might be difficult to fix during the post-placement implementation flow and could be the result of non-optimal XDC constraints or non-optimal design architecture
Related violations: <none>

TIMING-16#280 Warning
Large setup violation  
There is a large setup violation of -3.342 ns between i_ariane/i_cva6/issue_stage_i/i_issue_read_operands/cvxif_valid_q_reg/C (clocked by clk_out1_xlnx_clk_gen) and i_ariane/i_cva6/issue_stage_i/i_issue_read_operands/operand_b_q_reg[2]/D (clocked by clk_out1_xlnx_clk_gen). Large setup violations at the end of those stages might be difficult to fix during the post-placement implementation flow and could be the result of non-optimal XDC constraints or non-optimal design architecture
Related violations: <none>

TIMING-16#281 Warning
Large setup violation  
There is a large setup violation of -3.345 ns between i_ariane/i_cva6/issue_stage_i/i_issue_read_operands/cvxif_valid_q_reg/C (clocked by clk_out1_xlnx_clk_gen) and i_ariane/i_cva6/issue_stage_i/i_issue_read_operands/operand_b_q_reg[3]/D (clocked by clk_out1_xlnx_clk_gen). Large setup violations at the end of those stages might be difficult to fix during the post-placement implementation flow and could be the result of non-optimal XDC constraints or non-optimal design architecture
Related violations: <none>

TIMING-16#282 Warning
Large setup violation  
There is a large setup violation of -3.362 ns between i_ariane/i_cva6/issue_stage_i/i_issue_read_operands/cvxif_valid_q_reg/C (clocked by clk_out1_xlnx_clk_gen) and i_ariane/i_cva6/issue_stage_i/i_issue_read_operands/operand_d_q_reg[0]/D (clocked by clk_out1_xlnx_clk_gen). Large setup violations at the end of those stages might be difficult to fix during the post-placement implementation flow and could be the result of non-optimal XDC constraints or non-optimal design architecture
Related violations: <none>

TIMING-16#283 Warning
Large setup violation  
There is a large setup violation of -3.386 ns between i_ariane/i_cva6/issue_stage_i/i_issue_read_operands/cvxif_valid_q_reg/C (clocked by clk_out1_xlnx_clk_gen) and i_ariane/i_cva6/issue_stage_i/i_issue_read_operands/operand_h_q_reg[6]/D (clocked by clk_out1_xlnx_clk_gen). Large setup violations at the end of those stages might be difficult to fix during the post-placement implementation flow and could be the result of non-optimal XDC constraints or non-optimal design architecture
Related violations: <none>

TIMING-16#284 Warning
Large setup violation  
There is a large setup violation of -3.388 ns between i_ariane/i_cva6/issue_stage_i/i_issue_read_operands/cvxif_valid_q_reg/C (clocked by clk_out1_xlnx_clk_gen) and i_ariane/i_cva6/issue_stage_i/i_issue_read_operands/operand_f_q_reg[7]/D (clocked by clk_out1_xlnx_clk_gen). Large setup violations at the end of those stages might be difficult to fix during the post-placement implementation flow and could be the result of non-optimal XDC constraints or non-optimal design architecture
Related violations: <none>

TIMING-16#285 Warning
Large setup violation  
There is a large setup violation of -3.418 ns between i_ariane/i_cva6/issue_stage_i/i_issue_read_operands/cvxif_valid_q_reg/C (clocked by clk_out1_xlnx_clk_gen) and i_ariane/i_cva6/ex_stage_i/vaddr_to_be_flushed_reg[23]/D (clocked by clk_out1_xlnx_clk_gen). Large setup violations at the end of those stages might be difficult to fix during the post-placement implementation flow and could be the result of non-optimal XDC constraints or non-optimal design architecture
Related violations: <none>

TIMING-16#286 Warning
Large setup violation  
There is a large setup violation of -3.440 ns between i_ariane/i_cva6/issue_stage_i/i_issue_read_operands/cvxif_valid_q_reg/C (clocked by clk_out1_xlnx_clk_gen) and i_ariane/i_cva6/issue_stage_i/i_issue_read_operands/operand_i_q_reg[2]/D (clocked by clk_out1_xlnx_clk_gen). Large setup violations at the end of those stages might be difficult to fix during the post-placement implementation flow and could be the result of non-optimal XDC constraints or non-optimal design architecture
Related violations: <none>

TIMING-16#287 Warning
Large setup violation  
There is a large setup violation of -3.446 ns between i_ariane/i_cva6/issue_stage_i/i_issue_read_operands/cvxif_valid_q_reg/C (clocked by clk_out1_xlnx_clk_gen) and i_ariane/i_cva6/issue_stage_i/i_issue_read_operands/operand_a_q_reg[2]/D (clocked by clk_out1_xlnx_clk_gen). Large setup violations at the end of those stages might be difficult to fix during the post-placement implementation flow and could be the result of non-optimal XDC constraints or non-optimal design architecture
Related violations: <none>

TIMING-16#288 Warning
Large setup violation  
There is a large setup violation of -3.480 ns between i_ariane/i_cva6/issue_stage_i/i_issue_read_operands/cvxif_valid_q_reg/C (clocked by clk_out1_xlnx_clk_gen) and i_ariane/i_cva6/ex_stage_i/vaddr_to_be_flushed_reg[7]/D (clocked by clk_out1_xlnx_clk_gen). Large setup violations at the end of those stages might be difficult to fix during the post-placement implementation flow and could be the result of non-optimal XDC constraints or non-optimal design architecture
Related violations: <none>

TIMING-16#289 Warning
Large setup violation  
There is a large setup violation of -3.486 ns between i_ariane/i_cva6/issue_stage_i/i_issue_read_operands/cvxif_valid_q_reg/C (clocked by clk_out1_xlnx_clk_gen) and i_ariane/i_cva6/issue_stage_i/i_issue_read_operands/operand_f_q_reg[1]/D (clocked by clk_out1_xlnx_clk_gen). Large setup violations at the end of those stages might be difficult to fix during the post-placement implementation flow and could be the result of non-optimal XDC constraints or non-optimal design architecture
Related violations: <none>

TIMING-16#290 Warning
Large setup violation  
There is a large setup violation of -3.492 ns between i_ariane/i_cva6/issue_stage_i/i_issue_read_operands/cvxif_valid_q_reg/C (clocked by clk_out1_xlnx_clk_gen) and i_ariane/i_cva6/issue_stage_i/i_issue_read_operands/operand_g_q_reg[5]/D (clocked by clk_out1_xlnx_clk_gen). Large setup violations at the end of those stages might be difficult to fix during the post-placement implementation flow and could be the result of non-optimal XDC constraints or non-optimal design architecture
Related violations: <none>

TIMING-16#291 Warning
Large setup violation  
There is a large setup violation of -3.504 ns between i_ariane/i_cva6/issue_stage_i/i_issue_read_operands/cvxif_valid_q_reg/C (clocked by clk_out1_xlnx_clk_gen) and i_ariane/i_cva6/issue_stage_i/i_issue_read_operands/operand_e_q_reg[2]/D (clocked by clk_out1_xlnx_clk_gen). Large setup violations at the end of those stages might be difficult to fix during the post-placement implementation flow and could be the result of non-optimal XDC constraints or non-optimal design architecture
Related violations: <none>

TIMING-16#292 Warning
Large setup violation  
There is a large setup violation of -3.531 ns between i_ariane/i_cva6/issue_stage_i/i_issue_read_operands/cvxif_valid_q_reg/C (clocked by clk_out1_xlnx_clk_gen) and i_ariane/i_cva6/issue_stage_i/i_issue_read_operands/operand_f_q_reg[5]/D (clocked by clk_out1_xlnx_clk_gen). Large setup violations at the end of those stages might be difficult to fix during the post-placement implementation flow and could be the result of non-optimal XDC constraints or non-optimal design architecture
Related violations: <none>

TIMING-16#293 Warning
Large setup violation  
There is a large setup violation of -3.543 ns between i_ariane/i_cva6/issue_stage_i/i_issue_read_operands/cvxif_valid_q_reg/C (clocked by clk_out1_xlnx_clk_gen) and i_ariane/i_cva6/issue_stage_i/i_issue_read_operands/operand_a_q_reg[0]/D (clocked by clk_out1_xlnx_clk_gen). Large setup violations at the end of those stages might be difficult to fix during the post-placement implementation flow and could be the result of non-optimal XDC constraints or non-optimal design architecture
Related violations: <none>

TIMING-16#294 Warning
Large setup violation  
There is a large setup violation of -3.545 ns between i_ariane/i_cva6/issue_stage_i/i_issue_read_operands/cvxif_valid_q_reg/C (clocked by clk_out1_xlnx_clk_gen) and i_ariane/i_cva6/issue_stage_i/i_issue_read_operands/operand_b_q_reg[5]/D (clocked by clk_out1_xlnx_clk_gen). Large setup violations at the end of those stages might be difficult to fix during the post-placement implementation flow and could be the result of non-optimal XDC constraints or non-optimal design architecture
Related violations: <none>

TIMING-16#295 Warning
Large setup violation  
There is a large setup violation of -3.548 ns between i_ariane/i_cva6/issue_stage_i/i_issue_read_operands/cvxif_valid_q_reg/C (clocked by clk_out1_xlnx_clk_gen) and i_ariane/i_cva6/issue_stage_i/i_issue_read_operands/operand_g_q_reg[7]/D (clocked by clk_out1_xlnx_clk_gen). Large setup violations at the end of those stages might be difficult to fix during the post-placement implementation flow and could be the result of non-optimal XDC constraints or non-optimal design architecture
Related violations: <none>

TIMING-16#296 Warning
Large setup violation  
There is a large setup violation of -3.555 ns between i_ariane/i_cva6/issue_stage_i/i_issue_read_operands/cvxif_valid_q_reg/C (clocked by clk_out1_xlnx_clk_gen) and i_ariane/i_cva6/issue_stage_i/i_issue_read_operands/operand_b_q_reg[7]/D (clocked by clk_out1_xlnx_clk_gen). Large setup violations at the end of those stages might be difficult to fix during the post-placement implementation flow and could be the result of non-optimal XDC constraints or non-optimal design architecture
Related violations: <none>

TIMING-16#297 Warning
Large setup violation  
There is a large setup violation of -3.579 ns between i_ariane/i_cva6/issue_stage_i/i_issue_read_operands/cvxif_valid_q_reg/C (clocked by clk_out1_xlnx_clk_gen) and i_ariane/i_cva6/issue_stage_i/i_issue_read_operands/operand_d_q_reg[5]/D (clocked by clk_out1_xlnx_clk_gen). Large setup violations at the end of those stages might be difficult to fix during the post-placement implementation flow and could be the result of non-optimal XDC constraints or non-optimal design architecture
Related violations: <none>

TIMING-16#298 Warning
Large setup violation  
There is a large setup violation of -3.614 ns between i_ariane/i_cva6/issue_stage_i/i_issue_read_operands/cvxif_valid_q_reg/C (clocked by clk_out1_xlnx_clk_gen) and i_ariane/i_cva6/issue_stage_i/i_issue_read_operands/operand_e_q_reg[7]/D (clocked by clk_out1_xlnx_clk_gen). Large setup violations at the end of those stages might be difficult to fix during the post-placement implementation flow and could be the result of non-optimal XDC constraints or non-optimal design architecture
Related violations: <none>

TIMING-16#299 Warning
Large setup violation  
There is a large setup violation of -3.665 ns between i_ariane/i_cva6/issue_stage_i/i_issue_read_operands/cvxif_valid_q_reg/C (clocked by clk_out1_xlnx_clk_gen) and i_ariane/i_cva6/ex_stage_i/asid_to_be_flushed_reg[0]/D (clocked by clk_out1_xlnx_clk_gen). Large setup violations at the end of those stages might be difficult to fix during the post-placement implementation flow and could be the result of non-optimal XDC constraints or non-optimal design architecture
Related violations: <none>

TIMING-18#1 Warning
Missing input or output delay  
An input delay is missing on tdi relative to the rising and/or falling clock edge(s) of tck.
Related violations: <none>

TIMING-18#2 Warning
Missing input or output delay  
An input delay is missing on tms relative to the rising and/or falling clock edge(s) of tck.
Related violations: <none>

TIMING-18#3 Warning
Missing input or output delay  
An output delay is missing on tdo relative to the rising and/or falling clock edge(s) of tck.
Related violations: <none>

TIMING-20#1 Warning
Non-clocked latch  
The latch i_ariane/i_cva6/ex_stage_i/lsu_i/i_load_unit/result_o_reg[0] cannot be properly analyzed as its control pin i_ariane/i_cva6/ex_stage_i/lsu_i/i_load_unit/result_o_reg[0]/G is not reached by a timing clock
Related violations: <none>

TIMING-20#2 Warning
Non-clocked latch  
The latch i_ariane/i_cva6/ex_stage_i/lsu_i/i_load_unit/result_o_reg[10] cannot be properly analyzed as its control pin i_ariane/i_cva6/ex_stage_i/lsu_i/i_load_unit/result_o_reg[10]/G is not reached by a timing clock
Related violations: <none>

TIMING-20#3 Warning
Non-clocked latch  
The latch i_ariane/i_cva6/ex_stage_i/lsu_i/i_load_unit/result_o_reg[11] cannot be properly analyzed as its control pin i_ariane/i_cva6/ex_stage_i/lsu_i/i_load_unit/result_o_reg[11]/G is not reached by a timing clock
Related violations: <none>

TIMING-20#4 Warning
Non-clocked latch  
The latch i_ariane/i_cva6/ex_stage_i/lsu_i/i_load_unit/result_o_reg[12] cannot be properly analyzed as its control pin i_ariane/i_cva6/ex_stage_i/lsu_i/i_load_unit/result_o_reg[12]/G is not reached by a timing clock
Related violations: <none>

TIMING-20#5 Warning
Non-clocked latch  
The latch i_ariane/i_cva6/ex_stage_i/lsu_i/i_load_unit/result_o_reg[13] cannot be properly analyzed as its control pin i_ariane/i_cva6/ex_stage_i/lsu_i/i_load_unit/result_o_reg[13]/G is not reached by a timing clock
Related violations: <none>

TIMING-20#6 Warning
Non-clocked latch  
The latch i_ariane/i_cva6/ex_stage_i/lsu_i/i_load_unit/result_o_reg[14] cannot be properly analyzed as its control pin i_ariane/i_cva6/ex_stage_i/lsu_i/i_load_unit/result_o_reg[14]/G is not reached by a timing clock
Related violations: <none>

TIMING-20#7 Warning
Non-clocked latch  
The latch i_ariane/i_cva6/ex_stage_i/lsu_i/i_load_unit/result_o_reg[15] cannot be properly analyzed as its control pin i_ariane/i_cva6/ex_stage_i/lsu_i/i_load_unit/result_o_reg[15]/G is not reached by a timing clock
Related violations: <none>

TIMING-20#8 Warning
Non-clocked latch  
The latch i_ariane/i_cva6/ex_stage_i/lsu_i/i_load_unit/result_o_reg[16] cannot be properly analyzed as its control pin i_ariane/i_cva6/ex_stage_i/lsu_i/i_load_unit/result_o_reg[16]/G is not reached by a timing clock
Related violations: <none>

TIMING-20#9 Warning
Non-clocked latch  
The latch i_ariane/i_cva6/ex_stage_i/lsu_i/i_load_unit/result_o_reg[17] cannot be properly analyzed as its control pin i_ariane/i_cva6/ex_stage_i/lsu_i/i_load_unit/result_o_reg[17]/G is not reached by a timing clock
Related violations: <none>

TIMING-20#10 Warning
Non-clocked latch  
The latch i_ariane/i_cva6/ex_stage_i/lsu_i/i_load_unit/result_o_reg[18] cannot be properly analyzed as its control pin i_ariane/i_cva6/ex_stage_i/lsu_i/i_load_unit/result_o_reg[18]/G is not reached by a timing clock
Related violations: <none>

TIMING-20#11 Warning
Non-clocked latch  
The latch i_ariane/i_cva6/ex_stage_i/lsu_i/i_load_unit/result_o_reg[19] cannot be properly analyzed as its control pin i_ariane/i_cva6/ex_stage_i/lsu_i/i_load_unit/result_o_reg[19]/G is not reached by a timing clock
Related violations: <none>

TIMING-20#12 Warning
Non-clocked latch  
The latch i_ariane/i_cva6/ex_stage_i/lsu_i/i_load_unit/result_o_reg[1] cannot be properly analyzed as its control pin i_ariane/i_cva6/ex_stage_i/lsu_i/i_load_unit/result_o_reg[1]/G is not reached by a timing clock
Related violations: <none>

TIMING-20#13 Warning
Non-clocked latch  
The latch i_ariane/i_cva6/ex_stage_i/lsu_i/i_load_unit/result_o_reg[20] cannot be properly analyzed as its control pin i_ariane/i_cva6/ex_stage_i/lsu_i/i_load_unit/result_o_reg[20]/G is not reached by a timing clock
Related violations: <none>

TIMING-20#14 Warning
Non-clocked latch  
The latch i_ariane/i_cva6/ex_stage_i/lsu_i/i_load_unit/result_o_reg[21] cannot be properly analyzed as its control pin i_ariane/i_cva6/ex_stage_i/lsu_i/i_load_unit/result_o_reg[21]/G is not reached by a timing clock
Related violations: <none>

TIMING-20#15 Warning
Non-clocked latch  
The latch i_ariane/i_cva6/ex_stage_i/lsu_i/i_load_unit/result_o_reg[22] cannot be properly analyzed as its control pin i_ariane/i_cva6/ex_stage_i/lsu_i/i_load_unit/result_o_reg[22]/G is not reached by a timing clock
Related violations: <none>

TIMING-20#16 Warning
Non-clocked latch  
The latch i_ariane/i_cva6/ex_stage_i/lsu_i/i_load_unit/result_o_reg[23] cannot be properly analyzed as its control pin i_ariane/i_cva6/ex_stage_i/lsu_i/i_load_unit/result_o_reg[23]/G is not reached by a timing clock
Related violations: <none>

TIMING-20#17 Warning
Non-clocked latch  
The latch i_ariane/i_cva6/ex_stage_i/lsu_i/i_load_unit/result_o_reg[24] cannot be properly analyzed as its control pin i_ariane/i_cva6/ex_stage_i/lsu_i/i_load_unit/result_o_reg[24]/G is not reached by a timing clock
Related violations: <none>

TIMING-20#18 Warning
Non-clocked latch  
The latch i_ariane/i_cva6/ex_stage_i/lsu_i/i_load_unit/result_o_reg[25] cannot be properly analyzed as its control pin i_ariane/i_cva6/ex_stage_i/lsu_i/i_load_unit/result_o_reg[25]/G is not reached by a timing clock
Related violations: <none>

TIMING-20#19 Warning
Non-clocked latch  
The latch i_ariane/i_cva6/ex_stage_i/lsu_i/i_load_unit/result_o_reg[26] cannot be properly analyzed as its control pin i_ariane/i_cva6/ex_stage_i/lsu_i/i_load_unit/result_o_reg[26]/G is not reached by a timing clock
Related violations: <none>

TIMING-20#20 Warning
Non-clocked latch  
The latch i_ariane/i_cva6/ex_stage_i/lsu_i/i_load_unit/result_o_reg[27] cannot be properly analyzed as its control pin i_ariane/i_cva6/ex_stage_i/lsu_i/i_load_unit/result_o_reg[27]/G is not reached by a timing clock
Related violations: <none>

TIMING-20#21 Warning
Non-clocked latch  
The latch i_ariane/i_cva6/ex_stage_i/lsu_i/i_load_unit/result_o_reg[28] cannot be properly analyzed as its control pin i_ariane/i_cva6/ex_stage_i/lsu_i/i_load_unit/result_o_reg[28]/G is not reached by a timing clock
Related violations: <none>

TIMING-20#22 Warning
Non-clocked latch  
The latch i_ariane/i_cva6/ex_stage_i/lsu_i/i_load_unit/result_o_reg[29] cannot be properly analyzed as its control pin i_ariane/i_cva6/ex_stage_i/lsu_i/i_load_unit/result_o_reg[29]/G is not reached by a timing clock
Related violations: <none>

TIMING-20#23 Warning
Non-clocked latch  
The latch i_ariane/i_cva6/ex_stage_i/lsu_i/i_load_unit/result_o_reg[2] cannot be properly analyzed as its control pin i_ariane/i_cva6/ex_stage_i/lsu_i/i_load_unit/result_o_reg[2]/G is not reached by a timing clock
Related violations: <none>

TIMING-20#24 Warning
Non-clocked latch  
The latch i_ariane/i_cva6/ex_stage_i/lsu_i/i_load_unit/result_o_reg[30] cannot be properly analyzed as its control pin i_ariane/i_cva6/ex_stage_i/lsu_i/i_load_unit/result_o_reg[30]/G is not reached by a timing clock
Related violations: <none>

TIMING-20#25 Warning
Non-clocked latch  
The latch i_ariane/i_cva6/ex_stage_i/lsu_i/i_load_unit/result_o_reg[31] cannot be properly analyzed as its control pin i_ariane/i_cva6/ex_stage_i/lsu_i/i_load_unit/result_o_reg[31]/G is not reached by a timing clock
Related violations: <none>

TIMING-20#26 Warning
Non-clocked latch  
The latch i_ariane/i_cva6/ex_stage_i/lsu_i/i_load_unit/result_o_reg[3] cannot be properly analyzed as its control pin i_ariane/i_cva6/ex_stage_i/lsu_i/i_load_unit/result_o_reg[3]/G is not reached by a timing clock
Related violations: <none>

TIMING-20#27 Warning
Non-clocked latch  
The latch i_ariane/i_cva6/ex_stage_i/lsu_i/i_load_unit/result_o_reg[4] cannot be properly analyzed as its control pin i_ariane/i_cva6/ex_stage_i/lsu_i/i_load_unit/result_o_reg[4]/G is not reached by a timing clock
Related violations: <none>

TIMING-20#28 Warning
Non-clocked latch  
The latch i_ariane/i_cva6/ex_stage_i/lsu_i/i_load_unit/result_o_reg[5] cannot be properly analyzed as its control pin i_ariane/i_cva6/ex_stage_i/lsu_i/i_load_unit/result_o_reg[5]/G is not reached by a timing clock
Related violations: <none>

TIMING-20#29 Warning
Non-clocked latch  
The latch i_ariane/i_cva6/ex_stage_i/lsu_i/i_load_unit/result_o_reg[6] cannot be properly analyzed as its control pin i_ariane/i_cva6/ex_stage_i/lsu_i/i_load_unit/result_o_reg[6]/G is not reached by a timing clock
Related violations: <none>

TIMING-20#30 Warning
Non-clocked latch  
The latch i_ariane/i_cva6/ex_stage_i/lsu_i/i_load_unit/result_o_reg[7] cannot be properly analyzed as its control pin i_ariane/i_cva6/ex_stage_i/lsu_i/i_load_unit/result_o_reg[7]/G is not reached by a timing clock
Related violations: <none>

TIMING-20#31 Warning
Non-clocked latch  
The latch i_ariane/i_cva6/ex_stage_i/lsu_i/i_load_unit/result_o_reg[8] cannot be properly analyzed as its control pin i_ariane/i_cva6/ex_stage_i/lsu_i/i_load_unit/result_o_reg[8]/G is not reached by a timing clock
Related violations: <none>

TIMING-20#32 Warning
Non-clocked latch  
The latch i_ariane/i_cva6/ex_stage_i/lsu_i/i_load_unit/result_o_reg[9] cannot be properly analyzed as its control pin i_ariane/i_cva6/ex_stage_i/lsu_i/i_load_unit/result_o_reg[9]/G is not reached by a timing clock
Related violations: <none>

XDCH-2#1 Warning
Same min and max delay values on IO port  
The same input delay of 5.000 ns has been defined on port 'tdi' relative to clock tck for both max and min. Make sure this reflects the design intent.
set_input_delay -clock tck -clock_fall 5.000 [get_ports tdi]
/home/imtuser/AIRV/cva6_mac16_wtbuffer_v1/corev_apu/fpga/constraints/cva6_fpga.xdc (Line: 8)
Related violations: <none>

XDCH-2#2 Warning
Same min and max delay values on IO port  
The same input delay of 5.000 ns has been defined on port 'tms' relative to clock tck for both max and min. Make sure this reflects the design intent.
set_input_delay -clock tck -clock_fall 5.000 [get_ports tms]
/home/imtuser/AIRV/cva6_mac16_wtbuffer_v1/corev_apu/fpga/constraints/cva6_fpga.xdc (Line: 9)
Related violations: <none>

XDCH-2#3 Warning
Same min and max delay values on IO port  
The same output delay of 5.000 ns has been defined on port 'tdo' relative to clock tck for both max and min. Make sure this reflects the design intent.
set_output_delay -clock tck 5.000 [get_ports tdo]
/home/imtuser/AIRV/cva6_mac16_wtbuffer_v1/corev_apu/fpga/constraints/cva6_fpga.xdc (Line: 10)
Related violations: <none>

LATCH-1#1 Advisory
Existing latches in the design  
There are 32 latches found in the design. Inferred latches are often the result of HDL coding mistakes, such as incomplete if or case statements.
Related violations: <none>


