Copyright 1986-2022 Xilinx, Inc. All Rights Reserved. Copyright 2022-2024 Advanced Micro Devices, Inc. All Rights Reserved.
------------------------------------------------------------------------------------------------------------------------------------------------------------------------------------------------------------------------------------------
| Tool Version : Vivado v.2024.1 (lin64) Build 5076996 Wed May 22 18:36:09 MDT 2024
| Date         : Wed Sep  9 15:33:03 2026
| Host         : EQI07362 running 64-bit Ubuntu 22.04.5 LTS
| Command      : report_timing_summary -max_paths 10 -report_unconstrained -file cva6_zybo_z7_20_timing_summary_routed.rpt -pb cva6_zybo_z7_20_timing_summary_routed.pb -rpx cva6_zybo_z7_20_timing_summary_routed.rpx -warn_on_violation
| Design       : cva6_zybo_z7_20
| Device       : 7z020-clg400
| Speed File   : -1  PRODUCTION 1.12 2019-11-22
| Design State : Routed
------------------------------------------------------------------------------------------------------------------------------------------------------------------------------------------------------------------------------------------

Timing Summary Report

------------------------------------------------------------------------------------------------
| Timer Settings
| --------------
------------------------------------------------------------------------------------------------

  Enable Multi Corner Analysis               :  Yes
  Enable Pessimism Removal                   :  Yes
  Pessimism Removal Resolution               :  Nearest Common Node
  Enable Input Delay Default Clock           :  No
  Enable Preset / Clear Arcs                 :  No
  Disable Flight Delays                      :  No
  Ignore I/O Paths                           :  No
  Timing Early Launch at Borrowing Latches   :  No
  Borrow Time for Max Delay Exceptions       :  Yes
  Merge Timing Exceptions                    :  Yes
  Inter-SLR Compensation                     :  Conservative

  Corner  Analyze    Analyze    
  Name    Max Paths  Min Paths  
  ------  ---------  ---------  
  Slow    Yes        Yes        
  Fast    Yes        Yes        


------------------------------------------------------------------------------------------------
| Report Methodology
| ------------------
------------------------------------------------------------------------------------------------

Rule       Severity          Description                                     Violations  
---------  ----------------  ----------------------------------------------  ----------  
TIMING-6   Critical Warning  No common primary clock between related clocks  1           
TIMING-7   Critical Warning  No common node between related clocks           1           
LUTAR-1    Warning           LUT drives async reset alert                    4           
SYNTH-10   Warning           Wide multiplier                                 4           
TIMING-10  Warning           Missing property on synchronizer                1           
TIMING-16  Warning           Large setup violation                           299         
TIMING-18  Warning           Missing input or output delay                   3           
TIMING-20  Warning           Non-clocked latch                               32          
XDCH-2     Warning           Same min and max delay values on IO port        3           
LATCH-1    Advisory          Existing latches in the design                  1           

Note: This report is based on the most recent report_methodology run and may not be up-to-date. Run report_methodology on the current design for the latest report.



check_timing report

Table of Contents
-----------------
1. checking no_clock (480)
2. checking constant_clock (0)
3. checking pulse_width_clock (0)
4. checking unconstrained_internal_endpoints (32)
5. checking no_input_delay (2)
6. checking no_output_delay (1)
7. checking multiple_clock (0)
8. checking generated_clocks (0)
9. checking loops (0)
10. checking partial_input_delay (3)
11. checking partial_output_delay (0)
12. checking latch_loops (0)

1. checking no_clock (480)
--------------------------
 There are 32 register/latch pins with no clock driven by root clock pin: i_ariane/i_cva6/ex_stage_i/lsu_i/i_load_unit/ldbuf_q_reg[0][operation][0]/Q (HIGH)

 There are 32 register/latch pins with no clock driven by root clock pin: i_ariane/i_cva6/ex_stage_i/lsu_i/i_load_unit/ldbuf_q_reg[0][operation][1]/Q (HIGH)

 There are 32 register/latch pins with no clock driven by root clock pin: i_ariane/i_cva6/ex_stage_i/lsu_i/i_load_unit/ldbuf_q_reg[0][operation][2]/Q (HIGH)

 There are 32 register/latch pins with no clock driven by root clock pin: i_ariane/i_cva6/ex_stage_i/lsu_i/i_load_unit/ldbuf_q_reg[0][operation][3]/Q (HIGH)

 There are 32 register/latch pins with no clock driven by root clock pin: i_ariane/i_cva6/ex_stage_i/lsu_i/i_load_unit/ldbuf_q_reg[0][operation][4]/Q (HIGH)

 There are 32 register/latch pins with no clock driven by root clock pin: i_ariane/i_cva6/ex_stage_i/lsu_i/i_load_unit/ldbuf_q_reg[0][operation][5]/Q (HIGH)

 There are 32 register/latch pins with no clock driven by root clock pin: i_ariane/i_cva6/ex_stage_i/lsu_i/i_load_unit/ldbuf_q_reg[0][operation][6]/Q (HIGH)

 There are 32 register/latch pins with no clock driven by root clock pin: i_ariane/i_cva6/ex_stage_i/lsu_i/i_load_unit/ldbuf_q_reg[1][operation][0]/Q (HIGH)

 There are 32 register/latch pins with no clock driven by root clock pin: i_ariane/i_cva6/ex_stage_i/lsu_i/i_load_unit/ldbuf_q_reg[1][operation][1]/Q (HIGH)

 There are 32 register/latch pins with no clock driven by root clock pin: i_ariane/i_cva6/ex_stage_i/lsu_i/i_load_unit/ldbuf_q_reg[1][operation][2]/Q (HIGH)

 There are 32 register/latch pins with no clock driven by root clock pin: i_ariane/i_cva6/ex_stage_i/lsu_i/i_load_unit/ldbuf_q_reg[1][operation][3]/Q (HIGH)

 There are 32 register/latch pins with no clock driven by root clock pin: i_ariane/i_cva6/ex_stage_i/lsu_i/i_load_unit/ldbuf_q_reg[1][operation][4]/Q (HIGH)

 There are 32 register/latch pins with no clock driven by root clock pin: i_ariane/i_cva6/ex_stage_i/lsu_i/i_load_unit/ldbuf_q_reg[1][operation][5]/Q (HIGH)

 There are 32 register/latch pins with no clock driven by root clock pin: i_ariane/i_cva6/ex_stage_i/lsu_i/i_load_unit/ldbuf_q_reg[1][operation][6]/Q (HIGH)

 There are 32 register/latch pins with no clock driven by root clock pin: i_ariane/i_cva6/gen_cache_wt.i_cache_subsystem/i_wt_dcache/gen_rd_ports[1].i_wt_dcache_ctrl/id_q_reg[0]/Q (HIGH)


2. checking constant_clock (0)
------------------------------
 There are 0 register/latch pins with constant_clock.


3. checking pulse_width_clock (0)
---------------------------------
 There are 0 register/latch pins which need pulse_width check


4. checking unconstrained_internal_endpoints (32)
-------------------------------------------------
 There are 32 pins that are not constrained for maximum delay. (HIGH)

 There are 0 pins that are not constrained for maximum delay due to constant clock.


5. checking no_input_delay (2)
------------------------------
 There are 2 input ports with no input delay specified. (HIGH)

 There are 0 input ports with no input delay but user has a false path constraint.


6. checking no_output_delay (1)
-------------------------------
 There is 1 port with no output delay specified. (HIGH)

 There are 0 ports with no output delay but user has a false path constraint

 There are 0 ports with no output delay but with a timing clock defined on it or propagating through it


7. checking multiple_clock (0)
------------------------------
 There are 0 register/latch pins with multiple clocks.


8. checking generated_clocks (0)
--------------------------------
 There are 0 generated clocks that are not connected to a clock source.


9. checking loops (0)
---------------------
 There are 0 combinational loops in the design.


10. checking partial_input_delay (3)
------------------------------------
 There are 3 input ports with partial input delay specified. (HIGH)


11. checking partial_output_delay (0)
-------------------------------------
 There are 0 ports with partial output delay specified.


12. checking latch_loops (0)
----------------------------
 There are 0 combinational latch loops in the design through latch input



------------------------------------------------------------------------------------------------
| Design Timing Summary
| ---------------------
------------------------------------------------------------------------------------------------

    WNS(ns)      TNS(ns)  TNS Failing Endpoints  TNS Total Endpoints      WHS(ns)      THS(ns)  THS Failing Endpoints  THS Total Endpoints     WPWS(ns)     TPWS(ns)  TPWS Failing Endpoints  TPWS Total Endpoints  
    -------      -------  ---------------------  -------------------      -------      -------  ---------------------  -------------------     --------     --------  ----------------------  --------------------  
     -3.665     -764.701                    539                59278        0.033        0.000                      0                59242        2.000        0.000                       0                 20303  


Timing constraints are not met.


------------------------------------------------------------------------------------------------
| Clock Summary
| -------------
------------------------------------------------------------------------------------------------

Clock                    Waveform(ns)         Period(ns)      Frequency(MHz)
-----                    ------------         ----------      --------------
clk_sys                  {0.000 4.000}        8.000           125.000         
  clk_out1_xlnx_clk_gen  {0.000 10.000}       20.000          50.000          
  clkfbout_xlnx_clk_gen  {0.000 4.000}        8.000           125.000         
tck                      {0.000 50.000}       100.000         10.000          


------------------------------------------------------------------------------------------------
| Intra Clock Table
| -----------------
------------------------------------------------------------------------------------------------

Clock                        WNS(ns)      TNS(ns)  TNS Failing Endpoints  TNS Total Endpoints      WHS(ns)      THS(ns)  THS Failing Endpoints  THS Total Endpoints     WPWS(ns)     TPWS(ns)  TPWS Failing Endpoints  TPWS Total Endpoints  
-----                        -------      -------  ---------------------  -------------------      -------      -------  ---------------------  -------------------     --------     --------  ----------------------  --------------------  
clk_sys                                                                                                                                                                    2.000        0.000                       0                     1  
  clk_out1_xlnx_clk_gen       -3.665     -764.701                    539                43522        0.033        0.000                      0                43522        8.750        0.000                       0                 20040  
  clkfbout_xlnx_clk_gen                                                                                                                                                    5.845        0.000                       0                     3  
tck                            0.672        0.000                      0                  453        0.140        0.000                      0                  453       49.500        0.000                       0                   259  


------------------------------------------------------------------------------------------------
| Inter Clock Table
| -----------------
------------------------------------------------------------------------------------------------

From Clock             To Clock                   WNS(ns)      TNS(ns)  TNS Failing Endpoints  TNS Total Endpoints      WHS(ns)      THS(ns)  THS Failing Endpoints  THS Total Endpoints  
----------             --------                   -------      -------  ---------------------  -------------------      -------      -------  ---------------------  -------------------  
tck                    clk_out1_xlnx_clk_gen        9.406        0.000                      0                   43        2.768        0.000                      0                   43  
clk_out1_xlnx_clk_gen  tck                         18.310        0.000                      0                   36                                                                        


------------------------------------------------------------------------------------------------
| Other Path Groups Table
| -----------------------
------------------------------------------------------------------------------------------------

Path Group             From Clock             To Clock                   WNS(ns)      TNS(ns)  TNS Failing Endpoints  TNS Total Endpoints      WHS(ns)      THS(ns)  THS Failing Endpoints  THS Total Endpoints  
----------             ----------             --------                   -------      -------  ---------------------  -------------------      -------      -------  ---------------------  -------------------  
**async_default**      clk_out1_xlnx_clk_gen  clk_out1_xlnx_clk_gen       15.987        0.000                      0                15224        0.522        0.000                      0                15224  


------------------------------------------------------------------------------------------------
| User Ignored Path Table
| -----------------------
------------------------------------------------------------------------------------------------

Path Group             From Clock             To Clock             
----------             ----------             --------             
(none)                 clk_out1_xlnx_clk_gen  clk_out1_xlnx_clk_gen  
(none)                                        tck                    
(none)                 clk_out1_xlnx_clk_gen  tck                    


------------------------------------------------------------------------------------------------
| Unconstrained Path Table
| ------------------------
------------------------------------------------------------------------------------------------

Path Group             From Clock             To Clock             
----------             ----------             --------             
(none)                 clk_out1_xlnx_clk_gen                         
(none)                 clkfbout_xlnx_clk_gen                         
(none)                                        clk_out1_xlnx_clk_gen  


------------------------------------------------------------------------------------------------
| Timing Details
| --------------
------------------------------------------------------------------------------------------------


---------------------------------------------------------------------------------------------------
From Clock:  clk_sys
  To Clock:  clk_sys

Setup :           NA  Failing Endpoints,  Worst Slack           NA  ,  Total Violation           NA
Hold  :           NA  Failing Endpoints,  Worst Slack           NA  ,  Total Violation           NA
PW    :            0  Failing Endpoints,  Worst Slack        2.000ns,  Total Violation        0.000ns
---------------------------------------------------------------------------------------------------


Pulse Width Checks
--------------------------------------------------------------------------------------
Clock Name:         clk_sys
Waveform(ns):       { 0.000 4.000 }
Period(ns):         8.000
Sources:            { clk_sys }

Check Type        Corner  Lib Pin            Reference Pin  Required(ns)  Actual(ns)  Slack(ns)  Location         Pin
Min Period        n/a     MMCME2_ADV/CLKIN1  n/a            1.249         8.000       6.751      MMCME2_ADV_X1Y2  i_xlnx_clk_gen/inst/mmcm_adv_inst/CLKIN1
Max Period        n/a     MMCME2_ADV/CLKIN1  n/a            100.000       8.000       92.000     MMCME2_ADV_X1Y2  i_xlnx_clk_gen/inst/mmcm_adv_inst/CLKIN1
Low Pulse Width   Slow    MMCME2_ADV/CLKIN1  n/a            2.000         4.000       2.000      MMCME2_ADV_X1Y2  i_xlnx_clk_gen/inst/mmcm_adv_inst/CLKIN1
Low Pulse Width   Fast    MMCME2_ADV/CLKIN1  n/a            2.000         4.000       2.000      MMCME2_ADV_X1Y2  i_xlnx_clk_gen/inst/mmcm_adv_inst/CLKIN1
High Pulse Width  Slow    MMCME2_ADV/CLKIN1  n/a            2.000         4.000       2.000      MMCME2_ADV_X1Y2  i_xlnx_clk_gen/inst/mmcm_adv_inst/CLKIN1
High Pulse Width  Fast    MMCME2_ADV/CLKIN1  n/a            2.000         4.000       2.000      MMCME2_ADV_X1Y2  i_xlnx_clk_gen/inst/mmcm_adv_inst/CLKIN1



---------------------------------------------------------------------------------------------------
From Clock:  clk_out1_xlnx_clk_gen
  To Clock:  clk_out1_xlnx_clk_gen

Setup :          539  Failing Endpoints,  Worst Slack       -3.665ns,  Total Violation     -764.701ns
Hold  :            0  Failing Endpoints,  Worst Slack        0.033ns,  Total Violation        0.000ns
PW    :            0  Failing Endpoints,  Worst Slack        8.750ns,  Total Violation        0.000ns
---------------------------------------------------------------------------------------------------


Max Delay Paths
--------------------------------------------------------------------------------------
Slack (VIOLATED) :        -3.665ns  (required time - arrival time)
  Source:                 i_ariane/i_cva6/issue_stage_i/i_issue_read_operands/cvxif_valid_q_reg/C
                            (rising edge-triggered cell FDCE clocked by clk_out1_xlnx_clk_gen  {rise@0.000ns fall@10.000ns period=20.000ns})
  Destination:            i_ariane/i_cva6/ex_stage_i/asid_to_be_flushed_reg[0]/D
                            (rising edge-triggered cell FDCE clocked by clk_out1_xlnx_clk_gen  {rise@0.000ns fall@10.000ns period=20.000ns})
  Path Group:             clk_out1_xlnx_clk_gen
  Path Type:              Setup (Max at Slow Process Corner)
  Requirement:            20.000ns  (clk_out1_xlnx_clk_gen rise@20.000ns - clk_out1_xlnx_clk_gen rise@0.000ns)
  Data Path Delay:        23.473ns  (logic 7.040ns (29.992%)  route 16.433ns (70.008%))
  Logic Levels:           26  (CARRY4=9 LUT2=2 LUT3=6 LUT5=2 LUT6=7)
  Clock Path Skew:        -0.099ns (DCD - SCD + CPR)
    Destination Clock Delay (DCD):    -1.611ns = ( 18.389 - 20.000 ) 
    Source Clock Delay      (SCD):    -1.045ns
    Clock Pessimism Removal (CPR):    0.467ns
  Clock Uncertainty:      0.079ns  ((TSJ^2 + DJ^2)^1/2) / 2 + PE
    Total System Jitter     (TSJ):    0.071ns
    Discrete Jitter          (DJ):    0.142ns
    Phase Error              (PE):    0.000ns

    Location             Delay type                Incr(ns)  Path(ns)    Netlist Resource(s)
  -------------------------------------------------------------------    -------------------
                         (clock clk_out1_xlnx_clk_gen rise edge)
                                                      0.000     0.000 r  
    K17                                               0.000     0.000 r  clk_sys (IN)
                         net (fo=0)                   0.000     0.000    i_xlnx_clk_gen/inst/clk_in1
    K17                  IBUF (Prop_ibuf_I_O)         1.475     1.475 r  i_xlnx_clk_gen/inst/clkin1_ibufg/O
                         net (fo=1, routed)           1.285     2.760    i_xlnx_clk_gen/inst/clk_in1_xlnx_clk_gen
    MMCME2_ADV_X1Y2      MMCME2_ADV (Prop_mmcme2_adv_CLKIN1_CLKOUT0)
                                                     -7.759    -4.999 r  i_xlnx_clk_gen/inst/mmcm_adv_inst/CLKOUT0
                         net (fo=1, routed)           2.206    -2.793    i_xlnx_clk_gen/inst/clk_out1_xlnx_clk_gen
    BUFGCTRL_X0Y16       BUFG (Prop_bufg_I_O)         0.101    -2.692 r  i_xlnx_clk_gen/inst/clkout1_buf/O
                         net (fo=20038, routed)       1.647    -1.045    i_ariane/i_cva6/issue_stage_i/i_issue_read_operands/clk_out1
    SLICE_X48Y88         FDCE                                         r  i_ariane/i_cva6/issue_stage_i/i_issue_read_operands/cvxif_valid_q_reg/C
  -------------------------------------------------------------------    -------------------
    SLICE_X48Y88         FDCE (Prop_fdce_C_Q)         0.456    -0.589 f  i_ariane/i_cva6/issue_stage_i/i_issue_read_operands/cvxif_valid_q_reg/Q
                         net (fo=637, routed)         0.830     0.240    i_ariane/i_cva6/issue_stage_i/i_issue_read_operands/cvxif_valid_q_reg_0
    SLICE_X49Y88         LUT2 (Prop_lut2_I0_O)        0.124     0.364 f  i_ariane/i_cva6/issue_stage_i/i_issue_read_operands/i___477_i_3/O
                         net (fo=12, routed)          0.694     1.058    i_ariane/gen_example_coprocessor.i_cvxif_coprocessor/cvxif_req[x_issue_req][instr][6]
    SLICE_X48Y88         LUT3 (Prop_lut3_I1_O)        0.152     1.210 r  i_ariane/gen_example_coprocessor.i_cvxif_coprocessor/i___0_i_7/O
                         net (fo=2, routed)           0.959     2.169    i_ariane/i_cva6/issue_stage_i/i_issue_read_operands/weight_buffer2_reg_265
    SLICE_X48Y91         LUT6 (Prop_lut6_I2_O)        0.326     2.495 r  i_ariane/i_cva6/issue_stage_i/i_issue_read_operands/i___206_i_4/O
                         net (fo=788, routed)         0.423     2.919    i_ariane/gen_example_coprocessor.i_cvxif_coprocessor/rd_block_cnt_q_reg[0]_0
    SLICE_X48Y90         LUT6 (Prop_lut6_I5_O)        0.124     3.043 r  i_ariane/gen_example_coprocessor.i_cvxif_coprocessor/i___478/O
                         net (fo=157, routed)         1.376     4.419    i_ariane/i_cva6/issue_stage_i/i_issue_read_operands/req_o[is_mac16buf_para]
    SLICE_X43Y102        LUT6 (Prop_lut6_I5_O)        0.124     4.543 r  i_ariane/i_cva6/issue_stage_i/i_issue_read_operands/i___239_i_2/O
                         net (fo=9, routed)           0.846     5.389    i_ariane/i_cva6/issue_stage_i/i_issue_read_operands/operand_h_q_reg[27]_0
    SLICE_X44Y101        LUT6 (Prop_lut6_I0_O)        0.124     5.513 f  i_ariane/i_cva6/issue_stage_i/i_issue_read_operands/i___635_i_2/O
                         net (fo=3, routed)           0.327     5.840    i_ariane/i_cva6/issue_stage_i/i_issue_read_operands/weight_buffer2_reg_203
    SLICE_X44Y102        LUT3 (Prop_lut3_I1_O)        0.124     5.964 r  i_ariane/i_cva6/issue_stage_i/i_issue_read_operands/i___405_i_10/O
                         net (fo=1, routed)           0.978     6.943    i_ariane/gen_example_coprocessor.i_cvxif_coprocessor/i___405_0[1]
    SLICE_X42Y101        CARRY4 (Prop_carry4_DI[1]_CO[3])
                                                      0.520     7.463 r  i_ariane/gen_example_coprocessor.i_cvxif_coprocessor/i___405_i_3/CO[3]
                         net (fo=1, routed)           0.000     7.463    i_ariane/gen_example_coprocessor.i_cvxif_coprocessor/i___405_i_3_n_1
    SLICE_X42Y102        CARRY4 (Prop_carry4_CI_O[0])
                                                      0.219     7.682 r  i_ariane/gen_example_coprocessor.i_cvxif_coprocessor/i___436_i_28/O[0]
                         net (fo=3, routed)           0.623     8.304    i_ariane/gen_example_coprocessor.i_cvxif_coprocessor/i___436_i_28_n_8
    SLICE_X40Y103        LUT3 (Prop_lut3_I2_O)        0.295     8.599 r  i_ariane/gen_example_coprocessor.i_cvxif_coprocessor/i___436_i_22/O
                         net (fo=1, routed)           0.682     9.281    i_ariane/gen_example_coprocessor.i_cvxif_coprocessor/i___436_i_22_n_1
    SLICE_X41Y100        CARRY4 (Prop_carry4_DI[1]_O[2])
                                                      0.537     9.818 r  i_ariane/gen_example_coprocessor.i_cvxif_coprocessor/i___436_i_4/O[2]
                         net (fo=3, routed)           0.600    10.418    i_ariane/gen_example_coprocessor.i_cvxif_coprocessor/i___436_i_4_n_6
    SLICE_X47Y98         LUT3 (Prop_lut3_I2_O)        0.302    10.720 r  i_ariane/gen_example_coprocessor.i_cvxif_coprocessor/acc_q[19]_i_48/O
                         net (fo=1, routed)           0.968    11.688    i_ariane/gen_example_coprocessor.i_cvxif_coprocessor/acc_q[19]_i_48_n_1
    SLICE_X46Y96         CARRY4 (Prop_carry4_DI[3]_CO[3])
                                                      0.396    12.084 r  i_ariane/gen_example_coprocessor.i_cvxif_coprocessor/acc_q_reg[19]_i_38/CO[3]
                         net (fo=1, routed)           0.000    12.084    i_ariane/gen_example_coprocessor.i_cvxif_coprocessor/acc_q_reg[19]_i_38_n_1
    SLICE_X46Y97         CARRY4 (Prop_carry4_CI_O[0])
                                                      0.219    12.303 r  i_ariane/gen_example_coprocessor.i_cvxif_coprocessor/acc_q_reg[23]_i_23/O[0]
                         net (fo=3, routed)           0.778    13.081    i_ariane/gen_example_coprocessor.i_cvxif_coprocessor/acc_q_reg[23]_i_23_n_8
    SLICE_X45Y93         LUT3 (Prop_lut3_I1_O)        0.295    13.376 r  i_ariane/gen_example_coprocessor.i_cvxif_coprocessor/acc_q[19]_i_16/O
                         net (fo=1, routed)           0.670    14.046    i_ariane/gen_example_coprocessor.i_cvxif_coprocessor/acc_q[19]_i_16_n_1
    SLICE_X44Y91         CARRY4 (Prop_carry4_DI[1]_O[3])
                                                      0.596    14.642 r  i_ariane/gen_example_coprocessor.i_cvxif_coprocessor/acc_q_reg[19]_i_11/O[3]
                         net (fo=3, routed)           0.622    15.264    i_ariane/gen_example_coprocessor.i_cvxif_coprocessor/acc_q_reg[19]_i_11_n_5
    SLICE_X43Y87         LUT3 (Prop_lut3_I0_O)        0.306    15.570 r  i_ariane/gen_example_coprocessor.i_cvxif_coprocessor/acc_q[19]_i_6/O
                         net (fo=1, routed)           0.609    16.179    i_ariane/gen_example_coprocessor.i_cvxif_coprocessor/acc_q[19]_i_6_n_1
    SLICE_X45Y86         CARRY4 (Prop_carry4_DI[0]_CO[3])
                                                      0.526    16.705 r  i_ariane/gen_example_coprocessor.i_cvxif_coprocessor/acc_q_reg[19]_i_2/CO[3]
                         net (fo=1, routed)           0.000    16.705    i_ariane/gen_example_coprocessor.i_cvxif_coprocessor/acc_q_reg[19]_i_2_n_1
    SLICE_X45Y87         CARRY4 (Prop_carry4_CI_CO[3])
                                                      0.114    16.819 r  i_ariane/gen_example_coprocessor.i_cvxif_coprocessor/acc_q_reg[23]_i_2/CO[3]
                         net (fo=1, routed)           0.000    16.819    i_ariane/gen_example_coprocessor.i_cvxif_coprocessor/acc_q_reg[23]_i_2_n_1
    SLICE_X45Y88         CARRY4 (Prop_carry4_CI_O[2])
                                                      0.239    17.058 r  i_ariane/gen_example_coprocessor.i_cvxif_coprocessor/acc_q_reg[27]_i_2/O[2]
                         net (fo=3, routed)           1.036    18.094    i_ariane/gen_example_coprocessor.i_cvxif_coprocessor/acc_q[27]_i_10_0[2]
    SLICE_X48Y85         LUT5 (Prop_lut5_I3_O)        0.302    18.396 r  i_ariane/gen_example_coprocessor.i_cvxif_coprocessor/mem_q[0][sbe][result][7]_i_11/O
                         net (fo=1, routed)           0.571    18.967    i_ariane/gen_example_coprocessor.i_cvxif_coprocessor/mem_q[0][sbe][result][7]_i_11_n_1
    SLICE_X49Y84         LUT6 (Prop_lut6_I3_O)        0.124    19.091 r  i_ariane/gen_example_coprocessor.i_cvxif_coprocessor/mem_q[0][sbe][result][7]_i_5_comp/O
                         net (fo=12, routed)          0.727    19.818    i_ariane/gen_example_coprocessor.i_cvxif_coprocessor/fifo_commit_i/gen_fpga_queue.fifo_ram/sat_shift8_u81
    SLICE_X55Y84         LUT6 (Prop_lut6_I4_O)        0.124    19.942 r  i_ariane/gen_example_coprocessor.i_cvxif_coprocessor/fifo_commit_i/gen_fpga_queue.fifo_ram/mem_q[0][sbe][result][0]_i_2/O
                         net (fo=5, routed)           0.464    20.406    i_ariane/gen_example_coprocessor.i_cvxif_coprocessor/fifo_commit_i/gen_fpga_queue.fifo_ram/acc_q_reg[27]_i_2[0]
    SLICE_X56Y85         LUT2 (Prop_lut2_I1_O)        0.124    20.530 r  i_ariane/gen_example_coprocessor.i_cvxif_coprocessor/fifo_commit_i/gen_fpga_queue.fifo_ram/operand_f_q[0]_i_5/O
                         net (fo=8, routed)           0.706    21.236    i_ariane/i_cva6/issue_stage_i/i_scoreboard/x_result_ex_id[0]
    SLICE_X60Y86         LUT6 (Prop_lut6_I3_O)        0.124    21.360 r  i_ariane/i_cva6/issue_stage_i/i_scoreboard/asid_to_be_flushed[0]_i_18/O
                         net (fo=1, routed)           0.458    21.819    i_ariane/i_cva6/id_stage_i/asid_to_be_flushed[0]_i_18_n_1_alias
    SLICE_X66Y85         LUT5 (Prop_lut5_I3_O)        0.124    21.943 r  i_ariane/i_cva6/id_stage_i/asid_to_be_flushed[0]_i_2_comp/O
                         net (fo=2, routed)           0.485    22.428    i_ariane/i_cva6/ex_stage_i/D[0]
    SLICE_X66Y83         FDCE                                         r  i_ariane/i_cva6/ex_stage_i/asid_to_be_flushed_reg[0]/D
  -------------------------------------------------------------------    -------------------

                         (clock clk_out1_xlnx_clk_gen rise edge)
                                                     20.000    20.000 r  
    K17                                               0.000    20.000 r  clk_sys (IN)
                         net (fo=0)                   0.000    20.000    i_xlnx_clk_gen/inst/clk_in1
    K17                  IBUF (Prop_ibuf_I_O)         1.404    21.404 r  i_xlnx_clk_gen/inst/clkin1_ibufg/O
                         net (fo=1, routed)           1.162    22.566    i_xlnx_clk_gen/inst/clk_in1_xlnx_clk_gen
    MMCME2_ADV_X1Y2      MMCME2_ADV (Prop_mmcme2_adv_CLKIN1_CLKOUT0)
                                                     -7.814    14.752 r  i_xlnx_clk_gen/inst/mmcm_adv_inst/CLKOUT0
                         net (fo=1, routed)           2.012    16.764    i_xlnx_clk_gen/inst/clk_out1_xlnx_clk_gen
    BUFGCTRL_X0Y16       BUFG (Prop_bufg_I_O)         0.091    16.855 r  i_xlnx_clk_gen/inst/clkout1_buf/O
                         net (fo=20038, routed)       1.534    18.389    i_ariane/i_cva6/ex_stage_i/clk_out1
    SLICE_X66Y83         FDCE                                         r  i_ariane/i_cva6/ex_stage_i/asid_to_be_flushed_reg[0]/C
                         clock pessimism              0.467    18.855    
                         clock uncertainty           -0.079    18.776    
    SLICE_X66Y83         FDCE (Setup_fdce_C_D)       -0.013    18.763    i_ariane/i_cva6/ex_stage_i/asid_to_be_flushed_reg[0]
  -------------------------------------------------------------------
                         required time                         18.763    
                         arrival time                         -22.428    
  -------------------------------------------------------------------
                         slack                                 -3.665    

Slack (VIOLATED) :        -3.614ns  (required time - arrival time)
  Source:                 i_ariane/i_cva6/issue_stage_i/i_issue_read_operands/cvxif_valid_q_reg/C
                            (rising edge-triggered cell FDCE clocked by clk_out1_xlnx_clk_gen  {rise@0.000ns fall@10.000ns period=20.000ns})
  Destination:            i_ariane/i_cva6/issue_stage_i/i_issue_read_operands/operand_e_q_reg[7]/D
                            (rising edge-triggered cell FDCE clocked by clk_out1_xlnx_clk_gen  {rise@0.000ns fall@10.000ns period=20.000ns})
  Path Group:             clk_out1_xlnx_clk_gen
  Path Type:              Setup (Max at Slow Process Corner)
  Requirement:            20.000ns  (clk_out1_xlnx_clk_gen rise@20.000ns - clk_out1_xlnx_clk_gen rise@0.000ns)
  Data Path Delay:        23.504ns  (logic 7.458ns (31.731%)  route 16.046ns (68.269%))
  Logic Levels:           27  (CARRY4=9 LUT2=2 LUT3=6 LUT5=1 LUT6=8 MUXF7=1)
  Clock Path Skew:        -0.095ns (DCD - SCD + CPR)
    Destination Clock Delay (DCD):    -1.607ns = ( 18.393 - 20.000 ) 
    Source Clock Delay      (SCD):    -1.045ns
    Clock Pessimism Removal (CPR):    0.467ns
  Clock Uncertainty:      0.079ns  ((TSJ^2 + DJ^2)^1/2) / 2 + PE
    Total System Jitter     (TSJ):    0.071ns
    Discrete Jitter          (DJ):    0.142ns
    Phase Error              (PE):    0.000ns

    Location             Delay type                Incr(ns)  Path(ns)    Netlist Resource(s)
  -------------------------------------------------------------------    -------------------
                         (clock clk_out1_xlnx_clk_gen rise edge)
                                                      0.000     0.000 r  
    K17                                               0.000     0.000 r  clk_sys (IN)
                         net (fo=0)                   0.000     0.000    i_xlnx_clk_gen/inst/clk_in1
    K17                  IBUF (Prop_ibuf_I_O)         1.475     1.475 r  i_xlnx_clk_gen/inst/clkin1_ibufg/O
                         net (fo=1, routed)           1.285     2.760    i_xlnx_clk_gen/inst/clk_in1_xlnx_clk_gen
    MMCME2_ADV_X1Y2      MMCME2_ADV (Prop_mmcme2_adv_CLKIN1_CLKOUT0)
                                                     -7.759    -4.999 r  i_xlnx_clk_gen/inst/mmcm_adv_inst/CLKOUT0
                         net (fo=1, routed)           2.206    -2.793    i_xlnx_clk_gen/inst/clk_out1_xlnx_clk_gen
    BUFGCTRL_X0Y16       BUFG (Prop_bufg_I_O)         0.101    -2.692 r  i_xlnx_clk_gen/inst/clkout1_buf/O
                         net (fo=20038, routed)       1.647    -1.045    i_ariane/i_cva6/issue_stage_i/i_issue_read_operands/clk_out1
    SLICE_X48Y88         FDCE                                         r  i_ariane/i_cva6/issue_stage_i/i_issue_read_operands/cvxif_valid_q_reg/C
  -------------------------------------------------------------------    -------------------
    SLICE_X48Y88         FDCE (Prop_fdce_C_Q)         0.456    -0.589 f  i_ariane/i_cva6/issue_stage_i/i_issue_read_operands/cvxif_valid_q_reg/Q
                         net (fo=637, routed)         0.830     0.240    i_ariane/i_cva6/issue_stage_i/i_issue_read_operands/cvxif_valid_q_reg_0
    SLICE_X49Y88         LUT2 (Prop_lut2_I0_O)        0.124     0.364 f  i_ariane/i_cva6/issue_stage_i/i_issue_read_operands/i___477_i_3/O
                         net (fo=12, routed)          0.694     1.058    i_ariane/gen_example_coprocessor.i_cvxif_coprocessor/cvxif_req[x_issue_req][instr][6]
    SLICE_X48Y88         LUT3 (Prop_lut3_I1_O)        0.152     1.210 r  i_ariane/gen_example_coprocessor.i_cvxif_coprocessor/i___0_i_7/O
                         net (fo=2, routed)           0.959     2.169    i_ariane/i_cva6/issue_stage_i/i_issue_read_operands/weight_buffer2_reg_265
    SLICE_X48Y91         LUT6 (Prop_lut6_I2_O)        0.326     2.495 r  i_ariane/i_cva6/issue_stage_i/i_issue_read_operands/i___206_i_4/O
                         net (fo=788, routed)         0.423     2.919    i_ariane/gen_example_coprocessor.i_cvxif_coprocessor/rd_block_cnt_q_reg[0]_0
    SLICE_X48Y90         LUT6 (Prop_lut6_I5_O)        0.124     3.043 r  i_ariane/gen_example_coprocessor.i_cvxif_coprocessor/i___478/O
                         net (fo=157, routed)         1.376     4.419    i_ariane/i_cva6/issue_stage_i/i_issue_read_operands/req_o[is_mac16buf_para]
    SLICE_X43Y102        LUT6 (Prop_lut6_I5_O)        0.124     4.543 r  i_ariane/i_cva6/issue_stage_i/i_issue_read_operands/i___239_i_2/O
                         net (fo=9, routed)           0.846     5.389    i_ariane/i_cva6/issue_stage_i/i_issue_read_operands/operand_h_q_reg[27]_0
    SLICE_X44Y101        LUT6 (Prop_lut6_I0_O)        0.124     5.513 f  i_ariane/i_cva6/issue_stage_i/i_issue_read_operands/i___635_i_2/O
                         net (fo=3, routed)           0.327     5.840    i_ariane/i_cva6/issue_stage_i/i_issue_read_operands/weight_buffer2_reg_203
    SLICE_X44Y102        LUT3 (Prop_lut3_I1_O)        0.124     5.964 r  i_ariane/i_cva6/issue_stage_i/i_issue_read_operands/i___405_i_10/O
                         net (fo=1, routed)           0.978     6.943    i_ariane/gen_example_coprocessor.i_cvxif_coprocessor/i___405_0[1]
    SLICE_X42Y101        CARRY4 (Prop_carry4_DI[1]_CO[3])
                                                      0.520     7.463 r  i_ariane/gen_example_coprocessor.i_cvxif_coprocessor/i___405_i_3/CO[3]
                         net (fo=1, routed)           0.000     7.463    i_ariane/gen_example_coprocessor.i_cvxif_coprocessor/i___405_i_3_n_1
    SLICE_X42Y102        CARRY4 (Prop_carry4_CI_O[0])
                                                      0.219     7.682 r  i_ariane/gen_example_coprocessor.i_cvxif_coprocessor/i___436_i_28/O[0]
                         net (fo=3, routed)           0.623     8.304    i_ariane/gen_example_coprocessor.i_cvxif_coprocessor/i___436_i_28_n_8
    SLICE_X40Y103        LUT3 (Prop_lut3_I2_O)        0.295     8.599 r  i_ariane/gen_example_coprocessor.i_cvxif_coprocessor/i___436_i_22/O
                         net (fo=1, routed)           0.682     9.281    i_ariane/gen_example_coprocessor.i_cvxif_coprocessor/i___436_i_22_n_1
    SLICE_X41Y100        CARRY4 (Prop_carry4_DI[1]_O[2])
                                                      0.537     9.818 r  i_ariane/gen_example_coprocessor.i_cvxif_coprocessor/i___436_i_4/O[2]
                         net (fo=3, routed)           0.600    10.418    i_ariane/gen_example_coprocessor.i_cvxif_coprocessor/i___436_i_4_n_6
    SLICE_X47Y98         LUT3 (Prop_lut3_I2_O)        0.302    10.720 r  i_ariane/gen_example_coprocessor.i_cvxif_coprocessor/acc_q[19]_i_48/O
                         net (fo=1, routed)           0.968    11.688    i_ariane/gen_example_coprocessor.i_cvxif_coprocessor/acc_q[19]_i_48_n_1
    SLICE_X46Y96         CARRY4 (Prop_carry4_DI[3]_CO[3])
                                                      0.396    12.084 r  i_ariane/gen_example_coprocessor.i_cvxif_coprocessor/acc_q_reg[19]_i_38/CO[3]
                         net (fo=1, routed)           0.000    12.084    i_ariane/gen_example_coprocessor.i_cvxif_coprocessor/acc_q_reg[19]_i_38_n_1
    SLICE_X46Y97         CARRY4 (Prop_carry4_CI_O[0])
                                                      0.219    12.303 r  i_ariane/gen_example_coprocessor.i_cvxif_coprocessor/acc_q_reg[23]_i_23/O[0]
                         net (fo=3, routed)           0.778    13.081    i_ariane/gen_example_coprocessor.i_cvxif_coprocessor/acc_q_reg[23]_i_23_n_8
    SLICE_X45Y93         LUT3 (Prop_lut3_I1_O)        0.295    13.376 r  i_ariane/gen_example_coprocessor.i_cvxif_coprocessor/acc_q[19]_i_16/O
                         net (fo=1, routed)           0.670    14.046    i_ariane/gen_example_coprocessor.i_cvxif_coprocessor/acc_q[19]_i_16_n_1
    SLICE_X44Y91         CARRY4 (Prop_carry4_DI[1]_O[3])
                                                      0.596    14.642 r  i_ariane/gen_example_coprocessor.i_cvxif_coprocessor/acc_q_reg[19]_i_11/O[3]
                         net (fo=3, routed)           0.622    15.264    i_ariane/gen_example_coprocessor.i_cvxif_coprocessor/acc_q_reg[19]_i_11_n_5
    SLICE_X43Y87         LUT3 (Prop_lut3_I0_O)        0.306    15.570 r  i_ariane/gen_example_coprocessor.i_cvxif_coprocessor/acc_q[19]_i_6/O
                         net (fo=1, routed)           0.609    16.179    i_ariane/gen_example_coprocessor.i_cvxif_coprocessor/acc_q[19]_i_6_n_1
    SLICE_X45Y86         CARRY4 (Prop_carry4_DI[0]_CO[3])
                                                      0.526    16.705 r  i_ariane/gen_example_coprocessor.i_cvxif_coprocessor/acc_q_reg[19]_i_2/CO[3]
                         net (fo=1, routed)           0.000    16.705    i_ariane/gen_example_coprocessor.i_cvxif_coprocessor/acc_q_reg[19]_i_2_n_1
    SLICE_X45Y87         CARRY4 (Prop_carry4_CI_CO[3])
                                                      0.114    16.819 r  i_ariane/gen_example_coprocessor.i_cvxif_coprocessor/acc_q_reg[23]_i_2/CO[3]
                         net (fo=1, routed)           0.000    16.819    i_ariane/gen_example_coprocessor.i_cvxif_coprocessor/acc_q_reg[23]_i_2_n_1
    SLICE_X45Y88         CARRY4 (Prop_carry4_CI_O[2])
                                                      0.239    17.058 r  i_ariane/gen_example_coprocessor.i_cvxif_coprocessor/acc_q_reg[27]_i_2/O[2]
                         net (fo=3, routed)           1.036    18.094    i_ariane/gen_example_coprocessor.i_cvxif_coprocessor/acc_q[27]_i_10_0[2]
    SLICE_X48Y85         LUT5 (Prop_lut5_I3_O)        0.302    18.396 r  i_ariane/gen_example_coprocessor.i_cvxif_coprocessor/mem_q[0][sbe][result][7]_i_11/O
                         net (fo=1, routed)           0.571    18.967    i_ariane/gen_example_coprocessor.i_cvxif_coprocessor/mem_q[0][sbe][result][7]_i_11_n_1
    SLICE_X49Y84         LUT6 (Prop_lut6_I3_O)        0.124    19.091 r  i_ariane/gen_example_coprocessor.i_cvxif_coprocessor/mem_q[0][sbe][result][7]_i_5_comp/O
                         net (fo=12, routed)          0.607    19.698    i_ariane/gen_example_coprocessor.i_cvxif_coprocessor/fifo_commit_i/gen_fpga_queue.fifo_ram/sat_shift8_u81
    SLICE_X50Y83         LUT6 (Prop_lut6_I4_O)        0.124    19.822 r  i_ariane/gen_example_coprocessor.i_cvxif_coprocessor/fifo_commit_i/gen_fpga_queue.fifo_ram/mem_q[0][sbe][result][7]_i_2/O
                         net (fo=5, routed)           0.663    20.485    i_ariane/gen_example_coprocessor.i_cvxif_coprocessor/fifo_commit_i/gen_fpga_queue.fifo_ram/acc_q_reg[27]_i_2[7]
    SLICE_X51Y88         LUT2 (Prop_lut2_I1_O)        0.117    20.602 r  i_ariane/gen_example_coprocessor.i_cvxif_coprocessor/fifo_commit_i/gen_fpga_queue.fifo_ram/operand_f_q[7]_i_5/O
                         net (fo=8, routed)           0.881    21.483    i_ariane/i_cva6/issue_stage_i/i_scoreboard/x_result_ex_id[7]
    SLICE_X60Y88         LUT6 (Prop_lut6_I3_O)        0.332    21.815 r  i_ariane/i_cva6/issue_stage_i/i_scoreboard/operand_e_q[7]_i_9/O
                         net (fo=1, routed)           0.302    22.117    i_ariane/i_cva6/issue_stage_i/i_scoreboard/operand_e_q[7]_i_9_n_1
    SLICE_X60Y89         LUT6 (Prop_lut6_I3_O)        0.124    22.241 r  i_ariane/i_cva6/issue_stage_i/i_scoreboard/operand_e_q[7]_i_3/O
                         net (fo=1, routed)           0.000    22.241    i_ariane/i_cva6/issue_stage_i/i_scoreboard/rs5_sb_iro[7]
    SLICE_X60Y89         MUXF7 (Prop_muxf7_I1_O)      0.217    22.458 r  i_ariane/i_cva6/issue_stage_i/i_scoreboard/operand_e_q_reg[7]_i_1/O
                         net (fo=1, routed)           0.000    22.458    i_ariane/i_cva6/issue_stage_i/i_issue_read_operands/operand_e_q_reg[31]_1[7]
    SLICE_X60Y89         FDCE                                         r  i_ariane/i_cva6/issue_stage_i/i_issue_read_operands/operand_e_q_reg[7]/D
  -------------------------------------------------------------------    -------------------

                         (clock clk_out1_xlnx_clk_gen rise edge)
                                                     20.000    20.000 r  
    K17                                               0.000    20.000 r  clk_sys (IN)
                         net (fo=0)                   0.000    20.000    i_xlnx_clk_gen/inst/clk_in1
    K17                  IBUF (Prop_ibuf_I_O)         1.404    21.404 r  i_xlnx_clk_gen/inst/clkin1_ibufg/O
                         net (fo=1, routed)           1.162    22.566    i_xlnx_clk_gen/inst/clk_in1_xlnx_clk_gen
    MMCME2_ADV_X1Y2      MMCME2_ADV (Prop_mmcme2_adv_CLKIN1_CLKOUT0)
                                                     -7.814    14.752 r  i_xlnx_clk_gen/inst/mmcm_adv_inst/CLKOUT0
                         net (fo=1, routed)           2.012    16.764    i_xlnx_clk_gen/inst/clk_out1_xlnx_clk_gen
    BUFGCTRL_X0Y16       BUFG (Prop_bufg_I_O)         0.091    16.855 r  i_xlnx_clk_gen/inst/clkout1_buf/O
                         net (fo=20038, routed)       1.538    18.393    i_ariane/i_cva6/issue_stage_i/i_issue_read_operands/clk_out1
    SLICE_X60Y89         FDCE                                         r  i_ariane/i_cva6/issue_stage_i/i_issue_read_operands/operand_e_q_reg[7]/C
                         clock pessimism              0.467    18.860    
                         clock uncertainty           -0.079    18.780    
    SLICE_X60Y89         FDCE (Setup_fdce_C_D)        0.064    18.844    i_ariane/i_cva6/issue_stage_i/i_issue_read_operands/operand_e_q_reg[7]
  -------------------------------------------------------------------
                         required time                         18.844    
                         arrival time                         -22.458    
  -------------------------------------------------------------------
                         slack                                 -3.614    

Slack (VIOLATED) :        -3.579ns  (required time - arrival time)
  Source:                 i_ariane/i_cva6/issue_stage_i/i_issue_read_operands/cvxif_valid_q_reg/C
                            (rising edge-triggered cell FDCE clocked by clk_out1_xlnx_clk_gen  {rise@0.000ns fall@10.000ns period=20.000ns})
  Destination:            i_ariane/i_cva6/issue_stage_i/i_issue_read_operands/operand_d_q_reg[5]/D
                            (rising edge-triggered cell FDCE clocked by clk_out1_xlnx_clk_gen  {rise@0.000ns fall@10.000ns period=20.000ns})
  Path Group:             clk_out1_xlnx_clk_gen
  Path Type:              Setup (Max at Slow Process Corner)
  Requirement:            20.000ns  (clk_out1_xlnx_clk_gen rise@20.000ns - clk_out1_xlnx_clk_gen rise@0.000ns)
  Data Path Delay:        23.466ns  (logic 7.257ns (30.926%)  route 16.209ns (69.074%))
  Logic Levels:           27  (CARRY4=9 LUT2=2 LUT3=6 LUT5=1 LUT6=8 MUXF7=1)
  Clock Path Skew:        -0.098ns (DCD - SCD + CPR)
    Destination Clock Delay (DCD):    -1.610ns = ( 18.390 - 20.000 ) 
    Source Clock Delay      (SCD):    -1.045ns
    Clock Pessimism Removal (CPR):    0.467ns
  Clock Uncertainty:      0.079ns  ((TSJ^2 + DJ^2)^1/2) / 2 + PE
    Total System Jitter     (TSJ):    0.071ns
    Discrete Jitter          (DJ):    0.142ns
    Phase Error              (PE):    0.000ns

    Location             Delay type                Incr(ns)  Path(ns)    Netlist Resource(s)
  -------------------------------------------------------------------    -------------------
                         (clock clk_out1_xlnx_clk_gen rise edge)
                                                      0.000     0.000 r  
    K17                                               0.000     0.000 r  clk_sys (IN)
                         net (fo=0)                   0.000     0.000    i_xlnx_clk_gen/inst/clk_in1
    K17                  IBUF (Prop_ibuf_I_O)         1.475     1.475 r  i_xlnx_clk_gen/inst/clkin1_ibufg/O
                         net (fo=1, routed)           1.285     2.760    i_xlnx_clk_gen/inst/clk_in1_xlnx_clk_gen
    MMCME2_ADV_X1Y2      MMCME2_ADV (Prop_mmcme2_adv_CLKIN1_CLKOUT0)
                                                     -7.759    -4.999 r  i_xlnx_clk_gen/inst/mmcm_adv_inst/CLKOUT0
                         net (fo=1, routed)           2.206    -2.793    i_xlnx_clk_gen/inst/clk_out1_xlnx_clk_gen
    BUFGCTRL_X0Y16       BUFG (Prop_bufg_I_O)         0.101    -2.692 r  i_xlnx_clk_gen/inst/clkout1_buf/O
                         net (fo=20038, routed)       1.647    -1.045    i_ariane/i_cva6/issue_stage_i/i_issue_read_operands/clk_out1
    SLICE_X48Y88         FDCE                                         r  i_ariane/i_cva6/issue_stage_i/i_issue_read_operands/cvxif_valid_q_reg/C
  -------------------------------------------------------------------    -------------------
    SLICE_X48Y88         FDCE (Prop_fdce_C_Q)         0.456    -0.589 f  i_ariane/i_cva6/issue_stage_i/i_issue_read_operands/cvxif_valid_q_reg/Q
                         net (fo=637, routed)         0.830     0.240    i_ariane/i_cva6/issue_stage_i/i_issue_read_operands/cvxif_valid_q_reg_0
    SLICE_X49Y88         LUT2 (Prop_lut2_I0_O)        0.124     0.364 f  i_ariane/i_cva6/issue_stage_i/i_issue_read_operands/i___477_i_3/O
                         net (fo=12, routed)          0.694     1.058    i_ariane/gen_example_coprocessor.i_cvxif_coprocessor/cvxif_req[x_issue_req][instr][6]
    SLICE_X48Y88         LUT3 (Prop_lut3_I1_O)        0.152     1.210 r  i_ariane/gen_example_coprocessor.i_cvxif_coprocessor/i___0_i_7/O
                         net (fo=2, routed)           0.959     2.169    i_ariane/i_cva6/issue_stage_i/i_issue_read_operands/weight_buffer2_reg_265
    SLICE_X48Y91         LUT6 (Prop_lut6_I2_O)        0.326     2.495 r  i_ariane/i_cva6/issue_stage_i/i_issue_read_operands/i___206_i_4/O
                         net (fo=788, routed)         0.423     2.919    i_ariane/gen_example_coprocessor.i_cvxif_coprocessor/rd_block_cnt_q_reg[0]_0
    SLICE_X48Y90         LUT6 (Prop_lut6_I5_O)        0.124     3.043 r  i_ariane/gen_example_coprocessor.i_cvxif_coprocessor/i___478/O
                         net (fo=157, routed)         1.376     4.419    i_ariane/i_cva6/issue_stage_i/i_issue_read_operands/req_o[is_mac16buf_para]
    SLICE_X43Y102        LUT6 (Prop_lut6_I5_O)        0.124     4.543 r  i_ariane/i_cva6/issue_stage_i/i_issue_read_operands/i___239_i_2/O
                         net (fo=9, routed)           0.846     5.389    i_ariane/i_cva6/issue_stage_i/i_issue_read_operands/operand_h_q_reg[27]_0
    SLICE_X44Y101        LUT6 (Prop_lut6_I0_O)        0.124     5.513 f  i_ariane/i_cva6/issue_stage_i/i_issue_read_operands/i___635_i_2/O
                         net (fo=3, routed)           0.327     5.840    i_ariane/i_cva6/issue_stage_i/i_issue_read_operands/weight_buffer2_reg_203
    SLICE_X44Y102        LUT3 (Prop_lut3_I1_O)        0.124     5.964 r  i_ariane/i_cva6/issue_stage_i/i_issue_read_operands/i___405_i_10/O
                         net (fo=1, routed)           0.978     6.943    i_ariane/gen_example_coprocessor.i_cvxif_coprocessor/i___405_0[1]
    SLICE_X42Y101        CARRY4 (Prop_carry4_DI[1]_CO[3])
                                                      0.520     7.463 r  i_ariane/gen_example_coprocessor.i_cvxif_coprocessor/i___405_i_3/CO[3]
                         net (fo=1, routed)           0.000     7.463    i_ariane/gen_example_coprocessor.i_cvxif_coprocessor/i___405_i_3_n_1
    SLICE_X42Y102        CARRY4 (Prop_carry4_CI_O[0])
                                                      0.219     7.682 r  i_ariane/gen_example_coprocessor.i_cvxif_coprocessor/i___436_i_28/O[0]
                         net (fo=3, routed)           0.623     8.304    i_ariane/gen_example_coprocessor.i_cvxif_coprocessor/i___436_i_28_n_8
    SLICE_X40Y103        LUT3 (Prop_lut3_I2_O)        0.295     8.599 r  i_ariane/gen_example_coprocessor.i_cvxif_coprocessor/i___436_i_22/O
                         net (fo=1, routed)           0.682     9.281    i_ariane/gen_example_coprocessor.i_cvxif_coprocessor/i___436_i_22_n_1
    SLICE_X41Y100        CARRY4 (Prop_carry4_DI[1]_O[2])
                                                      0.537     9.818 r  i_ariane/gen_example_coprocessor.i_cvxif_coprocessor/i___436_i_4/O[2]
                         net (fo=3, routed)           0.600    10.418    i_ariane/gen_example_coprocessor.i_cvxif_coprocessor/i___436_i_4_n_6
    SLICE_X47Y98         LUT3 (Prop_lut3_I2_O)        0.302    10.720 r  i_ariane/gen_example_coprocessor.i_cvxif_coprocessor/acc_q[19]_i_48/O
                         net (fo=1, routed)           0.968    11.688    i_ariane/gen_example_coprocessor.i_cvxif_coprocessor/acc_q[19]_i_48_n_1
    SLICE_X46Y96         CARRY4 (Prop_carry4_DI[3]_CO[3])
                                                      0.396    12.084 r  i_ariane/gen_example_coprocessor.i_cvxif_coprocessor/acc_q_reg[19]_i_38/CO[3]
                         net (fo=1, routed)           0.000    12.084    i_ariane/gen_example_coprocessor.i_cvxif_coprocessor/acc_q_reg[19]_i_38_n_1
    SLICE_X46Y97         CARRY4 (Prop_carry4_CI_O[0])
                                                      0.219    12.303 r  i_ariane/gen_example_coprocessor.i_cvxif_coprocessor/acc_q_reg[23]_i_23/O[0]
                         net (fo=3, routed)           0.778    13.081    i_ariane/gen_example_coprocessor.i_cvxif_coprocessor/acc_q_reg[23]_i_23_n_8
    SLICE_X45Y93         LUT3 (Prop_lut3_I1_O)        0.295    13.376 r  i_ariane/gen_example_coprocessor.i_cvxif_coprocessor/acc_q[19]_i_16/O
                         net (fo=1, routed)           0.670    14.046    i_ariane/gen_example_coprocessor.i_cvxif_coprocessor/acc_q[19]_i_16_n_1
    SLICE_X44Y91         CARRY4 (Prop_carry4_DI[1]_O[3])
                                                      0.596    14.642 r  i_ariane/gen_example_coprocessor.i_cvxif_coprocessor/acc_q_reg[19]_i_11/O[3]
                         net (fo=3, routed)           0.622    15.264    i_ariane/gen_example_coprocessor.i_cvxif_coprocessor/acc_q_reg[19]_i_11_n_5
    SLICE_X43Y87         LUT3 (Prop_lut3_I0_O)        0.306    15.570 r  i_ariane/gen_example_coprocessor.i_cvxif_coprocessor/acc_q[19]_i_6/O
                         net (fo=1, routed)           0.609    16.179    i_ariane/gen_example_coprocessor.i_cvxif_coprocessor/acc_q[19]_i_6_n_1
    SLICE_X45Y86         CARRY4 (Prop_carry4_DI[0]_CO[3])
                                                      0.526    16.705 r  i_ariane/gen_example_coprocessor.i_cvxif_coprocessor/acc_q_reg[19]_i_2/CO[3]
                         net (fo=1, routed)           0.000    16.705    i_ariane/gen_example_coprocessor.i_cvxif_coprocessor/acc_q_reg[19]_i_2_n_1
    SLICE_X45Y87         CARRY4 (Prop_carry4_CI_CO[3])
                                                      0.114    16.819 r  i_ariane/gen_example_coprocessor.i_cvxif_coprocessor/acc_q_reg[23]_i_2/CO[3]
                         net (fo=1, routed)           0.000    16.819    i_ariane/gen_example_coprocessor.i_cvxif_coprocessor/acc_q_reg[23]_i_2_n_1
    SLICE_X45Y88         CARRY4 (Prop_carry4_CI_O[2])
                                                      0.239    17.058 r  i_ariane/gen_example_coprocessor.i_cvxif_coprocessor/acc_q_reg[27]_i_2/O[2]
                         net (fo=3, routed)           1.036    18.094    i_ariane/gen_example_coprocessor.i_cvxif_coprocessor/acc_q[27]_i_10_0[2]
    SLICE_X48Y85         LUT5 (Prop_lut5_I3_O)        0.302    18.396 r  i_ariane/gen_example_coprocessor.i_cvxif_coprocessor/mem_q[0][sbe][result][7]_i_11/O
                         net (fo=1, routed)           0.571    18.967    i_ariane/gen_example_coprocessor.i_cvxif_coprocessor/mem_q[0][sbe][result][7]_i_11_n_1
    SLICE_X49Y84         LUT6 (Prop_lut6_I3_O)        0.124    19.091 r  i_ariane/gen_example_coprocessor.i_cvxif_coprocessor/mem_q[0][sbe][result][7]_i_5_comp/O
                         net (fo=12, routed)          0.637    19.728    i_ariane/gen_example_coprocessor.i_cvxif_coprocessor/fifo_commit_i/gen_fpga_queue.fifo_ram/sat_shift8_u81
    SLICE_X49Y83         LUT6 (Prop_lut6_I4_O)        0.124    19.852 r  i_ariane/gen_example_coprocessor.i_cvxif_coprocessor/fifo_commit_i/gen_fpga_queue.fifo_ram/mem_q[0][sbe][result][5]_i_2/O
                         net (fo=6, routed)           0.774    20.626    i_ariane/gen_example_coprocessor.i_cvxif_coprocessor/fifo_commit_i/gen_fpga_queue.fifo_ram/acc_q_reg[27]_i_2[5]
    SLICE_X50Y83         LUT2 (Prop_lut2_I1_O)        0.124    20.750 r  i_ariane/gen_example_coprocessor.i_cvxif_coprocessor/fifo_commit_i/gen_fpga_queue.fifo_ram/operand_f_q[5]_i_5/O
                         net (fo=7, routed)           0.762    21.512    i_ariane/i_cva6/issue_stage_i/i_scoreboard/x_result_ex_id[5]
    SLICE_X55Y87         LUT6 (Prop_lut6_I3_O)        0.124    21.636 r  i_ariane/i_cva6/issue_stage_i/i_scoreboard/operand_d_q[5]_i_9/O
                         net (fo=1, routed)           0.444    22.080    i_ariane/i_cva6/issue_stage_i/i_scoreboard/operand_d_q[5]_i_9_n_1
    SLICE_X59Y89         LUT6 (Prop_lut6_I3_O)        0.124    22.204 r  i_ariane/i_cva6/issue_stage_i/i_scoreboard/operand_d_q[5]_i_3/O
                         net (fo=1, routed)           0.000    22.204    i_ariane/i_cva6/issue_stage_i/i_issue_read_operands/gen_fpga_regfile.i_ariane_regfile_fpga/rs4_sb_iro[5]
    SLICE_X59Y89         MUXF7 (Prop_muxf7_I1_O)      0.217    22.421 r  i_ariane/i_cva6/issue_stage_i/i_issue_read_operands/gen_fpga_regfile.i_ariane_regfile_fpga/operand_d_q_reg[5]_i_1/O
                         net (fo=1, routed)           0.000    22.421    i_ariane/i_cva6/issue_stage_i/i_issue_read_operands/operand_d_n[5]
    SLICE_X59Y89         FDCE                                         r  i_ariane/i_cva6/issue_stage_i/i_issue_read_operands/operand_d_q_reg[5]/D
  -------------------------------------------------------------------    -------------------

                         (clock clk_out1_xlnx_clk_gen rise edge)
                                                     20.000    20.000 r  
    K17                                               0.000    20.000 r  clk_sys (IN)
                         net (fo=0)                   0.000    20.000    i_xlnx_clk_gen/inst/clk_in1
    K17                  IBUF (Prop_ibuf_I_O)         1.404    21.404 r  i_xlnx_clk_gen/inst/clkin1_ibufg/O
                         net (fo=1, routed)           1.162    22.566    i_xlnx_clk_gen/inst/clk_in1_xlnx_clk_gen
    MMCME2_ADV_X1Y2      MMCME2_ADV (Prop_mmcme2_adv_CLKIN1_CLKOUT0)
                                                     -7.814    14.752 r  i_xlnx_clk_gen/inst/mmcm_adv_inst/CLKOUT0
                         net (fo=1, routed)           2.012    16.764    i_xlnx_clk_gen/inst/clk_out1_xlnx_clk_gen
    BUFGCTRL_X0Y16       BUFG (Prop_bufg_I_O)         0.091    16.855 r  i_xlnx_clk_gen/inst/clkout1_buf/O
                         net (fo=20038, routed)       1.535    18.390    i_ariane/i_cva6/issue_stage_i/i_issue_read_operands/clk_out1
    SLICE_X59Y89         FDCE                                         r  i_ariane/i_cva6/issue_stage_i/i_issue_read_operands/operand_d_q_reg[5]/C
                         clock pessimism              0.467    18.857    
                         clock uncertainty           -0.079    18.777    
    SLICE_X59Y89         FDCE (Setup_fdce_C_D)        0.064    18.841    i_ariane/i_cva6/issue_stage_i/i_issue_read_operands/operand_d_q_reg[5]
  -------------------------------------------------------------------
                         required time                         18.841    
                         arrival time                         -22.421    
  -------------------------------------------------------------------
                         slack                                 -3.579    

Slack (VIOLATED) :        -3.555ns  (required time - arrival time)
  Source:                 i_ariane/i_cva6/issue_stage_i/i_issue_read_operands/cvxif_valid_q_reg/C
                            (rising edge-triggered cell FDCE clocked by clk_out1_xlnx_clk_gen  {rise@0.000ns fall@10.000ns period=20.000ns})
  Destination:            i_ariane/i_cva6/issue_stage_i/i_issue_read_operands/operand_b_q_reg[7]/D
                            (rising edge-triggered cell FDCE clocked by clk_out1_xlnx_clk_gen  {rise@0.000ns fall@10.000ns period=20.000ns})
  Path Group:             clk_out1_xlnx_clk_gen
  Path Type:              Setup (Max at Slow Process Corner)
  Requirement:            20.000ns  (clk_out1_xlnx_clk_gen rise@20.000ns - clk_out1_xlnx_clk_gen rise@0.000ns)
  Data Path Delay:        23.411ns  (logic 7.241ns (30.930%)  route 16.170ns (69.070%))
  Logic Levels:           26  (CARRY4=9 LUT2=2 LUT3=6 LUT5=2 LUT6=7)
  Clock Path Skew:        -0.096ns (DCD - SCD + CPR)
    Destination Clock Delay (DCD):    -1.608ns = ( 18.392 - 20.000 ) 
    Source Clock Delay      (SCD):    -1.045ns
    Clock Pessimism Removal (CPR):    0.467ns
  Clock Uncertainty:      0.079ns  ((TSJ^2 + DJ^2)^1/2) / 2 + PE
    Total System Jitter     (TSJ):    0.071ns
    Discrete Jitter          (DJ):    0.142ns
    Phase Error              (PE):    0.000ns

    Location             Delay type                Incr(ns)  Path(ns)    Netlist Resource(s)
  -------------------------------------------------------------------    -------------------
                         (clock clk_out1_xlnx_clk_gen rise edge)
                                                      0.000     0.000 r  
    K17                                               0.000     0.000 r  clk_sys (IN)
                         net (fo=0)                   0.000     0.000    i_xlnx_clk_gen/inst/clk_in1
    K17                  IBUF (Prop_ibuf_I_O)         1.475     1.475 r  i_xlnx_clk_gen/inst/clkin1_ibufg/O
                         net (fo=1, routed)           1.285     2.760    i_xlnx_clk_gen/inst/clk_in1_xlnx_clk_gen
    MMCME2_ADV_X1Y2      MMCME2_ADV (Prop_mmcme2_adv_CLKIN1_CLKOUT0)
                                                     -7.759    -4.999 r  i_xlnx_clk_gen/inst/mmcm_adv_inst/CLKOUT0
                         net (fo=1, routed)           2.206    -2.793    i_xlnx_clk_gen/inst/clk_out1_xlnx_clk_gen
    BUFGCTRL_X0Y16       BUFG (Prop_bufg_I_O)         0.101    -2.692 r  i_xlnx_clk_gen/inst/clkout1_buf/O
                         net (fo=20038, routed)       1.647    -1.045    i_ariane/i_cva6/issue_stage_i/i_issue_read_operands/clk_out1
    SLICE_X48Y88         FDCE                                         r  i_ariane/i_cva6/issue_stage_i/i_issue_read_operands/cvxif_valid_q_reg/C
  -------------------------------------------------------------------    -------------------
    SLICE_X48Y88         FDCE (Prop_fdce_C_Q)         0.456    -0.589 f  i_ariane/i_cva6/issue_stage_i/i_issue_read_operands/cvxif_valid_q_reg/Q
                         net (fo=637, routed)         0.830     0.240    i_ariane/i_cva6/issue_stage_i/i_issue_read_operands/cvxif_valid_q_reg_0
    SLICE_X49Y88         LUT2 (Prop_lut2_I0_O)        0.124     0.364 f  i_ariane/i_cva6/issue_stage_i/i_issue_read_operands/i___477_i_3/O
                         net (fo=12, routed)          0.694     1.058    i_ariane/gen_example_coprocessor.i_cvxif_coprocessor/cvxif_req[x_issue_req][instr][6]
    SLICE_X48Y88         LUT3 (Prop_lut3_I1_O)        0.152     1.210 r  i_ariane/gen_example_coprocessor.i_cvxif_coprocessor/i___0_i_7/O
                         net (fo=2, routed)           0.959     2.169    i_ariane/i_cva6/issue_stage_i/i_issue_read_operands/weight_buffer2_reg_265
    SLICE_X48Y91         LUT6 (Prop_lut6_I2_O)        0.326     2.495 r  i_ariane/i_cva6/issue_stage_i/i_issue_read_operands/i___206_i_4/O
                         net (fo=788, routed)         0.423     2.919    i_ariane/gen_example_coprocessor.i_cvxif_coprocessor/rd_block_cnt_q_reg[0]_0
    SLICE_X48Y90         LUT6 (Prop_lut6_I5_O)        0.124     3.043 r  i_ariane/gen_example_coprocessor.i_cvxif_coprocessor/i___478/O
                         net (fo=157, routed)         1.376     4.419    i_ariane/i_cva6/issue_stage_i/i_issue_read_operands/req_o[is_mac16buf_para]
    SLICE_X43Y102        LUT6 (Prop_lut6_I5_O)        0.124     4.543 r  i_ariane/i_cva6/issue_stage_i/i_issue_read_operands/i___239_i_2/O
                         net (fo=9, routed)           0.846     5.389    i_ariane/i_cva6/issue_stage_i/i_issue_read_operands/operand_h_q_reg[27]_0
    SLICE_X44Y101        LUT6 (Prop_lut6_I0_O)        0.124     5.513 f  i_ariane/i_cva6/issue_stage_i/i_issue_read_operands/i___635_i_2/O
                         net (fo=3, routed)           0.327     5.840    i_ariane/i_cva6/issue_stage_i/i_issue_read_operands/weight_buffer2_reg_203
    SLICE_X44Y102        LUT3 (Prop_lut3_I1_O)        0.124     5.964 r  i_ariane/i_cva6/issue_stage_i/i_issue_read_operands/i___405_i_10/O
                         net (fo=1, routed)           0.978     6.943    i_ariane/gen_example_coprocessor.i_cvxif_coprocessor/i___405_0[1]
    SLICE_X42Y101        CARRY4 (Prop_carry4_DI[1]_CO[3])
                                                      0.520     7.463 r  i_ariane/gen_example_coprocessor.i_cvxif_coprocessor/i___405_i_3/CO[3]
                         net (fo=1, routed)           0.000     7.463    i_ariane/gen_example_coprocessor.i_cvxif_coprocessor/i___405_i_3_n_1
    SLICE_X42Y102        CARRY4 (Prop_carry4_CI_O[0])
                                                      0.219     7.682 r  i_ariane/gen_example_coprocessor.i_cvxif_coprocessor/i___436_i_28/O[0]
                         net (fo=3, routed)           0.623     8.304    i_ariane/gen_example_coprocessor.i_cvxif_coprocessor/i___436_i_28_n_8
    SLICE_X40Y103        LUT3 (Prop_lut3_I2_O)        0.295     8.599 r  i_ariane/gen_example_coprocessor.i_cvxif_coprocessor/i___436_i_22/O
                         net (fo=1, routed)           0.682     9.281    i_ariane/gen_example_coprocessor.i_cvxif_coprocessor/i___436_i_22_n_1
    SLICE_X41Y100        CARRY4 (Prop_carry4_DI[1]_O[2])
                                                      0.537     9.818 r  i_ariane/gen_example_coprocessor.i_cvxif_coprocessor/i___436_i_4/O[2]
                         net (fo=3, routed)           0.600    10.418    i_ariane/gen_example_coprocessor.i_cvxif_coprocessor/i___436_i_4_n_6
    SLICE_X47Y98         LUT3 (Prop_lut3_I2_O)        0.302    10.720 r  i_ariane/gen_example_coprocessor.i_cvxif_coprocessor/acc_q[19]_i_48/O
                         net (fo=1, routed)           0.968    11.688    i_ariane/gen_example_coprocessor.i_cvxif_coprocessor/acc_q[19]_i_48_n_1
    SLICE_X46Y96         CARRY4 (Prop_carry4_DI[3]_CO[3])
                                                      0.396    12.084 r  i_ariane/gen_example_coprocessor.i_cvxif_coprocessor/acc_q_reg[19]_i_38/CO[3]
                         net (fo=1, routed)           0.000    12.084    i_ariane/gen_example_coprocessor.i_cvxif_coprocessor/acc_q_reg[19]_i_38_n_1
    SLICE_X46Y97         CARRY4 (Prop_carry4_CI_O[0])
                                                      0.219    12.303 r  i_ariane/gen_example_coprocessor.i_cvxif_coprocessor/acc_q_reg[23]_i_23/O[0]
                         net (fo=3, routed)           0.778    13.081    i_ariane/gen_example_coprocessor.i_cvxif_coprocessor/acc_q_reg[23]_i_23_n_8
    SLICE_X45Y93         LUT3 (Prop_lut3_I1_O)        0.295    13.376 r  i_ariane/gen_example_coprocessor.i_cvxif_coprocessor/acc_q[19]_i_16/O
                         net (fo=1, routed)           0.670    14.046    i_ariane/gen_example_coprocessor.i_cvxif_coprocessor/acc_q[19]_i_16_n_1
    SLICE_X44Y91         CARRY4 (Prop_carry4_DI[1]_O[3])
                                                      0.596    14.642 r  i_ariane/gen_example_coprocessor.i_cvxif_coprocessor/acc_q_reg[19]_i_11/O[3]
                         net (fo=3, routed)           0.622    15.264    i_ariane/gen_example_coprocessor.i_cvxif_coprocessor/acc_q_reg[19]_i_11_n_5
    SLICE_X43Y87         LUT3 (Prop_lut3_I0_O)        0.306    15.570 r  i_ariane/gen_example_coprocessor.i_cvxif_coprocessor/acc_q[19]_i_6/O
                         net (fo=1, routed)           0.609    16.179    i_ariane/gen_example_coprocessor.i_cvxif_coprocessor/acc_q[19]_i_6_n_1
    SLICE_X45Y86         CARRY4 (Prop_carry4_DI[0]_CO[3])
                                                      0.526    16.705 r  i_ariane/gen_example_coprocessor.i_cvxif_coprocessor/acc_q_reg[19]_i_2/CO[3]
                         net (fo=1, routed)           0.000    16.705    i_ariane/gen_example_coprocessor.i_cvxif_coprocessor/acc_q_reg[19]_i_2_n_1
    SLICE_X45Y87         CARRY4 (Prop_carry4_CI_CO[3])
                                                      0.114    16.819 r  i_ariane/gen_example_coprocessor.i_cvxif_coprocessor/acc_q_reg[23]_i_2/CO[3]
                         net (fo=1, routed)           0.000    16.819    i_ariane/gen_example_coprocessor.i_cvxif_coprocessor/acc_q_reg[23]_i_2_n_1
    SLICE_X45Y88         CARRY4 (Prop_carry4_CI_O[2])
                                                      0.239    17.058 r  i_ariane/gen_example_coprocessor.i_cvxif_coprocessor/acc_q_reg[27]_i_2/O[2]
                         net (fo=3, routed)           1.036    18.094    i_ariane/gen_example_coprocessor.i_cvxif_coprocessor/acc_q[27]_i_10_0[2]
    SLICE_X48Y85         LUT5 (Prop_lut5_I3_O)        0.302    18.396 r  i_ariane/gen_example_coprocessor.i_cvxif_coprocessor/mem_q[0][sbe][result][7]_i_11/O
                         net (fo=1, routed)           0.571    18.967    i_ariane/gen_example_coprocessor.i_cvxif_coprocessor/mem_q[0][sbe][result][7]_i_11_n_1
    SLICE_X49Y84         LUT6 (Prop_lut6_I3_O)        0.124    19.091 r  i_ariane/gen_example_coprocessor.i_cvxif_coprocessor/mem_q[0][sbe][result][7]_i_5_comp/O
                         net (fo=12, routed)          0.607    19.698    i_ariane/gen_example_coprocessor.i_cvxif_coprocessor/fifo_commit_i/gen_fpga_queue.fifo_ram/sat_shift8_u81
    SLICE_X50Y83         LUT6 (Prop_lut6_I4_O)        0.124    19.822 r  i_ariane/gen_example_coprocessor.i_cvxif_coprocessor/fifo_commit_i/gen_fpga_queue.fifo_ram/mem_q[0][sbe][result][7]_i_2/O
                         net (fo=5, routed)           0.663    20.485    i_ariane/gen_example_coprocessor.i_cvxif_coprocessor/fifo_commit_i/gen_fpga_queue.fifo_ram/acc_q_reg[27]_i_2[7]
    SLICE_X51Y88         LUT2 (Prop_lut2_I1_O)        0.117    20.602 r  i_ariane/gen_example_coprocessor.i_cvxif_coprocessor/fifo_commit_i/gen_fpga_queue.fifo_ram/operand_f_q[7]_i_5/O
                         net (fo=8, routed)           1.008    21.610    i_ariane/i_cva6/issue_stage_i/i_scoreboard/x_result_ex_id[7]
    SLICE_X61Y87         LUT6 (Prop_lut6_I3_O)        0.332    21.942 r  i_ariane/i_cva6/issue_stage_i/i_scoreboard/operand_b_q[7]_i_5/O
                         net (fo=1, routed)           0.299    22.241    i_ariane/i_cva6/id_stage_i/operand_b_q[7]_i_5_n_1_alias
    SLICE_X60Y88         LUT5 (Prop_lut5_I3_O)        0.124    22.365 r  i_ariane/i_cva6/id_stage_i/operand_b_q[7]_i_1_comp/O
                         net (fo=1, routed)           0.000    22.365    i_ariane/i_cva6/issue_stage_i/i_issue_read_operands/operand_b_q_reg[31]_3[7]
    SLICE_X60Y88         FDCE                                         r  i_ariane/i_cva6/issue_stage_i/i_issue_read_operands/operand_b_q_reg[7]/D
  -------------------------------------------------------------------    -------------------

                         (clock clk_out1_xlnx_clk_gen rise edge)
                                                     20.000    20.000 r  
    K17                                               0.000    20.000 r  clk_sys (IN)
                         net (fo=0)                   0.000    20.000    i_xlnx_clk_gen/inst/clk_in1
    K17                  IBUF (Prop_ibuf_I_O)         1.404    21.404 r  i_xlnx_clk_gen/inst/clkin1_ibufg/O
                         net (fo=1, routed)           1.162    22.566    i_xlnx_clk_gen/inst/clk_in1_xlnx_clk_gen
    MMCME2_ADV_X1Y2      MMCME2_ADV (Prop_mmcme2_adv_CLKIN1_CLKOUT0)
                                                     -7.814    14.752 r  i_xlnx_clk_gen/inst/mmcm_adv_inst/CLKOUT0
                         net (fo=1, routed)           2.012    16.764    i_xlnx_clk_gen/inst/clk_out1_xlnx_clk_gen
    BUFGCTRL_X0Y16       BUFG (Prop_bufg_I_O)         0.091    16.855 r  i_xlnx_clk_gen/inst/clkout1_buf/O
                         net (fo=20038, routed)       1.537    18.392    i_ariane/i_cva6/issue_stage_i/i_issue_read_operands/clk_out1
    SLICE_X60Y88         FDCE                                         r  i_ariane/i_cva6/issue_stage_i/i_issue_read_operands/operand_b_q_reg[7]/C
                         clock pessimism              0.467    18.858    
                         clock uncertainty           -0.079    18.779    
    SLICE_X60Y88         FDCE (Setup_fdce_C_D)        0.031    18.810    i_ariane/i_cva6/issue_stage_i/i_issue_read_operands/operand_b_q_reg[7]
  -------------------------------------------------------------------
                         required time                         18.810    
                         arrival time                         -22.365    
  -------------------------------------------------------------------
                         slack                                 -3.555    

Slack (VIOLATED) :        -3.548ns  (required time - arrival time)
  Source:                 i_ariane/i_cva6/issue_stage_i/i_issue_read_operands/cvxif_valid_q_reg/C
                            (rising edge-triggered cell FDCE clocked by clk_out1_xlnx_clk_gen  {rise@0.000ns fall@10.000ns period=20.000ns})
  Destination:            i_ariane/i_cva6/issue_stage_i/i_issue_read_operands/operand_g_q_reg[7]/D
                            (rising edge-triggered cell FDCE clocked by clk_out1_xlnx_clk_gen  {rise@0.000ns fall@10.000ns period=20.000ns})
  Path Group:             clk_out1_xlnx_clk_gen
  Path Type:              Setup (Max at Slow Process Corner)
  Requirement:            20.000ns  (clk_out1_xlnx_clk_gen rise@20.000ns - clk_out1_xlnx_clk_gen rise@0.000ns)
  Data Path Delay:        23.397ns  (logic 7.241ns (30.948%)  route 16.156ns (69.052%))
  Logic Levels:           26  (CARRY4=9 LUT2=2 LUT3=6 LUT5=1 LUT6=8)
  Clock Path Skew:        -0.100ns (DCD - SCD + CPR)
    Destination Clock Delay (DCD):    -1.612ns = ( 18.388 - 20.000 ) 
    Source Clock Delay      (SCD):    -1.045ns
    Clock Pessimism Removal (CPR):    0.467ns
  Clock Uncertainty:      0.079ns  ((TSJ^2 + DJ^2)^1/2) / 2 + PE
    Total System Jitter     (TSJ):    0.071ns
    Discrete Jitter          (DJ):    0.142ns
    Phase Error              (PE):    0.000ns

    Location             Delay type                Incr(ns)  Path(ns)    Netlist Resource(s)
  -------------------------------------------------------------------    -------------------
                         (clock clk_out1_xlnx_clk_gen rise edge)
                                                      0.000     0.000 r  
    K17                                               0.000     0.000 r  clk_sys (IN)
                         net (fo=0)                   0.000     0.000    i_xlnx_clk_gen/inst/clk_in1
    K17                  IBUF (Prop_ibuf_I_O)         1.475     1.475 r  i_xlnx_clk_gen/inst/clkin1_ibufg/O
                         net (fo=1, routed)           1.285     2.760    i_xlnx_clk_gen/inst/clk_in1_xlnx_clk_gen
    MMCME2_ADV_X1Y2      MMCME2_ADV (Prop_mmcme2_adv_CLKIN1_CLKOUT0)
                                                     -7.759    -4.999 r  i_xlnx_clk_gen/inst/mmcm_adv_inst/CLKOUT0
                         net (fo=1, routed)           2.206    -2.793    i_xlnx_clk_gen/inst/clk_out1_xlnx_clk_gen
    BUFGCTRL_X0Y16       BUFG (Prop_bufg_I_O)         0.101    -2.692 r  i_xlnx_clk_gen/inst/clkout1_buf/O
                         net (fo=20038, routed)       1.647    -1.045    i_ariane/i_cva6/issue_stage_i/i_issue_read_operands/clk_out1
    SLICE_X48Y88         FDCE                                         r  i_ariane/i_cva6/issue_stage_i/i_issue_read_operands/cvxif_valid_q_reg/C
  -------------------------------------------------------------------    -------------------
    SLICE_X48Y88         FDCE (Prop_fdce_C_Q)         0.456    -0.589 f  i_ariane/i_cva6/issue_stage_i/i_issue_read_operands/cvxif_valid_q_reg/Q
                         net (fo=637, routed)         0.830     0.240    i_ariane/i_cva6/issue_stage_i/i_issue_read_operands/cvxif_valid_q_reg_0
    SLICE_X49Y88         LUT2 (Prop_lut2_I0_O)        0.124     0.364 f  i_ariane/i_cva6/issue_stage_i/i_issue_read_operands/i___477_i_3/O
                         net (fo=12, routed)          0.694     1.058    i_ariane/gen_example_coprocessor.i_cvxif_coprocessor/cvxif_req[x_issue_req][instr][6]
    SLICE_X48Y88         LUT3 (Prop_lut3_I1_O)        0.152     1.210 r  i_ariane/gen_example_coprocessor.i_cvxif_coprocessor/i___0_i_7/O
                         net (fo=2, routed)           0.959     2.169    i_ariane/i_cva6/issue_stage_i/i_issue_read_operands/weight_buffer2_reg_265
    SLICE_X48Y91         LUT6 (Prop_lut6_I2_O)        0.326     2.495 r  i_ariane/i_cva6/issue_stage_i/i_issue_read_operands/i___206_i_4/O
                         net (fo=788, routed)         0.423     2.919    i_ariane/gen_example_coprocessor.i_cvxif_coprocessor/rd_block_cnt_q_reg[0]_0
    SLICE_X48Y90         LUT6 (Prop_lut6_I5_O)        0.124     3.043 r  i_ariane/gen_example_coprocessor.i_cvxif_coprocessor/i___478/O
                         net (fo=157, routed)         1.376     4.419    i_ariane/i_cva6/issue_stage_i/i_issue_read_operands/req_o[is_mac16buf_para]
    SLICE_X43Y102        LUT6 (Prop_lut6_I5_O)        0.124     4.543 r  i_ariane/i_cva6/issue_stage_i/i_issue_read_operands/i___239_i_2/O
                         net (fo=9, routed)           0.846     5.389    i_ariane/i_cva6/issue_stage_i/i_issue_read_operands/operand_h_q_reg[27]_0
    SLICE_X44Y101        LUT6 (Prop_lut6_I0_O)        0.124     5.513 f  i_ariane/i_cva6/issue_stage_i/i_issue_read_operands/i___635_i_2/O
                         net (fo=3, routed)           0.327     5.840    i_ariane/i_cva6/issue_stage_i/i_issue_read_operands/weight_buffer2_reg_203
    SLICE_X44Y102        LUT3 (Prop_lut3_I1_O)        0.124     5.964 r  i_ariane/i_cva6/issue_stage_i/i_issue_read_operands/i___405_i_10/O
                         net (fo=1, routed)           0.978     6.943    i_ariane/gen_example_coprocessor.i_cvxif_coprocessor/i___405_0[1]
    SLICE_X42Y101        CARRY4 (Prop_carry4_DI[1]_CO[3])
                                                      0.520     7.463 r  i_ariane/gen_example_coprocessor.i_cvxif_coprocessor/i___405_i_3/CO[3]
                         net (fo=1, routed)           0.000     7.463    i_ariane/gen_example_coprocessor.i_cvxif_coprocessor/i___405_i_3_n_1
    SLICE_X42Y102        CARRY4 (Prop_carry4_CI_O[0])
                                                      0.219     7.682 r  i_ariane/gen_example_coprocessor.i_cvxif_coprocessor/i___436_i_28/O[0]
                         net (fo=3, routed)           0.623     8.304    i_ariane/gen_example_coprocessor.i_cvxif_coprocessor/i___436_i_28_n_8
    SLICE_X40Y103        LUT3 (Prop_lut3_I2_O)        0.295     8.599 r  i_ariane/gen_example_coprocessor.i_cvxif_coprocessor/i___436_i_22/O
                         net (fo=1, routed)           0.682     9.281    i_ariane/gen_example_coprocessor.i_cvxif_coprocessor/i___436_i_22_n_1
    SLICE_X41Y100        CARRY4 (Prop_carry4_DI[1]_O[2])
                                                      0.537     9.818 r  i_ariane/gen_example_coprocessor.i_cvxif_coprocessor/i___436_i_4/O[2]
                         net (fo=3, routed)           0.600    10.418    i_ariane/gen_example_coprocessor.i_cvxif_coprocessor/i___436_i_4_n_6
    SLICE_X47Y98         LUT3 (Prop_lut3_I2_O)        0.302    10.720 r  i_ariane/gen_example_coprocessor.i_cvxif_coprocessor/acc_q[19]_i_48/O
                         net (fo=1, routed)           0.968    11.688    i_ariane/gen_example_coprocessor.i_cvxif_coprocessor/acc_q[19]_i_48_n_1
    SLICE_X46Y96         CARRY4 (Prop_carry4_DI[3]_CO[3])
                                                      0.396    12.084 r  i_ariane/gen_example_coprocessor.i_cvxif_coprocessor/acc_q_reg[19]_i_38/CO[3]
                         net (fo=1, routed)           0.000    12.084    i_ariane/gen_example_coprocessor.i_cvxif_coprocessor/acc_q_reg[19]_i_38_n_1
    SLICE_X46Y97         CARRY4 (Prop_carry4_CI_O[0])
                                                      0.219    12.303 r  i_ariane/gen_example_coprocessor.i_cvxif_coprocessor/acc_q_reg[23]_i_23/O[0]
                         net (fo=3, routed)           0.778    13.081    i_ariane/gen_example_coprocessor.i_cvxif_coprocessor/acc_q_reg[23]_i_23_n_8
    SLICE_X45Y93         LUT3 (Prop_lut3_I1_O)        0.295    13.376 r  i_ariane/gen_example_coprocessor.i_cvxif_coprocessor/acc_q[19]_i_16/O
                         net (fo=1, routed)           0.670    14.046    i_ariane/gen_example_coprocessor.i_cvxif_coprocessor/acc_q[19]_i_16_n_1
    SLICE_X44Y91         CARRY4 (Prop_carry4_DI[1]_O[3])
                                                      0.596    14.642 r  i_ariane/gen_example_coprocessor.i_cvxif_coprocessor/acc_q_reg[19]_i_11/O[3]
                         net (fo=3, routed)           0.622    15.264    i_ariane/gen_example_coprocessor.i_cvxif_coprocessor/acc_q_reg[19]_i_11_n_5
    SLICE_X43Y87         LUT3 (Prop_lut3_I0_O)        0.306    15.570 r  i_ariane/gen_example_coprocessor.i_cvxif_coprocessor/acc_q[19]_i_6/O
                         net (fo=1, routed)           0.609    16.179    i_ariane/gen_example_coprocessor.i_cvxif_coprocessor/acc_q[19]_i_6_n_1
    SLICE_X45Y86         CARRY4 (Prop_carry4_DI[0]_CO[3])
                                                      0.526    16.705 r  i_ariane/gen_example_coprocessor.i_cvxif_coprocessor/acc_q_reg[19]_i_2/CO[3]
                         net (fo=1, routed)           0.000    16.705    i_ariane/gen_example_coprocessor.i_cvxif_coprocessor/acc_q_reg[19]_i_2_n_1
    SLICE_X45Y87         CARRY4 (Prop_carry4_CI_CO[3])
                                                      0.114    16.819 r  i_ariane/gen_example_coprocessor.i_cvxif_coprocessor/acc_q_reg[23]_i_2/CO[3]
                         net (fo=1, routed)           0.000    16.819    i_ariane/gen_example_coprocessor.i_cvxif_coprocessor/acc_q_reg[23]_i_2_n_1
    SLICE_X45Y88         CARRY4 (Prop_carry4_CI_O[2])
                                                      0.239    17.058 r  i_ariane/gen_example_coprocessor.i_cvxif_coprocessor/acc_q_reg[27]_i_2/O[2]
                         net (fo=3, routed)           1.036    18.094    i_ariane/gen_example_coprocessor.i_cvxif_coprocessor/acc_q[27]_i_10_0[2]
    SLICE_X48Y85         LUT5 (Prop_lut5_I3_O)        0.302    18.396 r  i_ariane/gen_example_coprocessor.i_cvxif_coprocessor/mem_q[0][sbe][result][7]_i_11/O
                         net (fo=1, routed)           0.571    18.967    i_ariane/gen_example_coprocessor.i_cvxif_coprocessor/mem_q[0][sbe][result][7]_i_11_n_1
    SLICE_X49Y84         LUT6 (Prop_lut6_I3_O)        0.124    19.091 r  i_ariane/gen_example_coprocessor.i_cvxif_coprocessor/mem_q[0][sbe][result][7]_i_5_comp/O
                         net (fo=12, routed)          0.607    19.698    i_ariane/gen_example_coprocessor.i_cvxif_coprocessor/fifo_commit_i/gen_fpga_queue.fifo_ram/sat_shift8_u81
    SLICE_X50Y83         LUT6 (Prop_lut6_I4_O)        0.124    19.822 r  i_ariane/gen_example_coprocessor.i_cvxif_coprocessor/fifo_commit_i/gen_fpga_queue.fifo_ram/mem_q[0][sbe][result][7]_i_2/O
                         net (fo=5, routed)           0.663    20.485    i_ariane/gen_example_coprocessor.i_cvxif_coprocessor/fifo_commit_i/gen_fpga_queue.fifo_ram/acc_q_reg[27]_i_2[7]
    SLICE_X51Y88         LUT2 (Prop_lut2_I1_O)        0.117    20.602 r  i_ariane/gen_example_coprocessor.i_cvxif_coprocessor/fifo_commit_i/gen_fpga_queue.fifo_ram/operand_f_q[7]_i_5/O
                         net (fo=8, routed)           0.857    21.459    i_ariane/i_cva6/issue_stage_i/i_scoreboard/x_result_ex_id[7]
    SLICE_X59Y86         LUT6 (Prop_lut6_I3_O)        0.332    21.791 r  i_ariane/i_cva6/issue_stage_i/i_scoreboard/operand_g_q[7]_i_3/O
                         net (fo=1, routed)           0.437    22.228    i_ariane/i_cva6/issue_stage_i/i_scoreboard/operand_g_q[7]_i_3_n_1
    SLICE_X59Y87         LUT6 (Prop_lut6_I1_O)        0.124    22.352 r  i_ariane/i_cva6/issue_stage_i/i_scoreboard/operand_g_q[7]_i_1/O
                         net (fo=1, routed)           0.000    22.352    i_ariane/i_cva6/issue_stage_i/i_issue_read_operands/operand_g_q_reg[31]_2[7]
    SLICE_X59Y87         FDCE                                         r  i_ariane/i_cva6/issue_stage_i/i_issue_read_operands/operand_g_q_reg[7]/D
  -------------------------------------------------------------------    -------------------

                         (clock clk_out1_xlnx_clk_gen rise edge)
                                                     20.000    20.000 r  
    K17                                               0.000    20.000 r  clk_sys (IN)
                         net (fo=0)                   0.000    20.000    i_xlnx_clk_gen/inst/clk_in1
    K17                  IBUF (Prop_ibuf_I_O)         1.404    21.404 r  i_xlnx_clk_gen/inst/clkin1_ibufg/O
                         net (fo=1, routed)           1.162    22.566    i_xlnx_clk_gen/inst/clk_in1_xlnx_clk_gen
    MMCME2_ADV_X1Y2      MMCME2_ADV (Prop_mmcme2_adv_CLKIN1_CLKOUT0)
                                                     -7.814    14.752 r  i_xlnx_clk_gen/inst/mmcm_adv_inst/CLKOUT0
                         net (fo=1, routed)           2.012    16.764    i_xlnx_clk_gen/inst/clk_out1_xlnx_clk_gen
    BUFGCTRL_X0Y16       BUFG (Prop_bufg_I_O)         0.091    16.855 r  i_xlnx_clk_gen/inst/clkout1_buf/O
                         net (fo=20038, routed)       1.533    18.388    i_ariane/i_cva6/issue_stage_i/i_issue_read_operands/clk_out1
    SLICE_X59Y87         FDCE                                         r  i_ariane/i_cva6/issue_stage_i/i_issue_read_operands/operand_g_q_reg[7]/C
                         clock pessimism              0.467    18.854    
                         clock uncertainty           -0.079    18.775    
    SLICE_X59Y87         FDCE (Setup_fdce_C_D)        0.029    18.804    i_ariane/i_cva6/issue_stage_i/i_issue_read_operands/operand_g_q_reg[7]
  -------------------------------------------------------------------
                         required time                         18.804    
                         arrival time                         -22.352    
  -------------------------------------------------------------------
                         slack                                 -3.548    

Slack (VIOLATED) :        -3.545ns  (required time - arrival time)
  Source:                 i_ariane/i_cva6/issue_stage_i/i_issue_read_operands/cvxif_valid_q_reg/C
                            (rising edge-triggered cell FDCE clocked by clk_out1_xlnx_clk_gen  {rise@0.000ns fall@10.000ns period=20.000ns})
  Destination:            i_ariane/i_cva6/issue_stage_i/i_issue_read_operands/operand_b_q_reg[5]/D
                            (rising edge-triggered cell FDCE clocked by clk_out1_xlnx_clk_gen  {rise@0.000ns fall@10.000ns period=20.000ns})
  Path Group:             clk_out1_xlnx_clk_gen
  Path Type:              Setup (Max at Slow Process Corner)
  Requirement:            20.000ns  (clk_out1_xlnx_clk_gen rise@20.000ns - clk_out1_xlnx_clk_gen rise@0.000ns)
  Data Path Delay:        23.392ns  (logic 7.164ns (30.626%)  route 16.228ns (69.374%))
  Logic Levels:           27  (CARRY4=9 LUT2=2 LUT3=6 LUT5=1 LUT6=9)
  Clock Path Skew:        -0.102ns (DCD - SCD + CPR)
    Destination Clock Delay (DCD):    -1.614ns = ( 18.386 - 20.000 ) 
    Source Clock Delay      (SCD):    -1.045ns
    Clock Pessimism Removal (CPR):    0.467ns
  Clock Uncertainty:      0.079ns  ((TSJ^2 + DJ^2)^1/2) / 2 + PE
    Total System Jitter     (TSJ):    0.071ns
    Discrete Jitter          (DJ):    0.142ns
    Phase Error              (PE):    0.000ns

    Location             Delay type                Incr(ns)  Path(ns)    Netlist Resource(s)
  -------------------------------------------------------------------    -------------------
                         (clock clk_out1_xlnx_clk_gen rise edge)
                                                      0.000     0.000 r  
    K17                                               0.000     0.000 r  clk_sys (IN)
                         net (fo=0)                   0.000     0.000    i_xlnx_clk_gen/inst/clk_in1
    K17                  IBUF (Prop_ibuf_I_O)         1.475     1.475 r  i_xlnx_clk_gen/inst/clkin1_ibufg/O
                         net (fo=1, routed)           1.285     2.760    i_xlnx_clk_gen/inst/clk_in1_xlnx_clk_gen
    MMCME2_ADV_X1Y2      MMCME2_ADV (Prop_mmcme2_adv_CLKIN1_CLKOUT0)
                                                     -7.759    -4.999 r  i_xlnx_clk_gen/inst/mmcm_adv_inst/CLKOUT0
                         net (fo=1, routed)           2.206    -2.793    i_xlnx_clk_gen/inst/clk_out1_xlnx_clk_gen
    BUFGCTRL_X0Y16       BUFG (Prop_bufg_I_O)         0.101    -2.692 r  i_xlnx_clk_gen/inst/clkout1_buf/O
                         net (fo=20038, routed)       1.647    -1.045    i_ariane/i_cva6/issue_stage_i/i_issue_read_operands/clk_out1
    SLICE_X48Y88         FDCE                                         r  i_ariane/i_cva6/issue_stage_i/i_issue_read_operands/cvxif_valid_q_reg/C
  -------------------------------------------------------------------    -------------------
    SLICE_X48Y88         FDCE (Prop_fdce_C_Q)         0.456    -0.589 f  i_ariane/i_cva6/issue_stage_i/i_issue_read_operands/cvxif_valid_q_reg/Q
                         net (fo=637, routed)         0.830     0.240    i_ariane/i_cva6/issue_stage_i/i_issue_read_operands/cvxif_valid_q_reg_0
    SLICE_X49Y88         LUT2 (Prop_lut2_I0_O)        0.124     0.364 f  i_ariane/i_cva6/issue_stage_i/i_issue_read_operands/i___477_i_3/O
                         net (fo=12, routed)          0.694     1.058    i_ariane/gen_example_coprocessor.i_cvxif_coprocessor/cvxif_req[x_issue_req][instr][6]
    SLICE_X48Y88         LUT3 (Prop_lut3_I1_O)        0.152     1.210 r  i_ariane/gen_example_coprocessor.i_cvxif_coprocessor/i___0_i_7/O
                         net (fo=2, routed)           0.959     2.169    i_ariane/i_cva6/issue_stage_i/i_issue_read_operands/weight_buffer2_reg_265
    SLICE_X48Y91         LUT6 (Prop_lut6_I2_O)        0.326     2.495 r  i_ariane/i_cva6/issue_stage_i/i_issue_read_operands/i___206_i_4/O
                         net (fo=788, routed)         0.423     2.919    i_ariane/gen_example_coprocessor.i_cvxif_coprocessor/rd_block_cnt_q_reg[0]_0
    SLICE_X48Y90         LUT6 (Prop_lut6_I5_O)        0.124     3.043 r  i_ariane/gen_example_coprocessor.i_cvxif_coprocessor/i___478/O
                         net (fo=157, routed)         1.376     4.419    i_ariane/i_cva6/issue_stage_i/i_issue_read_operands/req_o[is_mac16buf_para]
    SLICE_X43Y102        LUT6 (Prop_lut6_I5_O)        0.124     4.543 r  i_ariane/i_cva6/issue_stage_i/i_issue_read_operands/i___239_i_2/O
                         net (fo=9, routed)           0.846     5.389    i_ariane/i_cva6/issue_stage_i/i_issue_read_operands/operand_h_q_reg[27]_0
    SLICE_X44Y101        LUT6 (Prop_lut6_I0_O)        0.124     5.513 f  i_ariane/i_cva6/issue_stage_i/i_issue_read_operands/i___635_i_2/O
                         net (fo=3, routed)           0.327     5.840    i_ariane/i_cva6/issue_stage_i/i_issue_read_operands/weight_buffer2_reg_203
    SLICE_X44Y102        LUT3 (Prop_lut3_I1_O)        0.124     5.964 r  i_ariane/i_cva6/issue_stage_i/i_issue_read_operands/i___405_i_10/O
                         net (fo=1, routed)           0.978     6.943    i_ariane/gen_example_coprocessor.i_cvxif_coprocessor/i___405_0[1]
    SLICE_X42Y101        CARRY4 (Prop_carry4_DI[1]_CO[3])
                                                      0.520     7.463 r  i_ariane/gen_example_coprocessor.i_cvxif_coprocessor/i___405_i_3/CO[3]
                         net (fo=1, routed)           0.000     7.463    i_ariane/gen_example_coprocessor.i_cvxif_coprocessor/i___405_i_3_n_1
    SLICE_X42Y102        CARRY4 (Prop_carry4_CI_O[0])
                                                      0.219     7.682 r  i_ariane/gen_example_coprocessor.i_cvxif_coprocessor/i___436_i_28/O[0]
                         net (fo=3, routed)           0.623     8.304    i_ariane/gen_example_coprocessor.i_cvxif_coprocessor/i___436_i_28_n_8
    SLICE_X40Y103        LUT3 (Prop_lut3_I2_O)        0.295     8.599 r  i_ariane/gen_example_coprocessor.i_cvxif_coprocessor/i___436_i_22/O
                         net (fo=1, routed)           0.682     9.281    i_ariane/gen_example_coprocessor.i_cvxif_coprocessor/i___436_i_22_n_1
    SLICE_X41Y100        CARRY4 (Prop_carry4_DI[1]_O[2])
                                                      0.537     9.818 r  i_ariane/gen_example_coprocessor.i_cvxif_coprocessor/i___436_i_4/O[2]
                         net (fo=3, routed)           0.600    10.418    i_ariane/gen_example_coprocessor.i_cvxif_coprocessor/i___436_i_4_n_6
    SLICE_X47Y98         LUT3 (Prop_lut3_I2_O)        0.302    10.720 r  i_ariane/gen_example_coprocessor.i_cvxif_coprocessor/acc_q[19]_i_48/O
                         net (fo=1, routed)           0.968    11.688    i_ariane/gen_example_coprocessor.i_cvxif_coprocessor/acc_q[19]_i_48_n_1
    SLICE_X46Y96         CARRY4 (Prop_carry4_DI[3]_CO[3])
                                                      0.396    12.084 r  i_ariane/gen_example_coprocessor.i_cvxif_coprocessor/acc_q_reg[19]_i_38/CO[3]
                         net (fo=1, routed)           0.000    12.084    i_ariane/gen_example_coprocessor.i_cvxif_coprocessor/acc_q_reg[19]_i_38_n_1
    SLICE_X46Y97         CARRY4 (Prop_carry4_CI_O[0])
                                                      0.219    12.303 r  i_ariane/gen_example_coprocessor.i_cvxif_coprocessor/acc_q_reg[23]_i_23/O[0]
                         net (fo=3, routed)           0.778    13.081    i_ariane/gen_example_coprocessor.i_cvxif_coprocessor/acc_q_reg[23]_i_23_n_8
    SLICE_X45Y93         LUT3 (Prop_lut3_I1_O)        0.295    13.376 r  i_ariane/gen_example_coprocessor.i_cvxif_coprocessor/acc_q[19]_i_16/O
                         net (fo=1, routed)           0.670    14.046    i_ariane/gen_example_coprocessor.i_cvxif_coprocessor/acc_q[19]_i_16_n_1
    SLICE_X44Y91         CARRY4 (Prop_carry4_DI[1]_O[3])
                                                      0.596    14.642 r  i_ariane/gen_example_coprocessor.i_cvxif_coprocessor/acc_q_reg[19]_i_11/O[3]
                         net (fo=3, routed)           0.622    15.264    i_ariane/gen_example_coprocessor.i_cvxif_coprocessor/acc_q_reg[19]_i_11_n_5
    SLICE_X43Y87         LUT3 (Prop_lut3_I0_O)        0.306    15.570 r  i_ariane/gen_example_coprocessor.i_cvxif_coprocessor/acc_q[19]_i_6/O
                         net (fo=1, routed)           0.609    16.179    i_ariane/gen_example_coprocessor.i_cvxif_coprocessor/acc_q[19]_i_6_n_1
    SLICE_X45Y86         CARRY4 (Prop_carry4_DI[0]_CO[3])
                                                      0.526    16.705 r  i_ariane/gen_example_coprocessor.i_cvxif_coprocessor/acc_q_reg[19]_i_2/CO[3]
                         net (fo=1, routed)           0.000    16.705    i_ariane/gen_example_coprocessor.i_cvxif_coprocessor/acc_q_reg[19]_i_2_n_1
    SLICE_X45Y87         CARRY4 (Prop_carry4_CI_CO[3])
                                                      0.114    16.819 r  i_ariane/gen_example_coprocessor.i_cvxif_coprocessor/acc_q_reg[23]_i_2/CO[3]
                         net (fo=1, routed)           0.000    16.819    i_ariane/gen_example_coprocessor.i_cvxif_coprocessor/acc_q_reg[23]_i_2_n_1
    SLICE_X45Y88         CARRY4 (Prop_carry4_CI_O[2])
                                                      0.239    17.058 r  i_ariane/gen_example_coprocessor.i_cvxif_coprocessor/acc_q_reg[27]_i_2/O[2]
                         net (fo=3, routed)           1.036    18.094    i_ariane/gen_example_coprocessor.i_cvxif_coprocessor/acc_q[27]_i_10_0[2]
    SLICE_X48Y85         LUT5 (Prop_lut5_I3_O)        0.302    18.396 r  i_ariane/gen_example_coprocessor.i_cvxif_coprocessor/mem_q[0][sbe][result][7]_i_11/O
                         net (fo=1, routed)           0.571    18.967    i_ariane/gen_example_coprocessor.i_cvxif_coprocessor/mem_q[0][sbe][result][7]_i_11_n_1
    SLICE_X49Y84         LUT6 (Prop_lut6_I3_O)        0.124    19.091 r  i_ariane/gen_example_coprocessor.i_cvxif_coprocessor/mem_q[0][sbe][result][7]_i_5_comp/O
                         net (fo=12, routed)          0.637    19.728    i_ariane/gen_example_coprocessor.i_cvxif_coprocessor/fifo_commit_i/gen_fpga_queue.fifo_ram/sat_shift8_u81
    SLICE_X49Y83         LUT6 (Prop_lut6_I4_O)        0.124    19.852 r  i_ariane/gen_example_coprocessor.i_cvxif_coprocessor/fifo_commit_i/gen_fpga_queue.fifo_ram/mem_q[0][sbe][result][5]_i_2/O
                         net (fo=6, routed)           0.774    20.626    i_ariane/gen_example_coprocessor.i_cvxif_coprocessor/fifo_commit_i/gen_fpga_queue.fifo_ram/acc_q_reg[27]_i_2[5]
    SLICE_X50Y83         LUT2 (Prop_lut2_I1_O)        0.124    20.750 r  i_ariane/gen_example_coprocessor.i_cvxif_coprocessor/fifo_commit_i/gen_fpga_queue.fifo_ram/operand_f_q[5]_i_5/O
                         net (fo=7, routed)           0.636    21.386    i_ariane/i_cva6/issue_stage_i/i_scoreboard/x_result_ex_id[5]
    SLICE_X56Y82         LUT6 (Prop_lut6_I3_O)        0.124    21.510 r  i_ariane/i_cva6/issue_stage_i/i_scoreboard/operand_b_q[5]_i_5/O
                         net (fo=1, routed)           0.291    21.801    i_ariane/i_cva6/issue_stage_i/i_scoreboard/operand_b_q[5]_i_5_n_1
    SLICE_X57Y82         LUT6 (Prop_lut6_I3_O)        0.124    21.925 r  i_ariane/i_cva6/issue_stage_i/i_scoreboard/operand_b_q[5]_i_2/O
                         net (fo=1, routed)           0.298    22.223    i_ariane/i_cva6/id_stage_i/rs2_sb_iro[5]
    SLICE_X57Y84         LUT6 (Prop_lut6_I4_O)        0.124    22.347 r  i_ariane/i_cva6/id_stage_i/operand_b_q[5]_i_1/O
                         net (fo=1, routed)           0.000    22.347    i_ariane/i_cva6/issue_stage_i/i_issue_read_operands/operand_b_q_reg[31]_3[5]
    SLICE_X57Y84         FDCE                                         r  i_ariane/i_cva6/issue_stage_i/i_issue_read_operands/operand_b_q_reg[5]/D
  -------------------------------------------------------------------    -------------------

                         (clock clk_out1_xlnx_clk_gen rise edge)
                                                     20.000    20.000 r  
    K17                                               0.000    20.000 r  clk_sys (IN)
                         net (fo=0)                   0.000    20.000    i_xlnx_clk_gen/inst/clk_in1
    K17                  IBUF (Prop_ibuf_I_O)         1.404    21.404 r  i_xlnx_clk_gen/inst/clkin1_ibufg/O
                         net (fo=1, routed)           1.162    22.566    i_xlnx_clk_gen/inst/clk_in1_xlnx_clk_gen
    MMCME2_ADV_X1Y2      MMCME2_ADV (Prop_mmcme2_adv_CLKIN1_CLKOUT0)
                                                     -7.814    14.752 r  i_xlnx_clk_gen/inst/mmcm_adv_inst/CLKOUT0
                         net (fo=1, routed)           2.012    16.764    i_xlnx_clk_gen/inst/clk_out1_xlnx_clk_gen
    BUFGCTRL_X0Y16       BUFG (Prop_bufg_I_O)         0.091    16.855 r  i_xlnx_clk_gen/inst/clkout1_buf/O
                         net (fo=20038, routed)       1.531    18.386    i_ariane/i_cva6/issue_stage_i/i_issue_read_operands/clk_out1
    SLICE_X57Y84         FDCE                                         r  i_ariane/i_cva6/issue_stage_i/i_issue_read_operands/operand_b_q_reg[5]/C
                         clock pessimism              0.467    18.853    
                         clock uncertainty           -0.079    18.773    
    SLICE_X57Y84         FDCE (Setup_fdce_C_D)        0.029    18.802    i_ariane/i_cva6/issue_stage_i/i_issue_read_operands/operand_b_q_reg[5]
  -------------------------------------------------------------------
                         required time                         18.802    
                         arrival time                         -22.347    
  -------------------------------------------------------------------
                         slack                                 -3.545    

Slack (VIOLATED) :        -3.543ns  (required time - arrival time)
  Source:                 i_ariane/i_cva6/issue_stage_i/i_issue_read_operands/cvxif_valid_q_reg/C
                            (rising edge-triggered cell FDCE clocked by clk_out1_xlnx_clk_gen  {rise@0.000ns fall@10.000ns period=20.000ns})
  Destination:            i_ariane/i_cva6/issue_stage_i/i_issue_read_operands/operand_a_q_reg[0]/D
                            (rising edge-triggered cell FDCE clocked by clk_out1_xlnx_clk_gen  {rise@0.000ns fall@10.000ns period=20.000ns})
  Path Group:             clk_out1_xlnx_clk_gen
  Path Type:              Setup (Max at Slow Process Corner)
  Requirement:            20.000ns  (clk_out1_xlnx_clk_gen rise@20.000ns - clk_out1_xlnx_clk_gen rise@0.000ns)
  Data Path Delay:        23.354ns  (logic 7.308ns (31.293%)  route 16.046ns (68.707%))
  Logic Levels:           26  (CARRY4=9 LUT2=1 LUT3=6 LUT5=2 LUT6=7 MUXF7=1)
  Clock Path Skew:        -0.097ns (DCD - SCD + CPR)
    Destination Clock Delay (DCD):    -1.609ns = ( 18.391 - 20.000 ) 
    Source Clock Delay      (SCD):    -1.045ns
    Clock Pessimism Removal (CPR):    0.467ns
  Clock Uncertainty:      0.079ns  ((TSJ^2 + DJ^2)^1/2) / 2 + PE
    Total System Jitter     (TSJ):    0.071ns
    Discrete Jitter          (DJ):    0.142ns
    Phase Error              (PE):    0.000ns

    Location             Delay type                Incr(ns)  Path(ns)    Netlist Resource(s)
  -------------------------------------------------------------------    -------------------
                         (clock clk_out1_xlnx_clk_gen rise edge)
                                                      0.000     0.000 r  
    K17                                               0.000     0.000 r  clk_sys (IN)
                         net (fo=0)                   0.000     0.000    i_xlnx_clk_gen/inst/clk_in1
    K17                  IBUF (Prop_ibuf_I_O)         1.475     1.475 r  i_xlnx_clk_gen/inst/clkin1_ibufg/O
                         net (fo=1, routed)           1.285     2.760    i_xlnx_clk_gen/inst/clk_in1_xlnx_clk_gen
    MMCME2_ADV_X1Y2      MMCME2_ADV (Prop_mmcme2_adv_CLKIN1_CLKOUT0)
                                                     -7.759    -4.999 r  i_xlnx_clk_gen/inst/mmcm_adv_inst/CLKOUT0
                         net (fo=1, routed)           2.206    -2.793    i_xlnx_clk_gen/inst/clk_out1_xlnx_clk_gen
    BUFGCTRL_X0Y16       BUFG (Prop_bufg_I_O)         0.101    -2.692 r  i_xlnx_clk_gen/inst/clkout1_buf/O
                         net (fo=20038, routed)       1.647    -1.045    i_ariane/i_cva6/issue_stage_i/i_issue_read_operands/clk_out1
    SLICE_X48Y88         FDCE                                         r  i_ariane/i_cva6/issue_stage_i/i_issue_read_operands/cvxif_valid_q_reg/C
  -------------------------------------------------------------------    -------------------
    SLICE_X48Y88         FDCE (Prop_fdce_C_Q)         0.456    -0.589 f  i_ariane/i_cva6/issue_stage_i/i_issue_read_operands/cvxif_valid_q_reg/Q
                         net (fo=637, routed)         0.830     0.240    i_ariane/i_cva6/issue_stage_i/i_issue_read_operands/cvxif_valid_q_reg_0
    SLICE_X49Y88         LUT2 (Prop_lut2_I0_O)        0.124     0.364 f  i_ariane/i_cva6/issue_stage_i/i_issue_read_operands/i___477_i_3/O
                         net (fo=12, routed)          0.694     1.058    i_ariane/gen_example_coprocessor.i_cvxif_coprocessor/cvxif_req[x_issue_req][instr][6]
    SLICE_X48Y88         LUT3 (Prop_lut3_I1_O)        0.152     1.210 r  i_ariane/gen_example_coprocessor.i_cvxif_coprocessor/i___0_i_7/O
                         net (fo=2, routed)           0.959     2.169    i_ariane/i_cva6/issue_stage_i/i_issue_read_operands/weight_buffer2_reg_265
    SLICE_X48Y91         LUT6 (Prop_lut6_I2_O)        0.326     2.495 r  i_ariane/i_cva6/issue_stage_i/i_issue_read_operands/i___206_i_4/O
                         net (fo=788, routed)         0.423     2.919    i_ariane/gen_example_coprocessor.i_cvxif_coprocessor/rd_block_cnt_q_reg[0]_0
    SLICE_X48Y90         LUT6 (Prop_lut6_I5_O)        0.124     3.043 r  i_ariane/gen_example_coprocessor.i_cvxif_coprocessor/i___478/O
                         net (fo=157, routed)         1.376     4.419    i_ariane/i_cva6/issue_stage_i/i_issue_read_operands/req_o[is_mac16buf_para]
    SLICE_X43Y102        LUT6 (Prop_lut6_I5_O)        0.124     4.543 r  i_ariane/i_cva6/issue_stage_i/i_issue_read_operands/i___239_i_2/O
                         net (fo=9, routed)           0.846     5.389    i_ariane/i_cva6/issue_stage_i/i_issue_read_operands/operand_h_q_reg[27]_0
    SLICE_X44Y101        LUT6 (Prop_lut6_I0_O)        0.124     5.513 f  i_ariane/i_cva6/issue_stage_i/i_issue_read_operands/i___635_i_2/O
                         net (fo=3, routed)           0.327     5.840    i_ariane/i_cva6/issue_stage_i/i_issue_read_operands/weight_buffer2_reg_203
    SLICE_X44Y102        LUT3 (Prop_lut3_I1_O)        0.124     5.964 r  i_ariane/i_cva6/issue_stage_i/i_issue_read_operands/i___405_i_10/O
                         net (fo=1, routed)           0.978     6.943    i_ariane/gen_example_coprocessor.i_cvxif_coprocessor/i___405_0[1]
    SLICE_X42Y101        CARRY4 (Prop_carry4_DI[1]_CO[3])
                                                      0.520     7.463 r  i_ariane/gen_example_coprocessor.i_cvxif_coprocessor/i___405_i_3/CO[3]
                         net (fo=1, routed)           0.000     7.463    i_ariane/gen_example_coprocessor.i_cvxif_coprocessor/i___405_i_3_n_1
    SLICE_X42Y102        CARRY4 (Prop_carry4_CI_O[0])
                                                      0.219     7.682 r  i_ariane/gen_example_coprocessor.i_cvxif_coprocessor/i___436_i_28/O[0]
                         net (fo=3, routed)           0.623     8.304    i_ariane/gen_example_coprocessor.i_cvxif_coprocessor/i___436_i_28_n_8
    SLICE_X40Y103        LUT3 (Prop_lut3_I2_O)        0.295     8.599 r  i_ariane/gen_example_coprocessor.i_cvxif_coprocessor/i___436_i_22/O
                         net (fo=1, routed)           0.682     9.281    i_ariane/gen_example_coprocessor.i_cvxif_coprocessor/i___436_i_22_n_1
    SLICE_X41Y100        CARRY4 (Prop_carry4_DI[1]_O[2])
                                                      0.537     9.818 r  i_ariane/gen_example_coprocessor.i_cvxif_coprocessor/i___436_i_4/O[2]
                         net (fo=3, routed)           0.600    10.418    i_ariane/gen_example_coprocessor.i_cvxif_coprocessor/i___436_i_4_n_6
    SLICE_X47Y98         LUT3 (Prop_lut3_I2_O)        0.302    10.720 r  i_ariane/gen_example_coprocessor.i_cvxif_coprocessor/acc_q[19]_i_48/O
                         net (fo=1, routed)           0.968    11.688    i_ariane/gen_example_coprocessor.i_cvxif_coprocessor/acc_q[19]_i_48_n_1
    SLICE_X46Y96         CARRY4 (Prop_carry4_DI[3]_CO[3])
                                                      0.396    12.084 r  i_ariane/gen_example_coprocessor.i_cvxif_coprocessor/acc_q_reg[19]_i_38/CO[3]
                         net (fo=1, routed)           0.000    12.084    i_ariane/gen_example_coprocessor.i_cvxif_coprocessor/acc_q_reg[19]_i_38_n_1
    SLICE_X46Y97         CARRY4 (Prop_carry4_CI_O[0])
                                                      0.219    12.303 r  i_ariane/gen_example_coprocessor.i_cvxif_coprocessor/acc_q_reg[23]_i_23/O[0]
                         net (fo=3, routed)           0.778    13.081    i_ariane/gen_example_coprocessor.i_cvxif_coprocessor/acc_q_reg[23]_i_23_n_8
    SLICE_X45Y93         LUT3 (Prop_lut3_I1_O)        0.295    13.376 r  i_ariane/gen_example_coprocessor.i_cvxif_coprocessor/acc_q[19]_i_16/O
                         net (fo=1, routed)           0.670    14.046    i_ariane/gen_example_coprocessor.i_cvxif_coprocessor/acc_q[19]_i_16_n_1
    SLICE_X44Y91         CARRY4 (Prop_carry4_DI[1]_O[3])
                                                      0.596    14.642 r  i_ariane/gen_example_coprocessor.i_cvxif_coprocessor/acc_q_reg[19]_i_11/O[3]
                         net (fo=3, routed)           0.622    15.264    i_ariane/gen_example_coprocessor.i_cvxif_coprocessor/acc_q_reg[19]_i_11_n_5
    SLICE_X43Y87         LUT3 (Prop_lut3_I0_O)        0.306    15.570 r  i_ariane/gen_example_coprocessor.i_cvxif_coprocessor/acc_q[19]_i_6/O
                         net (fo=1, routed)           0.609    16.179    i_ariane/gen_example_coprocessor.i_cvxif_coprocessor/acc_q[19]_i_6_n_1
    SLICE_X45Y86         CARRY4 (Prop_carry4_DI[0]_CO[3])
                                                      0.526    16.705 r  i_ariane/gen_example_coprocessor.i_cvxif_coprocessor/acc_q_reg[19]_i_2/CO[3]
                         net (fo=1, routed)           0.000    16.705    i_ariane/gen_example_coprocessor.i_cvxif_coprocessor/acc_q_reg[19]_i_2_n_1
    SLICE_X45Y87         CARRY4 (Prop_carry4_CI_CO[3])
                                                      0.114    16.819 r  i_ariane/gen_example_coprocessor.i_cvxif_coprocessor/acc_q_reg[23]_i_2/CO[3]
                         net (fo=1, routed)           0.000    16.819    i_ariane/gen_example_coprocessor.i_cvxif_coprocessor/acc_q_reg[23]_i_2_n_1
    SLICE_X45Y88         CARRY4 (Prop_carry4_CI_O[2])
                                                      0.239    17.058 r  i_ariane/gen_example_coprocessor.i_cvxif_coprocessor/acc_q_reg[27]_i_2/O[2]
                         net (fo=3, routed)           1.036    18.094    i_ariane/gen_example_coprocessor.i_cvxif_coprocessor/acc_q[27]_i_10_0[2]
    SLICE_X48Y85         LUT5 (Prop_lut5_I3_O)        0.302    18.396 r  i_ariane/gen_example_coprocessor.i_cvxif_coprocessor/mem_q[0][sbe][result][7]_i_11/O
                         net (fo=1, routed)           0.571    18.967    i_ariane/gen_example_coprocessor.i_cvxif_coprocessor/mem_q[0][sbe][result][7]_i_11_n_1
    SLICE_X49Y84         LUT6 (Prop_lut6_I3_O)        0.124    19.091 r  i_ariane/gen_example_coprocessor.i_cvxif_coprocessor/mem_q[0][sbe][result][7]_i_5_comp/O
                         net (fo=12, routed)          1.241    20.333    i_ariane/i_cva6/issue_stage_i/i_scoreboard/sat_shift8_u81_alias
    SLICE_X65Y86         LUT6 (Prop_lut6_I3_O)        0.124    20.457 r  i_ariane/i_cva6/issue_stage_i/i_scoreboard/vaddr_to_be_flushed[0]_i_10_comp_1/O
                         net (fo=1, routed)           0.445    20.901    i_ariane/i_cva6/issue_stage_i/i_scoreboard/vaddr_to_be_flushed[0]_i_10_n_1
    SLICE_X67Y86         LUT6 (Prop_lut6_I3_O)        0.124    21.025 r  i_ariane/i_cva6/issue_stage_i/i_scoreboard/vaddr_to_be_flushed[0]_i_4/O
                         net (fo=1, routed)           0.000    21.025    i_ariane/i_cva6/issue_stage_i/i_scoreboard/rs1_sb_iro[0]
    SLICE_X67Y86         MUXF7 (Prop_muxf7_I1_O)      0.217    21.242 r  i_ariane/i_cva6/issue_stage_i/i_scoreboard/vaddr_to_be_flushed_reg[0]_i_2/O
                         net (fo=1, routed)           0.436    21.679    i_ariane/i_cva6/id_stage_i/operand_a_q_reg[0]
    SLICE_X67Y86         LUT5 (Prop_lut5_I4_O)        0.299    21.978 r  i_ariane/i_cva6/id_stage_i/vaddr_to_be_flushed[0]_i_1/O
                         net (fo=2, routed)           0.331    22.308    i_ariane/i_cva6/issue_stage_i/i_issue_read_operands/operand_a_q_reg[31]_1[0]
    SLICE_X66Y85         FDCE                                         r  i_ariane/i_cva6/issue_stage_i/i_issue_read_operands/operand_a_q_reg[0]/D
  -------------------------------------------------------------------    -------------------

                         (clock clk_out1_xlnx_clk_gen rise edge)
                                                     20.000    20.000 r  
    K17                                               0.000    20.000 r  clk_sys (IN)
                         net (fo=0)                   0.000    20.000    i_xlnx_clk_gen/inst/clk_in1
    K17                  IBUF (Prop_ibuf_I_O)         1.404    21.404 r  i_xlnx_clk_gen/inst/clkin1_ibufg/O
                         net (fo=1, routed)           1.162    22.566    i_xlnx_clk_gen/inst/clk_in1_xlnx_clk_gen
    MMCME2_ADV_X1Y2      MMCME2_ADV (Prop_mmcme2_adv_CLKIN1_CLKOUT0)
                                                     -7.814    14.752 r  i_xlnx_clk_gen/inst/mmcm_adv_inst/CLKOUT0
                         net (fo=1, routed)           2.012    16.764    i_xlnx_clk_gen/inst/clk_out1_xlnx_clk_gen
    BUFGCTRL_X0Y16       BUFG (Prop_bufg_I_O)         0.091    16.855 r  i_xlnx_clk_gen/inst/clkout1_buf/O
                         net (fo=20038, routed)       1.536    18.391    i_ariane/i_cva6/issue_stage_i/i_issue_read_operands/clk_out1
    SLICE_X66Y85         FDCE                                         r  i_ariane/i_cva6/issue_stage_i/i_issue_read_operands/operand_a_q_reg[0]/C
                         clock pessimism              0.467    18.858    
                         clock uncertainty           -0.079    18.778    
    SLICE_X66Y85         FDCE (Setup_fdce_C_D)       -0.013    18.765    i_ariane/i_cva6/issue_stage_i/i_issue_read_operands/operand_a_q_reg[0]
  -------------------------------------------------------------------
                         required time                         18.765    
                         arrival time                         -22.308    
  -------------------------------------------------------------------
                         slack                                 -3.543    

Slack (VIOLATED) :        -3.531ns  (required time - arrival time)
  Source:                 i_ariane/i_cva6/issue_stage_i/i_issue_read_operands/cvxif_valid_q_reg/C
                            (rising edge-triggered cell FDCE clocked by clk_out1_xlnx_clk_gen  {rise@0.000ns fall@10.000ns period=20.000ns})
  Destination:            i_ariane/i_cva6/issue_stage_i/i_issue_read_operands/operand_f_q_reg[5]/D
                            (rising edge-triggered cell FDCE clocked by clk_out1_xlnx_clk_gen  {rise@0.000ns fall@10.000ns period=20.000ns})
  Path Group:             clk_out1_xlnx_clk_gen
  Path Type:              Setup (Max at Slow Process Corner)
  Requirement:            20.000ns  (clk_out1_xlnx_clk_gen rise@20.000ns - clk_out1_xlnx_clk_gen rise@0.000ns)
  Data Path Delay:        23.419ns  (logic 7.040ns (30.061%)  route 16.379ns (69.939%))
  Logic Levels:           26  (CARRY4=9 LUT2=2 LUT3=6 LUT5=1 LUT6=8)
  Clock Path Skew:        -0.109ns (DCD - SCD + CPR)
    Destination Clock Delay (DCD):    -1.621ns = ( 18.379 - 20.000 ) 
    Source Clock Delay      (SCD):    -1.045ns
    Clock Pessimism Removal (CPR):    0.467ns
  Clock Uncertainty:      0.079ns  ((TSJ^2 + DJ^2)^1/2) / 2 + PE
    Total System Jitter     (TSJ):    0.071ns
    Discrete Jitter          (DJ):    0.142ns
    Phase Error              (PE):    0.000ns

    Location             Delay type                Incr(ns)  Path(ns)    Netlist Resource(s)
  -------------------------------------------------------------------    -------------------
                         (clock clk_out1_xlnx_clk_gen rise edge)
                                                      0.000     0.000 r  
    K17                                               0.000     0.000 r  clk_sys (IN)
                         net (fo=0)                   0.000     0.000    i_xlnx_clk_gen/inst/clk_in1
    K17                  IBUF (Prop_ibuf_I_O)         1.475     1.475 r  i_xlnx_clk_gen/inst/clkin1_ibufg/O
                         net (fo=1, routed)           1.285     2.760    i_xlnx_clk_gen/inst/clk_in1_xlnx_clk_gen
    MMCME2_ADV_X1Y2      MMCME2_ADV (Prop_mmcme2_adv_CLKIN1_CLKOUT0)
                                                     -7.759    -4.999 r  i_xlnx_clk_gen/inst/mmcm_adv_inst/CLKOUT0
                         net (fo=1, routed)           2.206    -2.793    i_xlnx_clk_gen/inst/clk_out1_xlnx_clk_gen
    BUFGCTRL_X0Y16       BUFG (Prop_bufg_I_O)         0.101    -2.692 r  i_xlnx_clk_gen/inst/clkout1_buf/O
                         net (fo=20038, routed)       1.647    -1.045    i_ariane/i_cva6/issue_stage_i/i_issue_read_operands/clk_out1
    SLICE_X48Y88         FDCE                                         r  i_ariane/i_cva6/issue_stage_i/i_issue_read_operands/cvxif_valid_q_reg/C
  -------------------------------------------------------------------    -------------------
    SLICE_X48Y88         FDCE (Prop_fdce_C_Q)         0.456    -0.589 f  i_ariane/i_cva6/issue_stage_i/i_issue_read_operands/cvxif_valid_q_reg/Q
                         net (fo=637, routed)         0.830     0.240    i_ariane/i_cva6/issue_stage_i/i_issue_read_operands/cvxif_valid_q_reg_0
    SLICE_X49Y88         LUT2 (Prop_lut2_I0_O)        0.124     0.364 f  i_ariane/i_cva6/issue_stage_i/i_issue_read_operands/i___477_i_3/O
                         net (fo=12, routed)          0.694     1.058    i_ariane/gen_example_coprocessor.i_cvxif_coprocessor/cvxif_req[x_issue_req][instr][6]
    SLICE_X48Y88         LUT3 (Prop_lut3_I1_O)        0.152     1.210 r  i_ariane/gen_example_coprocessor.i_cvxif_coprocessor/i___0_i_7/O
                         net (fo=2, routed)           0.959     2.169    i_ariane/i_cva6/issue_stage_i/i_issue_read_operands/weight_buffer2_reg_265
    SLICE_X48Y91         LUT6 (Prop_lut6_I2_O)        0.326     2.495 r  i_ariane/i_cva6/issue_stage_i/i_issue_read_operands/i___206_i_4/O
                         net (fo=788, routed)         0.423     2.919    i_ariane/gen_example_coprocessor.i_cvxif_coprocessor/rd_block_cnt_q_reg[0]_0
    SLICE_X48Y90         LUT6 (Prop_lut6_I5_O)        0.124     3.043 r  i_ariane/gen_example_coprocessor.i_cvxif_coprocessor/i___478/O
                         net (fo=157, routed)         1.376     4.419    i_ariane/i_cva6/issue_stage_i/i_issue_read_operands/req_o[is_mac16buf_para]
    SLICE_X43Y102        LUT6 (Prop_lut6_I5_O)        0.124     4.543 r  i_ariane/i_cva6/issue_stage_i/i_issue_read_operands/i___239_i_2/O
                         net (fo=9, routed)           0.846     5.389    i_ariane/i_cva6/issue_stage_i/i_issue_read_operands/operand_h_q_reg[27]_0
    SLICE_X44Y101        LUT6 (Prop_lut6_I0_O)        0.124     5.513 f  i_ariane/i_cva6/issue_stage_i/i_issue_read_operands/i___635_i_2/O
                         net (fo=3, routed)           0.327     5.840    i_ariane/i_cva6/issue_stage_i/i_issue_read_operands/weight_buffer2_reg_203
    SLICE_X44Y102        LUT3 (Prop_lut3_I1_O)        0.124     5.964 r  i_ariane/i_cva6/issue_stage_i/i_issue_read_operands/i___405_i_10/O
                         net (fo=1, routed)           0.978     6.943    i_ariane/gen_example_coprocessor.i_cvxif_coprocessor/i___405_0[1]
    SLICE_X42Y101        CARRY4 (Prop_carry4_DI[1]_CO[3])
                                                      0.520     7.463 r  i_ariane/gen_example_coprocessor.i_cvxif_coprocessor/i___405_i_3/CO[3]
                         net (fo=1, routed)           0.000     7.463    i_ariane/gen_example_coprocessor.i_cvxif_coprocessor/i___405_i_3_n_1
    SLICE_X42Y102        CARRY4 (Prop_carry4_CI_O[0])
                                                      0.219     7.682 r  i_ariane/gen_example_coprocessor.i_cvxif_coprocessor/i___436_i_28/O[0]
                         net (fo=3, routed)           0.623     8.304    i_ariane/gen_example_coprocessor.i_cvxif_coprocessor/i___436_i_28_n_8
    SLICE_X40Y103        LUT3 (Prop_lut3_I2_O)        0.295     8.599 r  i_ariane/gen_example_coprocessor.i_cvxif_coprocessor/i___436_i_22/O
                         net (fo=1, routed)           0.682     9.281    i_ariane/gen_example_coprocessor.i_cvxif_coprocessor/i___436_i_22_n_1
    SLICE_X41Y100        CARRY4 (Prop_carry4_DI[1]_O[2])
                                                      0.537     9.818 r  i_ariane/gen_example_coprocessor.i_cvxif_coprocessor/i___436_i_4/O[2]
                         net (fo=3, routed)           0.600    10.418    i_ariane/gen_example_coprocessor.i_cvxif_coprocessor/i___436_i_4_n_6
    SLICE_X47Y98         LUT3 (Prop_lut3_I2_O)        0.302    10.720 r  i_ariane/gen_example_coprocessor.i_cvxif_coprocessor/acc_q[19]_i_48/O
                         net (fo=1, routed)           0.968    11.688    i_ariane/gen_example_coprocessor.i_cvxif_coprocessor/acc_q[19]_i_48_n_1
    SLICE_X46Y96         CARRY4 (Prop_carry4_DI[3]_CO[3])
                                                      0.396    12.084 r  i_ariane/gen_example_coprocessor.i_cvxif_coprocessor/acc_q_reg[19]_i_38/CO[3]
                         net (fo=1, routed)           0.000    12.084    i_ariane/gen_example_coprocessor.i_cvxif_coprocessor/acc_q_reg[19]_i_38_n_1
    SLICE_X46Y97         CARRY4 (Prop_carry4_CI_O[0])
                                                      0.219    12.303 r  i_ariane/gen_example_coprocessor.i_cvxif_coprocessor/acc_q_reg[23]_i_23/O[0]
                         net (fo=3, routed)           0.778    13.081    i_ariane/gen_example_coprocessor.i_cvxif_coprocessor/acc_q_reg[23]_i_23_n_8
    SLICE_X45Y93         LUT3 (Prop_lut3_I1_O)        0.295    13.376 r  i_ariane/gen_example_coprocessor.i_cvxif_coprocessor/acc_q[19]_i_16/O
                         net (fo=1, routed)           0.670    14.046    i_ariane/gen_example_coprocessor.i_cvxif_coprocessor/acc_q[19]_i_16_n_1
    SLICE_X44Y91         CARRY4 (Prop_carry4_DI[1]_O[3])
                                                      0.596    14.642 r  i_ariane/gen_example_coprocessor.i_cvxif_coprocessor/acc_q_reg[19]_i_11/O[3]
                         net (fo=3, routed)           0.622    15.264    i_ariane/gen_example_coprocessor.i_cvxif_coprocessor/acc_q_reg[19]_i_11_n_5
    SLICE_X43Y87         LUT3 (Prop_lut3_I0_O)        0.306    15.570 r  i_ariane/gen_example_coprocessor.i_cvxif_coprocessor/acc_q[19]_i_6/O
                         net (fo=1, routed)           0.609    16.179    i_ariane/gen_example_coprocessor.i_cvxif_coprocessor/acc_q[19]_i_6_n_1
    SLICE_X45Y86         CARRY4 (Prop_carry4_DI[0]_CO[3])
                                                      0.526    16.705 r  i_ariane/gen_example_coprocessor.i_cvxif_coprocessor/acc_q_reg[19]_i_2/CO[3]
                         net (fo=1, routed)           0.000    16.705    i_ariane/gen_example_coprocessor.i_cvxif_coprocessor/acc_q_reg[19]_i_2_n_1
    SLICE_X45Y87         CARRY4 (Prop_carry4_CI_CO[3])
                                                      0.114    16.819 r  i_ariane/gen_example_coprocessor.i_cvxif_coprocessor/acc_q_reg[23]_i_2/CO[3]
                         net (fo=1, routed)           0.000    16.819    i_ariane/gen_example_coprocessor.i_cvxif_coprocessor/acc_q_reg[23]_i_2_n_1
    SLICE_X45Y88         CARRY4 (Prop_carry4_CI_O[2])
                                                      0.239    17.058 r  i_ariane/gen_example_coprocessor.i_cvxif_coprocessor/acc_q_reg[27]_i_2/O[2]
                         net (fo=3, routed)           1.036    18.094    i_ariane/gen_example_coprocessor.i_cvxif_coprocessor/acc_q[27]_i_10_0[2]
    SLICE_X48Y85         LUT5 (Prop_lut5_I3_O)        0.302    18.396 r  i_ariane/gen_example_coprocessor.i_cvxif_coprocessor/mem_q[0][sbe][result][7]_i_11/O
                         net (fo=1, routed)           0.571    18.967    i_ariane/gen_example_coprocessor.i_cvxif_coprocessor/mem_q[0][sbe][result][7]_i_11_n_1
    SLICE_X49Y84         LUT6 (Prop_lut6_I3_O)        0.124    19.091 r  i_ariane/gen_example_coprocessor.i_cvxif_coprocessor/mem_q[0][sbe][result][7]_i_5_comp/O
                         net (fo=12, routed)          0.637    19.728    i_ariane/gen_example_coprocessor.i_cvxif_coprocessor/fifo_commit_i/gen_fpga_queue.fifo_ram/sat_shift8_u81
    SLICE_X49Y83         LUT6 (Prop_lut6_I4_O)        0.124    19.852 r  i_ariane/gen_example_coprocessor.i_cvxif_coprocessor/fifo_commit_i/gen_fpga_queue.fifo_ram/mem_q[0][sbe][result][5]_i_2/O
                         net (fo=6, routed)           0.774    20.626    i_ariane/gen_example_coprocessor.i_cvxif_coprocessor/fifo_commit_i/gen_fpga_queue.fifo_ram/acc_q_reg[27]_i_2[5]
    SLICE_X50Y83         LUT2 (Prop_lut2_I1_O)        0.124    20.750 r  i_ariane/gen_example_coprocessor.i_cvxif_coprocessor/fifo_commit_i/gen_fpga_queue.fifo_ram/operand_f_q[5]_i_5/O
                         net (fo=7, routed)           0.924    21.674    i_ariane/i_cva6/issue_stage_i/i_scoreboard/x_result_ex_id[5]
    SLICE_X54Y78         LUT6 (Prop_lut6_I3_O)        0.124    21.798 r  i_ariane/i_cva6/issue_stage_i/i_scoreboard/operand_f_q[5]_i_3/O
                         net (fo=1, routed)           0.452    22.250    i_ariane/i_cva6/issue_stage_i/i_scoreboard/operand_f_q[5]_i_3_n_1
    SLICE_X54Y78         LUT6 (Prop_lut6_I1_O)        0.124    22.374 r  i_ariane/i_cva6/issue_stage_i/i_scoreboard/operand_f_q[5]_i_1/O
                         net (fo=1, routed)           0.000    22.374    i_ariane/i_cva6/issue_stage_i/i_issue_read_operands/operand_f_q_reg[31]_2[5]
    SLICE_X54Y78         FDCE                                         r  i_ariane/i_cva6/issue_stage_i/i_issue_read_operands/operand_f_q_reg[5]/D
  -------------------------------------------------------------------    -------------------

                         (clock clk_out1_xlnx_clk_gen rise edge)
                                                     20.000    20.000 r  
    K17                                               0.000    20.000 r  clk_sys (IN)
                         net (fo=0)                   0.000    20.000    i_xlnx_clk_gen/inst/clk_in1
    K17                  IBUF (Prop_ibuf_I_O)         1.404    21.404 r  i_xlnx_clk_gen/inst/clkin1_ibufg/O
                         net (fo=1, routed)           1.162    22.566    i_xlnx_clk_gen/inst/clk_in1_xlnx_clk_gen
    MMCME2_ADV_X1Y2      MMCME2_ADV (Prop_mmcme2_adv_CLKIN1_CLKOUT0)
                                                     -7.814    14.752 r  i_xlnx_clk_gen/inst/mmcm_adv_inst/CLKOUT0
                         net (fo=1, routed)           2.012    16.764    i_xlnx_clk_gen/inst/clk_out1_xlnx_clk_gen
    BUFGCTRL_X0Y16       BUFG (Prop_bufg_I_O)         0.091    16.855 r  i_xlnx_clk_gen/inst/clkout1_buf/O
                         net (fo=20038, routed)       1.524    18.379    i_ariane/i_cva6/issue_stage_i/i_issue_read_operands/clk_out1
    SLICE_X54Y78         FDCE                                         r  i_ariane/i_cva6/issue_stage_i/i_issue_read_operands/operand_f_q_reg[5]/C
                         clock pessimism              0.467    18.846    
                         clock uncertainty           -0.079    18.766    
    SLICE_X54Y78         FDCE (Setup_fdce_C_D)        0.077    18.843    i_ariane/i_cva6/issue_stage_i/i_issue_read_operands/operand_f_q_reg[5]
  -------------------------------------------------------------------
                         required time                         18.843    
                         arrival time                         -22.374    
  -------------------------------------------------------------------
                         slack                                 -3.531    

Slack (VIOLATED) :        -3.504ns  (required time - arrival time)
  Source:                 i_ariane/i_cva6/issue_stage_i/i_issue_read_operands/cvxif_valid_q_reg/C
                            (rising edge-triggered cell FDCE clocked by clk_out1_xlnx_clk_gen  {rise@0.000ns fall@10.000ns period=20.000ns})
  Destination:            i_ariane/i_cva6/issue_stage_i/i_issue_read_operands/operand_e_q_reg[2]/D
                            (rising edge-triggered cell FDCE clocked by clk_out1_xlnx_clk_gen  {rise@0.000ns fall@10.000ns period=20.000ns})
  Path Group:             clk_out1_xlnx_clk_gen
  Path Type:              Setup (Max at Slow Process Corner)
  Requirement:            20.000ns  (clk_out1_xlnx_clk_gen rise@20.000ns - clk_out1_xlnx_clk_gen rise@0.000ns)
  Data Path Delay:        23.383ns  (logic 7.489ns (32.028%)  route 15.894ns (67.972%))
  Logic Levels:           27  (CARRY4=9 LUT2=2 LUT3=6 LUT5=1 LUT6=8 MUXF7=1)
  Clock Path Skew:        -0.106ns (DCD - SCD + CPR)
    Destination Clock Delay (DCD):    -1.618ns = ( 18.382 - 20.000 ) 
    Source Clock Delay      (SCD):    -1.045ns
    Clock Pessimism Removal (CPR):    0.467ns
  Clock Uncertainty:      0.079ns  ((TSJ^2 + DJ^2)^1/2) / 2 + PE
    Total System Jitter     (TSJ):    0.071ns
    Discrete Jitter          (DJ):    0.142ns
    Phase Error              (PE):    0.000ns

    Location             Delay type                Incr(ns)  Path(ns)    Netlist Resource(s)
  -------------------------------------------------------------------    -------------------
                         (clock clk_out1_xlnx_clk_gen rise edge)
                                                      0.000     0.000 r  
    K17                                               0.000     0.000 r  clk_sys (IN)
                         net (fo=0)                   0.000     0.000    i_xlnx_clk_gen/inst/clk_in1
    K17                  IBUF (Prop_ibuf_I_O)         1.475     1.475 r  i_xlnx_clk_gen/inst/clkin1_ibufg/O
                         net (fo=1, routed)           1.285     2.760    i_xlnx_clk_gen/inst/clk_in1_xlnx_clk_gen
    MMCME2_ADV_X1Y2      MMCME2_ADV (Prop_mmcme2_adv_CLKIN1_CLKOUT0)
                                                     -7.759    -4.999 r  i_xlnx_clk_gen/inst/mmcm_adv_inst/CLKOUT0
                         net (fo=1, routed)           2.206    -2.793    i_xlnx_clk_gen/inst/clk_out1_xlnx_clk_gen
    BUFGCTRL_X0Y16       BUFG (Prop_bufg_I_O)         0.101    -2.692 r  i_xlnx_clk_gen/inst/clkout1_buf/O
                         net (fo=20038, routed)       1.647    -1.045    i_ariane/i_cva6/issue_stage_i/i_issue_read_operands/clk_out1
    SLICE_X48Y88         FDCE                                         r  i_ariane/i_cva6/issue_stage_i/i_issue_read_operands/cvxif_valid_q_reg/C
  -------------------------------------------------------------------    -------------------
    SLICE_X48Y88         FDCE (Prop_fdce_C_Q)         0.456    -0.589 f  i_ariane/i_cva6/issue_stage_i/i_issue_read_operands/cvxif_valid_q_reg/Q
                         net (fo=637, routed)         0.830     0.240    i_ariane/i_cva6/issue_stage_i/i_issue_read_operands/cvxif_valid_q_reg_0
    SLICE_X49Y88         LUT2 (Prop_lut2_I0_O)        0.124     0.364 f  i_ariane/i_cva6/issue_stage_i/i_issue_read_operands/i___477_i_3/O
                         net (fo=12, routed)          0.694     1.058    i_ariane/gen_example_coprocessor.i_cvxif_coprocessor/cvxif_req[x_issue_req][instr][6]
    SLICE_X48Y88         LUT3 (Prop_lut3_I1_O)        0.152     1.210 r  i_ariane/gen_example_coprocessor.i_cvxif_coprocessor/i___0_i_7/O
                         net (fo=2, routed)           0.959     2.169    i_ariane/i_cva6/issue_stage_i/i_issue_read_operands/weight_buffer2_reg_265
    SLICE_X48Y91         LUT6 (Prop_lut6_I2_O)        0.326     2.495 r  i_ariane/i_cva6/issue_stage_i/i_issue_read_operands/i___206_i_4/O
                         net (fo=788, routed)         0.423     2.919    i_ariane/gen_example_coprocessor.i_cvxif_coprocessor/rd_block_cnt_q_reg[0]_0
    SLICE_X48Y90         LUT6 (Prop_lut6_I5_O)        0.124     3.043 r  i_ariane/gen_example_coprocessor.i_cvxif_coprocessor/i___478/O
                         net (fo=157, routed)         1.376     4.419    i_ariane/i_cva6/issue_stage_i/i_issue_read_operands/req_o[is_mac16buf_para]
    SLICE_X43Y102        LUT6 (Prop_lut6_I5_O)        0.124     4.543 r  i_ariane/i_cva6/issue_stage_i/i_issue_read_operands/i___239_i_2/O
                         net (fo=9, routed)           0.846     5.389    i_ariane/i_cva6/issue_stage_i/i_issue_read_operands/operand_h_q_reg[27]_0
    SLICE_X44Y101        LUT6 (Prop_lut6_I0_O)        0.124     5.513 f  i_ariane/i_cva6/issue_stage_i/i_issue_read_operands/i___635_i_2/O
                         net (fo=3, routed)           0.327     5.840    i_ariane/i_cva6/issue_stage_i/i_issue_read_operands/weight_buffer2_reg_203
    SLICE_X44Y102        LUT3 (Prop_lut3_I1_O)        0.124     5.964 r  i_ariane/i_cva6/issue_stage_i/i_issue_read_operands/i___405_i_10/O
                         net (fo=1, routed)           0.978     6.943    i_ariane/gen_example_coprocessor.i_cvxif_coprocessor/i___405_0[1]
    SLICE_X42Y101        CARRY4 (Prop_carry4_DI[1]_CO[3])
                                                      0.520     7.463 r  i_ariane/gen_example_coprocessor.i_cvxif_coprocessor/i___405_i_3/CO[3]
                         net (fo=1, routed)           0.000     7.463    i_ariane/gen_example_coprocessor.i_cvxif_coprocessor/i___405_i_3_n_1
    SLICE_X42Y102        CARRY4 (Prop_carry4_CI_O[0])
                                                      0.219     7.682 r  i_ariane/gen_example_coprocessor.i_cvxif_coprocessor/i___436_i_28/O[0]
                         net (fo=3, routed)           0.623     8.304    i_ariane/gen_example_coprocessor.i_cvxif_coprocessor/i___436_i_28_n_8
    SLICE_X40Y103        LUT3 (Prop_lut3_I2_O)        0.295     8.599 r  i_ariane/gen_example_coprocessor.i_cvxif_coprocessor/i___436_i_22/O
                         net (fo=1, routed)           0.682     9.281    i_ariane/gen_example_coprocessor.i_cvxif_coprocessor/i___436_i_22_n_1
    SLICE_X41Y100        CARRY4 (Prop_carry4_DI[1]_O[2])
                                                      0.537     9.818 r  i_ariane/gen_example_coprocessor.i_cvxif_coprocessor/i___436_i_4/O[2]
                         net (fo=3, routed)           0.600    10.418    i_ariane/gen_example_coprocessor.i_cvxif_coprocessor/i___436_i_4_n_6
    SLICE_X47Y98         LUT3 (Prop_lut3_I2_O)        0.302    10.720 r  i_ariane/gen_example_coprocessor.i_cvxif_coprocessor/acc_q[19]_i_48/O
                         net (fo=1, routed)           0.968    11.688    i_ariane/gen_example_coprocessor.i_cvxif_coprocessor/acc_q[19]_i_48_n_1
    SLICE_X46Y96         CARRY4 (Prop_carry4_DI[3]_CO[3])
                                                      0.396    12.084 r  i_ariane/gen_example_coprocessor.i_cvxif_coprocessor/acc_q_reg[19]_i_38/CO[3]
                         net (fo=1, routed)           0.000    12.084    i_ariane/gen_example_coprocessor.i_cvxif_coprocessor/acc_q_reg[19]_i_38_n_1
    SLICE_X46Y97         CARRY4 (Prop_carry4_CI_O[0])
                                                      0.219    12.303 r  i_ariane/gen_example_coprocessor.i_cvxif_coprocessor/acc_q_reg[23]_i_23/O[0]
                         net (fo=3, routed)           0.778    13.081    i_ariane/gen_example_coprocessor.i_cvxif_coprocessor/acc_q_reg[23]_i_23_n_8
    SLICE_X45Y93         LUT3 (Prop_lut3_I1_O)        0.295    13.376 r  i_ariane/gen_example_coprocessor.i_cvxif_coprocessor/acc_q[19]_i_16/O
                         net (fo=1, routed)           0.670    14.046    i_ariane/gen_example_coprocessor.i_cvxif_coprocessor/acc_q[19]_i_16_n_1
    SLICE_X44Y91         CARRY4 (Prop_carry4_DI[1]_O[3])
                                                      0.596    14.642 r  i_ariane/gen_example_coprocessor.i_cvxif_coprocessor/acc_q_reg[19]_i_11/O[3]
                         net (fo=3, routed)           0.622    15.264    i_ariane/gen_example_coprocessor.i_cvxif_coprocessor/acc_q_reg[19]_i_11_n_5
    SLICE_X43Y87         LUT3 (Prop_lut3_I0_O)        0.306    15.570 r  i_ariane/gen_example_coprocessor.i_cvxif_coprocessor/acc_q[19]_i_6/O
                         net (fo=1, routed)           0.609    16.179    i_ariane/gen_example_coprocessor.i_cvxif_coprocessor/acc_q[19]_i_6_n_1
    SLICE_X45Y86         CARRY4 (Prop_carry4_DI[0]_CO[3])
                                                      0.526    16.705 r  i_ariane/gen_example_coprocessor.i_cvxif_coprocessor/acc_q_reg[19]_i_2/CO[3]
                         net (fo=1, routed)           0.000    16.705    i_ariane/gen_example_coprocessor.i_cvxif_coprocessor/acc_q_reg[19]_i_2_n_1
    SLICE_X45Y87         CARRY4 (Prop_carry4_CI_CO[3])
                                                      0.114    16.819 r  i_ariane/gen_example_coprocessor.i_cvxif_coprocessor/acc_q_reg[23]_i_2/CO[3]
                         net (fo=1, routed)           0.000    16.819    i_ariane/gen_example_coprocessor.i_cvxif_coprocessor/acc_q_reg[23]_i_2_n_1
    SLICE_X45Y88         CARRY4 (Prop_carry4_CI_O[2])
                                                      0.239    17.058 r  i_ariane/gen_example_coprocessor.i_cvxif_coprocessor/acc_q_reg[27]_i_2/O[2]
                         net (fo=3, routed)           1.036    18.094    i_ariane/gen_example_coprocessor.i_cvxif_coprocessor/acc_q[27]_i_10_0[2]
    SLICE_X48Y85         LUT5 (Prop_lut5_I3_O)        0.302    18.396 r  i_ariane/gen_example_coprocessor.i_cvxif_coprocessor/mem_q[0][sbe][result][7]_i_11/O
                         net (fo=1, routed)           0.571    18.967    i_ariane/gen_example_coprocessor.i_cvxif_coprocessor/mem_q[0][sbe][result][7]_i_11_n_1
    SLICE_X49Y84         LUT6 (Prop_lut6_I3_O)        0.124    19.091 r  i_ariane/gen_example_coprocessor.i_cvxif_coprocessor/mem_q[0][sbe][result][7]_i_5_comp/O
                         net (fo=12, routed)          0.780    19.872    i_ariane/gen_example_coprocessor.i_cvxif_coprocessor/fifo_commit_i/gen_fpga_queue.fifo_ram/sat_shift8_u81
    SLICE_X50Y81         LUT6 (Prop_lut6_I4_O)        0.124    19.996 r  i_ariane/gen_example_coprocessor.i_cvxif_coprocessor/fifo_commit_i/gen_fpga_queue.fifo_ram/mem_q[0][sbe][result][2]_i_2/O
                         net (fo=6, routed)           0.616    20.611    i_ariane/gen_example_coprocessor.i_cvxif_coprocessor/fifo_commit_i/gen_fpga_queue.fifo_ram/acc_q_reg[27]_i_2[2]
    SLICE_X51Y80         LUT2 (Prop_lut2_I1_O)        0.153    20.764 r  i_ariane/gen_example_coprocessor.i_cvxif_coprocessor/fifo_commit_i/gen_fpga_queue.fifo_ram/operand_f_q[2]_i_5/O
                         net (fo=7, routed)           0.584    21.349    i_ariane/i_cva6/issue_stage_i/i_scoreboard/x_result_ex_id[2]
    SLICE_X55Y80         LUT6 (Prop_lut6_I3_O)        0.327    21.676 r  i_ariane/i_cva6/issue_stage_i/i_scoreboard/operand_e_q[2]_i_9/O
                         net (fo=1, routed)           0.321    21.996    i_ariane/i_cva6/issue_stage_i/i_scoreboard/operand_e_q[2]_i_9_n_1
    SLICE_X57Y81         LUT6 (Prop_lut6_I3_O)        0.124    22.120 r  i_ariane/i_cva6/issue_stage_i/i_scoreboard/operand_e_q[2]_i_3/O
                         net (fo=1, routed)           0.000    22.120    i_ariane/i_cva6/issue_stage_i/i_scoreboard/rs5_sb_iro[2]
    SLICE_X57Y81         MUXF7 (Prop_muxf7_I1_O)      0.217    22.337 r  i_ariane/i_cva6/issue_stage_i/i_scoreboard/operand_e_q_reg[2]_i_1/O
                         net (fo=1, routed)           0.000    22.337    i_ariane/i_cva6/issue_stage_i/i_issue_read_operands/operand_e_q_reg[31]_1[2]
    SLICE_X57Y81         FDCE                                         r  i_ariane/i_cva6/issue_stage_i/i_issue_read_operands/operand_e_q_reg[2]/D
  -------------------------------------------------------------------    -------------------

                         (clock clk_out1_xlnx_clk_gen rise edge)
                                                     20.000    20.000 r  
    K17                                               0.000    20.000 r  clk_sys (IN)
                         net (fo=0)                   0.000    20.000    i_xlnx_clk_gen/inst/clk_in1
    K17                  IBUF (Prop_ibuf_I_O)         1.404    21.404 r  i_xlnx_clk_gen/inst/clkin1_ibufg/O
                         net (fo=1, routed)           1.162    22.566    i_xlnx_clk_gen/inst/clk_in1_xlnx_clk_gen
    MMCME2_ADV_X1Y2      MMCME2_ADV (Prop_mmcme2_adv_CLKIN1_CLKOUT0)
                                                     -7.814    14.752 r  i_xlnx_clk_gen/inst/mmcm_adv_inst/CLKOUT0
                         net (fo=1, routed)           2.012    16.764    i_xlnx_clk_gen/inst/clk_out1_xlnx_clk_gen
    BUFGCTRL_X0Y16       BUFG (Prop_bufg_I_O)         0.091    16.855 r  i_xlnx_clk_gen/inst/clkout1_buf/O
                         net (fo=20038, routed)       1.527    18.382    i_ariane/i_cva6/issue_stage_i/i_issue_read_operands/clk_out1
    SLICE_X57Y81         FDCE                                         r  i_ariane/i_cva6/issue_stage_i/i_issue_read_operands/operand_e_q_reg[2]/C
                         clock pessimism              0.467    18.848    
                         clock uncertainty           -0.079    18.769    
    SLICE_X57Y81         FDCE (Setup_fdce_C_D)        0.064    18.833    i_ariane/i_cva6/issue_stage_i/i_issue_read_operands/operand_e_q_reg[2]
  -------------------------------------------------------------------
                         required time                         18.833    
                         arrival time                         -22.337    
  -------------------------------------------------------------------
                         slack                                 -3.504    

Slack (VIOLATED) :        -3.492ns  (required time - arrival time)
  Source:                 i_ariane/i_cva6/issue_stage_i/i_issue_read_operands/cvxif_valid_q_reg/C
                            (rising edge-triggered cell FDCE clocked by clk_out1_xlnx_clk_gen  {rise@0.000ns fall@10.000ns period=20.000ns})
  Destination:            i_ariane/i_cva6/issue_stage_i/i_issue_read_operands/operand_g_q_reg[5]/D
                            (rising edge-triggered cell FDCE clocked by clk_out1_xlnx_clk_gen  {rise@0.000ns fall@10.000ns period=20.000ns})
  Path Group:             clk_out1_xlnx_clk_gen
  Path Type:              Setup (Max at Slow Process Corner)
  Requirement:            20.000ns  (clk_out1_xlnx_clk_gen rise@20.000ns - clk_out1_xlnx_clk_gen rise@0.000ns)
  Data Path Delay:        23.340ns  (logic 7.040ns (30.163%)  route 16.300ns (69.837%))
  Logic Levels:           26  (CARRY4=9 LUT2=2 LUT3=6 LUT5=1 LUT6=8)
  Clock Path Skew:        -0.101ns (DCD - SCD + CPR)
    Destination Clock Delay (DCD):    -1.613ns = ( 18.387 - 20.000 ) 
    Source Clock Delay      (SCD):    -1.045ns
    Clock Pessimism Removal (CPR):    0.467ns
  Clock Uncertainty:      0.079ns  ((TSJ^2 + DJ^2)^1/2) / 2 + PE
    Total System Jitter     (TSJ):    0.071ns
    Discrete Jitter          (DJ):    0.142ns
    Phase Error              (PE):    0.000ns

    Location             Delay type                Incr(ns)  Path(ns)    Netlist Resource(s)
  -------------------------------------------------------------------    -------------------
                         (clock clk_out1_xlnx_clk_gen rise edge)
                                                      0.000     0.000 r  
    K17                                               0.000     0.000 r  clk_sys (IN)
                         net (fo=0)                   0.000     0.000    i_xlnx_clk_gen/inst/clk_in1
    K17                  IBUF (Prop_ibuf_I_O)         1.475     1.475 r  i_xlnx_clk_gen/inst/clkin1_ibufg/O
                         net (fo=1, routed)           1.285     2.760    i_xlnx_clk_gen/inst/clk_in1_xlnx_clk_gen
    MMCME2_ADV_X1Y2      MMCME2_ADV (Prop_mmcme2_adv_CLKIN1_CLKOUT0)
                                                     -7.759    -4.999 r  i_xlnx_clk_gen/inst/mmcm_adv_inst/CLKOUT0
                         net (fo=1, routed)           2.206    -2.793    i_xlnx_clk_gen/inst/clk_out1_xlnx_clk_gen
    BUFGCTRL_X0Y16       BUFG (Prop_bufg_I_O)         0.101    -2.692 r  i_xlnx_clk_gen/inst/clkout1_buf/O
                         net (fo=20038, routed)       1.647    -1.045    i_ariane/i_cva6/issue_stage_i/i_issue_read_operands/clk_out1
    SLICE_X48Y88         FDCE                                         r  i_ariane/i_cva6/issue_stage_i/i_issue_read_operands/cvxif_valid_q_reg/C
  -------------------------------------------------------------------    -------------------
    SLICE_X48Y88         FDCE (Prop_fdce_C_Q)         0.456    -0.589 f  i_ariane/i_cva6/issue_stage_i/i_issue_read_operands/cvxif_valid_q_reg/Q
                         net (fo=637, routed)         0.830     0.240    i_ariane/i_cva6/issue_stage_i/i_issue_read_operands/cvxif_valid_q_reg_0
    SLICE_X49Y88         LUT2 (Prop_lut2_I0_O)        0.124     0.364 f  i_ariane/i_cva6/issue_stage_i/i_issue_read_operands/i___477_i_3/O
                         net (fo=12, routed)          0.694     1.058    i_ariane/gen_example_coprocessor.i_cvxif_coprocessor/cvxif_req[x_issue_req][instr][6]
    SLICE_X48Y88         LUT3 (Prop_lut3_I1_O)        0.152     1.210 r  i_ariane/gen_example_coprocessor.i_cvxif_coprocessor/i___0_i_7/O
                         net (fo=2, routed)           0.959     2.169    i_ariane/i_cva6/issue_stage_i/i_issue_read_operands/weight_buffer2_reg_265
    SLICE_X48Y91         LUT6 (Prop_lut6_I2_O)        0.326     2.495 r  i_ariane/i_cva6/issue_stage_i/i_issue_read_operands/i___206_i_4/O
                         net (fo=788, routed)         0.423     2.919    i_ariane/gen_example_coprocessor.i_cvxif_coprocessor/rd_block_cnt_q_reg[0]_0
    SLICE_X48Y90         LUT6 (Prop_lut6_I5_O)        0.124     3.043 r  i_ariane/gen_example_coprocessor.i_cvxif_coprocessor/i___478/O
                         net (fo=157, routed)         1.376     4.419    i_ariane/i_cva6/issue_stage_i/i_issue_read_operands/req_o[is_mac16buf_para]
    SLICE_X43Y102        LUT6 (Prop_lut6_I5_O)        0.124     4.543 r  i_ariane/i_cva6/issue_stage_i/i_issue_read_operands/i___239_i_2/O
                         net (fo=9, routed)           0.846     5.389    i_ariane/i_cva6/issue_stage_i/i_issue_read_operands/operand_h_q_reg[27]_0
    SLICE_X44Y101        LUT6 (Prop_lut6_I0_O)        0.124     5.513 f  i_ariane/i_cva6/issue_stage_i/i_issue_read_operands/i___635_i_2/O
                         net (fo=3, routed)           0.327     5.840    i_ariane/i_cva6/issue_stage_i/i_issue_read_operands/weight_buffer2_reg_203
    SLICE_X44Y102        LUT3 (Prop_lut3_I1_O)        0.124     5.964 r  i_ariane/i_cva6/issue_stage_i/i_issue_read_operands/i___405_i_10/O
                         net (fo=1, routed)           0.978     6.943    i_ariane/gen_example_coprocessor.i_cvxif_coprocessor/i___405_0[1]
    SLICE_X42Y101        CARRY4 (Prop_carry4_DI[1]_CO[3])
                                                      0.520     7.463 r  i_ariane/gen_example_coprocessor.i_cvxif_coprocessor/i___405_i_3/CO[3]
                         net (fo=1, routed)           0.000     7.463    i_ariane/gen_example_coprocessor.i_cvxif_coprocessor/i___405_i_3_n_1
    SLICE_X42Y102        CARRY4 (Prop_carry4_CI_O[0])
                                                      0.219     7.682 r  i_ariane/gen_example_coprocessor.i_cvxif_coprocessor/i___436_i_28/O[0]
                         net (fo=3, routed)           0.623     8.304    i_ariane/gen_example_coprocessor.i_cvxif_coprocessor/i___436_i_28_n_8
    SLICE_X40Y103        LUT3 (Prop_lut3_I2_O)        0.295     8.599 r  i_ariane/gen_example_coprocessor.i_cvxif_coprocessor/i___436_i_22/O
                         net (fo=1, routed)           0.682     9.281    i_ariane/gen_example_coprocessor.i_cvxif_coprocessor/i___436_i_22_n_1
    SLICE_X41Y100        CARRY4 (Prop_carry4_DI[1]_O[2])
                                                      0.537     9.818 r  i_ariane/gen_example_coprocessor.i_cvxif_coprocessor/i___436_i_4/O[2]
                         net (fo=3, routed)           0.600    10.418    i_ariane/gen_example_coprocessor.i_cvxif_coprocessor/i___436_i_4_n_6
    SLICE_X47Y98         LUT3 (Prop_lut3_I2_O)        0.302    10.720 r  i_ariane/gen_example_coprocessor.i_cvxif_coprocessor/acc_q[19]_i_48/O
                         net (fo=1, routed)           0.968    11.688    i_ariane/gen_example_coprocessor.i_cvxif_coprocessor/acc_q[19]_i_48_n_1
    SLICE_X46Y96         CARRY4 (Prop_carry4_DI[3]_CO[3])
                                                      0.396    12.084 r  i_ariane/gen_example_coprocessor.i_cvxif_coprocessor/acc_q_reg[19]_i_38/CO[3]
                         net (fo=1, routed)           0.000    12.084    i_ariane/gen_example_coprocessor.i_cvxif_coprocessor/acc_q_reg[19]_i_38_n_1
    SLICE_X46Y97         CARRY4 (Prop_carry4_CI_O[0])
                                                      0.219    12.303 r  i_ariane/gen_example_coprocessor.i_cvxif_coprocessor/acc_q_reg[23]_i_23/O[0]
                         net (fo=3, routed)           0.778    13.081    i_ariane/gen_example_coprocessor.i_cvxif_coprocessor/acc_q_reg[23]_i_23_n_8
    SLICE_X45Y93         LUT3 (Prop_lut3_I1_O)        0.295    13.376 r  i_ariane/gen_example_coprocessor.i_cvxif_coprocessor/acc_q[19]_i_16/O
                         net (fo=1, routed)           0.670    14.046    i_ariane/gen_example_coprocessor.i_cvxif_coprocessor/acc_q[19]_i_16_n_1
    SLICE_X44Y91         CARRY4 (Prop_carry4_DI[1]_O[3])
                                                      0.596    14.642 r  i_ariane/gen_example_coprocessor.i_cvxif_coprocessor/acc_q_reg[19]_i_11/O[3]
                         net (fo=3, routed)           0.622    15.264    i_ariane/gen_example_coprocessor.i_cvxif_coprocessor/acc_q_reg[19]_i_11_n_5
    SLICE_X43Y87         LUT3 (Prop_lut3_I0_O)        0.306    15.570 r  i_ariane/gen_example_coprocessor.i_cvxif_coprocessor/acc_q[19]_i_6/O
                         net (fo=1, routed)           0.609    16.179    i_ariane/gen_example_coprocessor.i_cvxif_coprocessor/acc_q[19]_i_6_n_1
    SLICE_X45Y86         CARRY4 (Prop_carry4_DI[0]_CO[3])
                                                      0.526    16.705 r  i_ariane/gen_example_coprocessor.i_cvxif_coprocessor/acc_q_reg[19]_i_2/CO[3]
                         net (fo=1, routed)           0.000    16.705    i_ariane/gen_example_coprocessor.i_cvxif_coprocessor/acc_q_reg[19]_i_2_n_1
    SLICE_X45Y87         CARRY4 (Prop_carry4_CI_CO[3])
                                                      0.114    16.819 r  i_ariane/gen_example_coprocessor.i_cvxif_coprocessor/acc_q_reg[23]_i_2/CO[3]
                         net (fo=1, routed)           0.000    16.819    i_ariane/gen_example_coprocessor.i_cvxif_coprocessor/acc_q_reg[23]_i_2_n_1
    SLICE_X45Y88         CARRY4 (Prop_carry4_CI_O[2])
                                                      0.239    17.058 r  i_ariane/gen_example_coprocessor.i_cvxif_coprocessor/acc_q_reg[27]_i_2/O[2]
                         net (fo=3, routed)           1.036    18.094    i_ariane/gen_example_coprocessor.i_cvxif_coprocessor/acc_q[27]_i_10_0[2]
    SLICE_X48Y85         LUT5 (Prop_lut5_I3_O)        0.302    18.396 r  i_ariane/gen_example_coprocessor.i_cvxif_coprocessor/mem_q[0][sbe][result][7]_i_11/O
                         net (fo=1, routed)           0.571    18.967    i_ariane/gen_example_coprocessor.i_cvxif_coprocessor/mem_q[0][sbe][result][7]_i_11_n_1
    SLICE_X49Y84         LUT6 (Prop_lut6_I3_O)        0.124    19.091 r  i_ariane/gen_example_coprocessor.i_cvxif_coprocessor/mem_q[0][sbe][result][7]_i_5_comp/O
                         net (fo=12, routed)          0.637    19.728    i_ariane/gen_example_coprocessor.i_cvxif_coprocessor/fifo_commit_i/gen_fpga_queue.fifo_ram/sat_shift8_u81
    SLICE_X49Y83         LUT6 (Prop_lut6_I4_O)        0.124    19.852 r  i_ariane/gen_example_coprocessor.i_cvxif_coprocessor/fifo_commit_i/gen_fpga_queue.fifo_ram/mem_q[0][sbe][result][5]_i_2/O
                         net (fo=6, routed)           0.774    20.626    i_ariane/gen_example_coprocessor.i_cvxif_coprocessor/fifo_commit_i/gen_fpga_queue.fifo_ram/acc_q_reg[27]_i_2[5]
    SLICE_X50Y83         LUT2 (Prop_lut2_I1_O)        0.124    20.750 r  i_ariane/gen_example_coprocessor.i_cvxif_coprocessor/fifo_commit_i/gen_fpga_queue.fifo_ram/operand_f_q[5]_i_5/O
                         net (fo=7, routed)           0.895    21.645    i_ariane/i_cva6/issue_stage_i/i_scoreboard/x_result_ex_id[5]
    SLICE_X56Y85         LUT6 (Prop_lut6_I3_O)        0.124    21.769 r  i_ariane/i_cva6/issue_stage_i/i_scoreboard/operand_g_q[5]_i_3/O
                         net (fo=1, routed)           0.401    22.171    i_ariane/i_cva6/issue_stage_i/i_scoreboard/operand_g_q[5]_i_3_n_1
    SLICE_X57Y86         LUT6 (Prop_lut6_I1_O)        0.124    22.295 r  i_ariane/i_cva6/issue_stage_i/i_scoreboard/operand_g_q[5]_i_1/O
                         net (fo=1, routed)           0.000    22.295    i_ariane/i_cva6/issue_stage_i/i_issue_read_operands/operand_g_q_reg[31]_2[5]
    SLICE_X57Y86         FDCE                                         r  i_ariane/i_cva6/issue_stage_i/i_issue_read_operands/operand_g_q_reg[5]/D
  -------------------------------------------------------------------    -------------------

                         (clock clk_out1_xlnx_clk_gen rise edge)
                                                     20.000    20.000 r  
    K17                                               0.000    20.000 r  clk_sys (IN)
                         net (fo=0)                   0.000    20.000    i_xlnx_clk_gen/inst/clk_in1
    K17                  IBUF (Prop_ibuf_I_O)         1.404    21.404 r  i_xlnx_clk_gen/inst/clkin1_ibufg/O
                         net (fo=1, routed)           1.162    22.566    i_xlnx_clk_gen/inst/clk_in1_xlnx_clk_gen
    MMCME2_ADV_X1Y2      MMCME2_ADV (Prop_mmcme2_adv_CLKIN1_CLKOUT0)
                                                     -7.814    14.752 r  i_xlnx_clk_gen/inst/mmcm_adv_inst/CLKOUT0
                         net (fo=1, routed)           2.012    16.764    i_xlnx_clk_gen/inst/clk_out1_xlnx_clk_gen
    BUFGCTRL_X0Y16       BUFG (Prop_bufg_I_O)         0.091    16.855 r  i_xlnx_clk_gen/inst/clkout1_buf/O
                         net (fo=20038, routed)       1.532    18.387    i_ariane/i_cva6/issue_stage_i/i_issue_read_operands/clk_out1
    SLICE_X57Y86         FDCE                                         r  i_ariane/i_cva6/issue_stage_i/i_issue_read_operands/operand_g_q_reg[5]/C
                         clock pessimism              0.467    18.854    
                         clock uncertainty           -0.079    18.774    
    SLICE_X57Y86         FDCE (Setup_fdce_C_D)        0.029    18.803    i_ariane/i_cva6/issue_stage_i/i_issue_read_operands/operand_g_q_reg[5]
  -------------------------------------------------------------------
                         required time                         18.803    
                         arrival time                         -22.295    
  -------------------------------------------------------------------
                         slack                                 -3.492    





Min Delay Paths
--------------------------------------------------------------------------------------
Slack (MET) :             0.033ns  (arrival time - required time)
  Source:                 i_ariane/i_cva6/ex_stage_i/lsu_i/gen_mmu_sv32.i_cva6_mmu/i_shared_tlb/vpn0_q_reg[5]/C
                            (rising edge-triggered cell FDCE clocked by clk_out1_xlnx_clk_gen  {rise@0.000ns fall@10.000ns period=20.000ns})
  Destination:            i_ariane/i_cva6/ex_stage_i/lsu_i/gen_mmu_sv32.i_cva6_mmu/i_ptw/vaddr_q_reg[17]/D
                            (rising edge-triggered cell FDCE clocked by clk_out1_xlnx_clk_gen  {rise@0.000ns fall@10.000ns period=20.000ns})
  Path Group:             clk_out1_xlnx_clk_gen
  Path Type:              Hold (Min at Fast Process Corner)
  Requirement:            0.000ns  (clk_out1_xlnx_clk_gen rise@0.000ns - clk_out1_xlnx_clk_gen rise@0.000ns)
  Data Path Delay:        0.322ns  (logic 0.148ns (46.016%)  route 0.174ns (53.984%))
  Logic Levels:           0  
  Clock Path Skew:        0.275ns (DCD - SCD - CPR)
    Destination Clock Delay (DCD):    -0.856ns
    Source Clock Delay      (SCD):    -0.624ns
    Clock Pessimism Removal (CPR):    -0.508ns

    Location             Delay type                Incr(ns)  Path(ns)    Netlist Resource(s)
  -------------------------------------------------------------------    -------------------
                         (clock clk_out1_xlnx_clk_gen rise edge)
                                                      0.000     0.000 r  
    K17                                               0.000     0.000 r  clk_sys (IN)
                         net (fo=0)                   0.000     0.000    i_xlnx_clk_gen/inst/clk_in1
    K17                  IBUF (Prop_ibuf_I_O)         0.243     0.243 r  i_xlnx_clk_gen/inst/clkin1_ibufg/O
                         net (fo=1, routed)           0.440     0.683    i_xlnx_clk_gen/inst/clk_in1_xlnx_clk_gen
    MMCME2_ADV_X1Y2      MMCME2_ADV (Prop_mmcme2_adv_CLKIN1_CLKOUT0)
                                                     -2.613    -1.930 r  i_xlnx_clk_gen/inst/mmcm_adv_inst/CLKOUT0
                         net (fo=1, routed)           0.696    -1.233    i_xlnx_clk_gen/inst/clk_out1_xlnx_clk_gen
    BUFGCTRL_X0Y16       BUFG (Prop_bufg_I_O)         0.026    -1.207 r  i_xlnx_clk_gen/inst/clkout1_buf/O
                         net (fo=20038, routed)       0.584    -0.624    i_ariane/i_cva6/ex_stage_i/lsu_i/gen_mmu_sv32.i_cva6_mmu/i_shared_tlb/clk_out1
    SLICE_X82Y50         FDCE                                         r  i_ariane/i_cva6/ex_stage_i/lsu_i/gen_mmu_sv32.i_cva6_mmu/i_shared_tlb/vpn0_q_reg[5]/C
  -------------------------------------------------------------------    -------------------
    SLICE_X82Y50         FDCE (Prop_fdce_C_Q)         0.148    -0.476 r  i_ariane/i_cva6/ex_stage_i/lsu_i/gen_mmu_sv32.i_cva6_mmu/i_shared_tlb/vpn0_q_reg[5]/Q
                         net (fo=3, routed)           0.174    -0.302    i_ariane/i_cva6/ex_stage_i/lsu_i/gen_mmu_sv32.i_cva6_mmu/i_ptw/shared_tlb_vaddr[17]
    SLICE_X87Y49         FDCE                                         r  i_ariane/i_cva6/ex_stage_i/lsu_i/gen_mmu_sv32.i_cva6_mmu/i_ptw/vaddr_q_reg[17]/D
  -------------------------------------------------------------------    -------------------

                         (clock clk_out1_xlnx_clk_gen rise edge)
                                                      0.000     0.000 r  
    K17                                               0.000     0.000 r  clk_sys (IN)
                         net (fo=0)                   0.000     0.000    i_xlnx_clk_gen/inst/clk_in1
    K17                  IBUF (Prop_ibuf_I_O)         0.431     0.431 r  i_xlnx_clk_gen/inst/clkin1_ibufg/O
                         net (fo=1, routed)           0.480     0.911    i_xlnx_clk_gen/inst/clk_in1_xlnx_clk_gen
    MMCME2_ADV_X1Y2      MMCME2_ADV (Prop_mmcme2_adv_CLKIN1_CLKOUT0)
                                                     -3.407    -2.496 r  i_xlnx_clk_gen/inst/mmcm_adv_inst/CLKOUT0
                         net (fo=1, routed)           0.752    -1.744    i_xlnx_clk_gen/inst/clk_out1_xlnx_clk_gen
    BUFGCTRL_X0Y16       BUFG (Prop_bufg_I_O)         0.029    -1.715 r  i_xlnx_clk_gen/inst/clkout1_buf/O
                         net (fo=20038, routed)       0.859    -0.856    i_ariane/i_cva6/ex_stage_i/lsu_i/gen_mmu_sv32.i_cva6_mmu/i_ptw/clk_out1
    SLICE_X87Y49         FDCE                                         r  i_ariane/i_cva6/ex_stage_i/lsu_i/gen_mmu_sv32.i_cva6_mmu/i_ptw/vaddr_q_reg[17]/C
                         clock pessimism              0.508    -0.348    
    SLICE_X87Y49         FDCE (Hold_fdce_C_D)         0.013    -0.335    i_ariane/i_cva6/ex_stage_i/lsu_i/gen_mmu_sv32.i_cva6_mmu/i_ptw/vaddr_q_reg[17]
  -------------------------------------------------------------------
                         required time                          0.335    
                         arrival time                          -0.302    
  -------------------------------------------------------------------
                         slack                                  0.033    

Slack (MET) :             0.049ns  (arrival time - required time)
  Source:                 i_ariane/i_cva6/issue_stage_i/i_issue_read_operands/cvxif_off_instr_q_reg[25]/C
                            (rising edge-triggered cell FDCE clocked by clk_out1_xlnx_clk_gen  {rise@0.000ns fall@10.000ns period=20.000ns})
  Destination:            i_ariane/i_cva6/ex_stage_i/gen_cvxif.cvxif_fu_i/illegal_instr_q_reg[25]/D
                            (rising edge-triggered cell FDCE clocked by clk_out1_xlnx_clk_gen  {rise@0.000ns fall@10.000ns period=20.000ns})
  Path Group:             clk_out1_xlnx_clk_gen
  Path Type:              Hold (Min at Fast Process Corner)
  Requirement:            0.000ns  (clk_out1_xlnx_clk_gen rise@0.000ns - clk_out1_xlnx_clk_gen rise@0.000ns)
  Data Path Delay:        0.407ns  (logic 0.247ns (60.658%)  route 0.160ns (39.342%))
  Logic Levels:           1  (LUT6=1)
  Clock Path Skew:        0.266ns (DCD - SCD - CPR)
    Destination Clock Delay (DCD):    -0.900ns
    Source Clock Delay      (SCD):    -0.664ns
    Clock Pessimism Removal (CPR):    -0.503ns

    Location             Delay type                Incr(ns)  Path(ns)    Netlist Resource(s)
  -------------------------------------------------------------------    -------------------
                         (clock clk_out1_xlnx_clk_gen rise edge)
                                                      0.000     0.000 r  
    K17                                               0.000     0.000 r  clk_sys (IN)
                         net (fo=0)                   0.000     0.000    i_xlnx_clk_gen/inst/clk_in1
    K17                  IBUF (Prop_ibuf_I_O)         0.243     0.243 r  i_xlnx_clk_gen/inst/clkin1_ibufg/O
                         net (fo=1, routed)           0.440     0.683    i_xlnx_clk_gen/inst/clk_in1_xlnx_clk_gen
    MMCME2_ADV_X1Y2      MMCME2_ADV (Prop_mmcme2_adv_CLKIN1_CLKOUT0)
                                                     -2.613    -1.930 r  i_xlnx_clk_gen/inst/mmcm_adv_inst/CLKOUT0
                         net (fo=1, routed)           0.696    -1.233    i_xlnx_clk_gen/inst/clk_out1_xlnx_clk_gen
    BUFGCTRL_X0Y16       BUFG (Prop_bufg_I_O)         0.026    -1.207 r  i_xlnx_clk_gen/inst/clkout1_buf/O
                         net (fo=20038, routed)       0.544    -0.664    i_ariane/i_cva6/issue_stage_i/i_issue_read_operands/clk_out1
    SLICE_X50Y69         FDCE                                         r  i_ariane/i_cva6/issue_stage_i/i_issue_read_operands/cvxif_off_instr_q_reg[25]/C
  -------------------------------------------------------------------    -------------------
    SLICE_X50Y69         FDCE (Prop_fdce_C_Q)         0.148    -0.516 r  i_ariane/i_cva6/issue_stage_i/i_issue_read_operands/cvxif_off_instr_q_reg[25]/Q
                         net (fo=2, routed)           0.160    -0.355    i_ariane/i_cva6/issue_stage_i/i_issue_read_operands/x_off_instr_id_ex[25]
    SLICE_X49Y68         LUT6 (Prop_lut6_I5_O)        0.099    -0.256 r  i_ariane/i_cva6/issue_stage_i/i_issue_read_operands/illegal_instr_q[25]_i_1/O
                         net (fo=1, routed)           0.000    -0.256    i_ariane/i_cva6/ex_stage_i/gen_cvxif.cvxif_fu_i/illegal_instr_q_reg[31]_2[25]
    SLICE_X49Y68         FDCE                                         r  i_ariane/i_cva6/ex_stage_i/gen_cvxif.cvxif_fu_i/illegal_instr_q_reg[25]/D
  -------------------------------------------------------------------    -------------------

                         (clock clk_out1_xlnx_clk_gen rise edge)
                                                      0.000     0.000 r  
    K17                                               0.000     0.000 r  clk_sys (IN)
                         net (fo=0)                   0.000     0.000    i_xlnx_clk_gen/inst/clk_in1
    K17                  IBUF (Prop_ibuf_I_O)         0.431     0.431 r  i_xlnx_clk_gen/inst/clkin1_ibufg/O
                         net (fo=1, routed)           0.480     0.911    i_xlnx_clk_gen/inst/clk_in1_xlnx_clk_gen
    MMCME2_ADV_X1Y2      MMCME2_ADV (Prop_mmcme2_adv_CLKIN1_CLKOUT0)
                                                     -3.407    -2.496 r  i_xlnx_clk_gen/inst/mmcm_adv_inst/CLKOUT0
                         net (fo=1, routed)           0.752    -1.744    i_xlnx_clk_gen/inst/clk_out1_xlnx_clk_gen
    BUFGCTRL_X0Y16       BUFG (Prop_bufg_I_O)         0.029    -1.715 r  i_xlnx_clk_gen/inst/clkout1_buf/O
                         net (fo=20038, routed)       0.815    -0.900    i_ariane/i_cva6/ex_stage_i/gen_cvxif.cvxif_fu_i/clk_out1
    SLICE_X49Y68         FDCE                                         r  i_ariane/i_cva6/ex_stage_i/gen_cvxif.cvxif_fu_i/illegal_instr_q_reg[25]/C
                         clock pessimism              0.503    -0.397    
    SLICE_X49Y68         FDCE (Hold_fdce_C_D)         0.092    -0.305    i_ariane/i_cva6/ex_stage_i/gen_cvxif.cvxif_fu_i/illegal_instr_q_reg[25]
  -------------------------------------------------------------------
                         required time                          0.305    
                         arrival time                          -0.256    
  -------------------------------------------------------------------
                         slack                                  0.049    

Slack (MET) :             0.051ns  (arrival time - required time)
  Source:                 i_axi_xbar/i_xbar/gen_mst_port_mux[6].i_axi_mux/gen_mux.i_w_spill_reg/spill_register_flushable_i/gen_spill_reg.a_data_q_reg[data][17]/C
                            (rising edge-triggered cell FDCE clocked by clk_out1_xlnx_clk_gen  {rise@0.000ns fall@10.000ns period=20.000ns})
  Destination:            i_axi_xbar/i_xbar/gen_mst_port_mux[6].i_axi_mux/gen_mux.i_w_spill_reg/spill_register_flushable_i/gen_spill_reg.b_data_q_reg[data][17]/D
                            (rising edge-triggered cell FDCE clocked by clk_out1_xlnx_clk_gen  {rise@0.000ns fall@10.000ns period=20.000ns})
  Path Group:             clk_out1_xlnx_clk_gen
  Path Type:              Hold (Min at Fast Process Corner)
  Requirement:            0.000ns  (clk_out1_xlnx_clk_gen rise@0.000ns - clk_out1_xlnx_clk_gen rise@0.000ns)
  Data Path Delay:        0.377ns  (logic 0.141ns (37.368%)  route 0.236ns (62.632%))
  Logic Levels:           0  
  Clock Path Skew:        0.256ns (DCD - SCD - CPR)
    Destination Clock Delay (DCD):    -0.902ns
    Source Clock Delay      (SCD):    -0.656ns
    Clock Pessimism Removal (CPR):    -0.503ns

    Location             Delay type                Incr(ns)  Path(ns)    Netlist Resource(s)
  -------------------------------------------------------------------    -------------------
                         (clock clk_out1_xlnx_clk_gen rise edge)
                                                      0.000     0.000 r  
    K17                                               0.000     0.000 r  clk_sys (IN)
                         net (fo=0)                   0.000     0.000    i_xlnx_clk_gen/inst/clk_in1
    K17                  IBUF (Prop_ibuf_I_O)         0.243     0.243 r  i_xlnx_clk_gen/inst/clkin1_ibufg/O
                         net (fo=1, routed)           0.440     0.683    i_xlnx_clk_gen/inst/clk_in1_xlnx_clk_gen
    MMCME2_ADV_X1Y2      MMCME2_ADV (Prop_mmcme2_adv_CLKIN1_CLKOUT0)
                                                     -2.613    -1.930 r  i_xlnx_clk_gen/inst/mmcm_adv_inst/CLKOUT0
                         net (fo=1, routed)           0.696    -1.233    i_xlnx_clk_gen/inst/clk_out1_xlnx_clk_gen
    BUFGCTRL_X0Y16       BUFG (Prop_bufg_I_O)         0.026    -1.207 r  i_xlnx_clk_gen/inst/clkout1_buf/O
                         net (fo=20038, routed)       0.552    -0.656    i_axi_xbar/i_xbar/gen_mst_port_mux[6].i_axi_mux/gen_mux.i_w_spill_reg/spill_register_flushable_i/clk_out1
    SLICE_X47Y28         FDCE                                         r  i_axi_xbar/i_xbar/gen_mst_port_mux[6].i_axi_mux/gen_mux.i_w_spill_reg/spill_register_flushable_i/gen_spill_reg.a_data_q_reg[data][17]/C
  -------------------------------------------------------------------    -------------------
    SLICE_X47Y28         FDCE (Prop_fdce_C_Q)         0.141    -0.515 r  i_axi_xbar/i_xbar/gen_mst_port_mux[6].i_axi_mux/gen_mux.i_w_spill_reg/spill_register_flushable_i/gen_spill_reg.a_data_q_reg[data][17]/Q
                         net (fo=2, routed)           0.236    -0.278    i_axi_xbar/i_xbar/gen_mst_port_mux[6].i_axi_mux/gen_mux.i_w_spill_reg/spill_register_flushable_i/gen_spill_reg.a_data_q_reg[data][17]
    SLICE_X51Y28         FDCE                                         r  i_axi_xbar/i_xbar/gen_mst_port_mux[6].i_axi_mux/gen_mux.i_w_spill_reg/spill_register_flushable_i/gen_spill_reg.b_data_q_reg[data][17]/D
  -------------------------------------------------------------------    -------------------

                         (clock clk_out1_xlnx_clk_gen rise edge)
                                                      0.000     0.000 r  
    K17                                               0.000     0.000 r  clk_sys (IN)
                         net (fo=0)                   0.000     0.000    i_xlnx_clk_gen/inst/clk_in1
    K17                  IBUF (Prop_ibuf_I_O)         0.431     0.431 r  i_xlnx_clk_gen/inst/clkin1_ibufg/O
                         net (fo=1, routed)           0.480     0.911    i_xlnx_clk_gen/inst/clk_in1_xlnx_clk_gen
    MMCME2_ADV_X1Y2      MMCME2_ADV (Prop_mmcme2_adv_CLKIN1_CLKOUT0)
                                                     -3.407    -2.496 r  i_xlnx_clk_gen/inst/mmcm_adv_inst/CLKOUT0
                         net (fo=1, routed)           0.752    -1.744    i_xlnx_clk_gen/inst/clk_out1_xlnx_clk_gen
    BUFGCTRL_X0Y16       BUFG (Prop_bufg_I_O)         0.029    -1.715 r  i_xlnx_clk_gen/inst/clkout1_buf/O
                         net (fo=20038, routed)       0.813    -0.902    i_axi_xbar/i_xbar/gen_mst_port_mux[6].i_axi_mux/gen_mux.i_w_spill_reg/spill_register_flushable_i/clk_out1
    SLICE_X51Y28         FDCE                                         r  i_axi_xbar/i_xbar/gen_mst_port_mux[6].i_axi_mux/gen_mux.i_w_spill_reg/spill_register_flushable_i/gen_spill_reg.b_data_q_reg[data][17]/C
                         clock pessimism              0.503    -0.399    
    SLICE_X51Y28         FDCE (Hold_fdce_C_D)         0.070    -0.329    i_axi_xbar/i_xbar/gen_mst_port_mux[6].i_axi_mux/gen_mux.i_w_spill_reg/spill_register_flushable_i/gen_spill_reg.b_data_q_reg[data][17]
  -------------------------------------------------------------------
                         required time                          0.329    
                         arrival time                          -0.278    
  -------------------------------------------------------------------
                         slack                                  0.051    

Slack (MET) :             0.055ns  (arrival time - required time)
  Source:                 i_ariane/i_cva6/issue_stage_i/i_issue_read_operands/cvxif_off_instr_q_reg[16]/C
                            (rising edge-triggered cell FDCE clocked by clk_out1_xlnx_clk_gen  {rise@0.000ns fall@10.000ns period=20.000ns})
  Destination:            i_ariane/i_cva6/ex_stage_i/gen_cvxif.cvxif_fu_i/illegal_instr_q_reg[16]/D
                            (rising edge-triggered cell FDCE clocked by clk_out1_xlnx_clk_gen  {rise@0.000ns fall@10.000ns period=20.000ns})
  Path Group:             clk_out1_xlnx_clk_gen
  Path Type:              Hold (Min at Fast Process Corner)
  Requirement:            0.000ns  (clk_out1_xlnx_clk_gen rise@0.000ns - clk_out1_xlnx_clk_gen rise@0.000ns)
  Data Path Delay:        0.414ns  (logic 0.186ns (44.929%)  route 0.228ns (55.071%))
  Logic Levels:           1  (LUT6=1)
  Clock Path Skew:        0.267ns (DCD - SCD - CPR)
    Destination Clock Delay (DCD):    -0.900ns
    Source Clock Delay      (SCD):    -0.665ns
    Clock Pessimism Removal (CPR):    -0.503ns

    Location             Delay type                Incr(ns)  Path(ns)    Netlist Resource(s)
  -------------------------------------------------------------------    -------------------
                         (clock clk_out1_xlnx_clk_gen rise edge)
                                                      0.000     0.000 r  
    K17                                               0.000     0.000 r  clk_sys (IN)
                         net (fo=0)                   0.000     0.000    i_xlnx_clk_gen/inst/clk_in1
    K17                  IBUF (Prop_ibuf_I_O)         0.243     0.243 r  i_xlnx_clk_gen/inst/clkin1_ibufg/O
                         net (fo=1, routed)           0.440     0.683    i_xlnx_clk_gen/inst/clk_in1_xlnx_clk_gen
    MMCME2_ADV_X1Y2      MMCME2_ADV (Prop_mmcme2_adv_CLKIN1_CLKOUT0)
                                                     -2.613    -1.930 r  i_xlnx_clk_gen/inst/mmcm_adv_inst/CLKOUT0
                         net (fo=1, routed)           0.696    -1.233    i_xlnx_clk_gen/inst/clk_out1_xlnx_clk_gen
    BUFGCTRL_X0Y16       BUFG (Prop_bufg_I_O)         0.026    -1.207 r  i_xlnx_clk_gen/inst/clkout1_buf/O
                         net (fo=20038, routed)       0.543    -0.665    i_ariane/i_cva6/issue_stage_i/i_issue_read_operands/clk_out1
    SLICE_X51Y70         FDCE                                         r  i_ariane/i_cva6/issue_stage_i/i_issue_read_operands/cvxif_off_instr_q_reg[16]/C
  -------------------------------------------------------------------    -------------------
    SLICE_X51Y70         FDCE (Prop_fdce_C_Q)         0.141    -0.524 r  i_ariane/i_cva6/issue_stage_i/i_issue_read_operands/cvxif_off_instr_q_reg[16]/Q
                         net (fo=3, routed)           0.228    -0.296    i_ariane/i_cva6/issue_stage_i/i_issue_read_operands/x_off_instr_id_ex[16]
    SLICE_X47Y68         LUT6 (Prop_lut6_I5_O)        0.045    -0.251 r  i_ariane/i_cva6/issue_stage_i/i_issue_read_operands/illegal_instr_q[16]_i_1/O
                         net (fo=1, routed)           0.000    -0.251    i_ariane/i_cva6/ex_stage_i/gen_cvxif.cvxif_fu_i/illegal_instr_q_reg[31]_2[16]
    SLICE_X47Y68         FDCE                                         r  i_ariane/i_cva6/ex_stage_i/gen_cvxif.cvxif_fu_i/illegal_instr_q_reg[16]/D
  -------------------------------------------------------------------    -------------------

                         (clock clk_out1_xlnx_clk_gen rise edge)
                                                      0.000     0.000 r  
    K17                                               0.000     0.000 r  clk_sys (IN)
                         net (fo=0)                   0.000     0.000    i_xlnx_clk_gen/inst/clk_in1
    K17                  IBUF (Prop_ibuf_I_O)         0.431     0.431 r  i_xlnx_clk_gen/inst/clkin1_ibufg/O
                         net (fo=1, routed)           0.480     0.911    i_xlnx_clk_gen/inst/clk_in1_xlnx_clk_gen
    MMCME2_ADV_X1Y2      MMCME2_ADV (Prop_mmcme2_adv_CLKIN1_CLKOUT0)
                                                     -3.407    -2.496 r  i_xlnx_clk_gen/inst/mmcm_adv_inst/CLKOUT0
                         net (fo=1, routed)           0.752    -1.744    i_xlnx_clk_gen/inst/clk_out1_xlnx_clk_gen
    BUFGCTRL_X0Y16       BUFG (Prop_bufg_I_O)         0.029    -1.715 r  i_xlnx_clk_gen/inst/clkout1_buf/O
                         net (fo=20038, routed)       0.815    -0.900    i_ariane/i_cva6/ex_stage_i/gen_cvxif.cvxif_fu_i/clk_out1
    SLICE_X47Y68         FDCE                                         r  i_ariane/i_cva6/ex_stage_i/gen_cvxif.cvxif_fu_i/illegal_instr_q_reg[16]/C
                         clock pessimism              0.503    -0.397    
    SLICE_X47Y68         FDCE (Hold_fdce_C_D)         0.092    -0.305    i_ariane/i_cva6/ex_stage_i/gen_cvxif.cvxif_fu_i/illegal_instr_q_reg[16]
  -------------------------------------------------------------------
                         required time                          0.305    
                         arrival time                          -0.251    
  -------------------------------------------------------------------
                         slack                                  0.055    

Slack (MET) :             0.056ns  (arrival time - required time)
  Source:                 i_ariane/i_cva6/i_frontend/icache_vaddr_q_reg[15]/C
                            (rising edge-triggered cell FDCE clocked by clk_out1_xlnx_clk_gen  {rise@0.000ns fall@10.000ns period=20.000ns})
  Destination:            i_ariane/i_cva6/i_frontend/i_instr_realign/unaligned_address_q_reg[15]/D
                            (rising edge-triggered cell FDCE clocked by clk_out1_xlnx_clk_gen  {rise@0.000ns fall@10.000ns period=20.000ns})
  Path Group:             clk_out1_xlnx_clk_gen
  Path Type:              Hold (Min at Fast Process Corner)
  Requirement:            0.000ns  (clk_out1_xlnx_clk_gen rise@0.000ns - clk_out1_xlnx_clk_gen rise@0.000ns)
  Data Path Delay:        0.388ns  (logic 0.164ns (42.257%)  route 0.224ns (57.743%))
  Logic Levels:           0  
  Clock Path Skew:        0.262ns (DCD - SCD - CPR)
    Destination Clock Delay (DCD):    -0.867ns
    Source Clock Delay      (SCD):    -0.622ns
    Clock Pessimism Removal (CPR):    -0.508ns

    Location             Delay type                Incr(ns)  Path(ns)    Netlist Resource(s)
  -------------------------------------------------------------------    -------------------
                         (clock clk_out1_xlnx_clk_gen rise edge)
                                                      0.000     0.000 r  
    K17                                               0.000     0.000 r  clk_sys (IN)
                         net (fo=0)                   0.000     0.000    i_xlnx_clk_gen/inst/clk_in1
    K17                  IBUF (Prop_ibuf_I_O)         0.243     0.243 r  i_xlnx_clk_gen/inst/clkin1_ibufg/O
                         net (fo=1, routed)           0.440     0.683    i_xlnx_clk_gen/inst/clk_in1_xlnx_clk_gen
    MMCME2_ADV_X1Y2      MMCME2_ADV (Prop_mmcme2_adv_CLKIN1_CLKOUT0)
                                                     -2.613    -1.930 r  i_xlnx_clk_gen/inst/mmcm_adv_inst/CLKOUT0
                         net (fo=1, routed)           0.696    -1.233    i_xlnx_clk_gen/inst/clk_out1_xlnx_clk_gen
    BUFGCTRL_X0Y16       BUFG (Prop_bufg_I_O)         0.026    -1.207 r  i_xlnx_clk_gen/inst/clkout1_buf/O
                         net (fo=20038, routed)       0.586    -0.622    i_ariane/i_cva6/i_frontend/clk_out1
    SLICE_X62Y49         FDCE                                         r  i_ariane/i_cva6/i_frontend/icache_vaddr_q_reg[15]/C
  -------------------------------------------------------------------    -------------------
    SLICE_X62Y49         FDCE (Prop_fdce_C_Q)         0.164    -0.458 r  i_ariane/i_cva6/i_frontend/icache_vaddr_q_reg[15]/Q
                         net (fo=4, routed)           0.224    -0.234    i_ariane/i_cva6/i_frontend/i_instr_realign/unaligned_address_q_reg[31]_0[15]
    SLICE_X60Y53         FDCE                                         r  i_ariane/i_cva6/i_frontend/i_instr_realign/unaligned_address_q_reg[15]/D
  -------------------------------------------------------------------    -------------------

                         (clock clk_out1_xlnx_clk_gen rise edge)
                                                      0.000     0.000 r  
    K17                                               0.000     0.000 r  clk_sys (IN)
                         net (fo=0)                   0.000     0.000    i_xlnx_clk_gen/inst/clk_in1
    K17                  IBUF (Prop_ibuf_I_O)         0.431     0.431 r  i_xlnx_clk_gen/inst/clkin1_ibufg/O
                         net (fo=1, routed)           0.480     0.911    i_xlnx_clk_gen/inst/clk_in1_xlnx_clk_gen
    MMCME2_ADV_X1Y2      MMCME2_ADV (Prop_mmcme2_adv_CLKIN1_CLKOUT0)
                                                     -3.407    -2.496 r  i_xlnx_clk_gen/inst/mmcm_adv_inst/CLKOUT0
                         net (fo=1, routed)           0.752    -1.744    i_xlnx_clk_gen/inst/clk_out1_xlnx_clk_gen
    BUFGCTRL_X0Y16       BUFG (Prop_bufg_I_O)         0.029    -1.715 r  i_xlnx_clk_gen/inst/clkout1_buf/O
                         net (fo=20038, routed)       0.848    -0.867    i_ariane/i_cva6/i_frontend/i_instr_realign/clk_out1
    SLICE_X60Y53         FDCE                                         r  i_ariane/i_cva6/i_frontend/i_instr_realign/unaligned_address_q_reg[15]/C
                         clock pessimism              0.508    -0.359    
    SLICE_X60Y53         FDCE (Hold_fdce_C_D)         0.070    -0.289    i_ariane/i_cva6/i_frontend/i_instr_realign/unaligned_address_q_reg[15]
  -------------------------------------------------------------------
                         required time                          0.289    
                         arrival time                          -0.234    
  -------------------------------------------------------------------
                         slack                                  0.056    

Slack (MET) :             0.058ns  (arrival time - required time)
  Source:                 i_axi_xbar/i_xbar/gen_mst_port_mux[7].i_axi_mux/gen_mux.i_w_spill_reg/spill_register_flushable_i/gen_spill_reg.a_data_q_reg[data][40]/C
                            (rising edge-triggered cell FDCE clocked by clk_out1_xlnx_clk_gen  {rise@0.000ns fall@10.000ns period=20.000ns})
  Destination:            i_axi_xbar/i_xbar/gen_mst_port_mux[7].i_axi_mux/gen_mux.i_w_spill_reg/spill_register_flushable_i/gen_spill_reg.b_data_q_reg[data][40]/D
                            (rising edge-triggered cell FDCE clocked by clk_out1_xlnx_clk_gen  {rise@0.000ns fall@10.000ns period=20.000ns})
  Path Group:             clk_out1_xlnx_clk_gen
  Path Type:              Hold (Min at Fast Process Corner)
  Requirement:            0.000ns  (clk_out1_xlnx_clk_gen rise@0.000ns - clk_out1_xlnx_clk_gen rise@0.000ns)
  Data Path Delay:        0.394ns  (logic 0.141ns (35.818%)  route 0.253ns (64.182%))
  Logic Levels:           0  
  Clock Path Skew:        0.263ns (DCD - SCD - CPR)
    Destination Clock Delay (DCD):    -0.902ns
    Source Clock Delay      (SCD):    -0.663ns
    Clock Pessimism Removal (CPR):    -0.503ns

    Location             Delay type                Incr(ns)  Path(ns)    Netlist Resource(s)
  -------------------------------------------------------------------    -------------------
                         (clock clk_out1_xlnx_clk_gen rise edge)
                                                      0.000     0.000 r  
    K17                                               0.000     0.000 r  clk_sys (IN)
                         net (fo=0)                   0.000     0.000    i_xlnx_clk_gen/inst/clk_in1
    K17                  IBUF (Prop_ibuf_I_O)         0.243     0.243 r  i_xlnx_clk_gen/inst/clkin1_ibufg/O
                         net (fo=1, routed)           0.440     0.683    i_xlnx_clk_gen/inst/clk_in1_xlnx_clk_gen
    MMCME2_ADV_X1Y2      MMCME2_ADV (Prop_mmcme2_adv_CLKIN1_CLKOUT0)
                                                     -2.613    -1.930 r  i_xlnx_clk_gen/inst/mmcm_adv_inst/CLKOUT0
                         net (fo=1, routed)           0.696    -1.233    i_xlnx_clk_gen/inst/clk_out1_xlnx_clk_gen
    BUFGCTRL_X0Y16       BUFG (Prop_bufg_I_O)         0.026    -1.207 r  i_xlnx_clk_gen/inst/clkout1_buf/O
                         net (fo=20038, routed)       0.545    -0.663    i_axi_xbar/i_xbar/gen_mst_port_mux[7].i_axi_mux/gen_mux.i_w_spill_reg/spill_register_flushable_i/clk_out1
    SLICE_X52Y25         FDCE                                         r  i_axi_xbar/i_xbar/gen_mst_port_mux[7].i_axi_mux/gen_mux.i_w_spill_reg/spill_register_flushable_i/gen_spill_reg.a_data_q_reg[data][40]/C
  -------------------------------------------------------------------    -------------------
    SLICE_X52Y25         FDCE (Prop_fdce_C_Q)         0.141    -0.522 r  i_axi_xbar/i_xbar/gen_mst_port_mux[7].i_axi_mux/gen_mux.i_w_spill_reg/spill_register_flushable_i/gen_spill_reg.a_data_q_reg[data][40]/Q
                         net (fo=2, routed)           0.253    -0.269    i_axi_xbar/i_xbar/gen_mst_port_mux[7].i_axi_mux/gen_mux.i_w_spill_reg/spill_register_flushable_i/gen_spill_reg.a_data_q_reg[data][40]
    SLICE_X44Y25         FDCE                                         r  i_axi_xbar/i_xbar/gen_mst_port_mux[7].i_axi_mux/gen_mux.i_w_spill_reg/spill_register_flushable_i/gen_spill_reg.b_data_q_reg[data][40]/D
  -------------------------------------------------------------------    -------------------

                         (clock clk_out1_xlnx_clk_gen rise edge)
                                                      0.000     0.000 r  
    K17                                               0.000     0.000 r  clk_sys (IN)
                         net (fo=0)                   0.000     0.000    i_xlnx_clk_gen/inst/clk_in1
    K17                  IBUF (Prop_ibuf_I_O)         0.431     0.431 r  i_xlnx_clk_gen/inst/clkin1_ibufg/O
                         net (fo=1, routed)           0.480     0.911    i_xlnx_clk_gen/inst/clk_in1_xlnx_clk_gen
    MMCME2_ADV_X1Y2      MMCME2_ADV (Prop_mmcme2_adv_CLKIN1_CLKOUT0)
                                                     -3.407    -2.496 r  i_xlnx_clk_gen/inst/mmcm_adv_inst/CLKOUT0
                         net (fo=1, routed)           0.752    -1.744    i_xlnx_clk_gen/inst/clk_out1_xlnx_clk_gen
    BUFGCTRL_X0Y16       BUFG (Prop_bufg_I_O)         0.029    -1.715 r  i_xlnx_clk_gen/inst/clkout1_buf/O
                         net (fo=20038, routed)       0.813    -0.902    i_axi_xbar/i_xbar/gen_mst_port_mux[7].i_axi_mux/gen_mux.i_w_spill_reg/spill_register_flushable_i/clk_out1
    SLICE_X44Y25         FDCE                                         r  i_axi_xbar/i_xbar/gen_mst_port_mux[7].i_axi_mux/gen_mux.i_w_spill_reg/spill_register_flushable_i/gen_spill_reg.b_data_q_reg[data][40]/C
                         clock pessimism              0.503    -0.399    
    SLICE_X44Y25         FDCE (Hold_fdce_C_D)         0.072    -0.327    i_axi_xbar/i_xbar/gen_mst_port_mux[7].i_axi_mux/gen_mux.i_w_spill_reg/spill_register_flushable_i/gen_spill_reg.b_data_q_reg[data][40]
  -------------------------------------------------------------------
                         required time                          0.327    
                         arrival time                          -0.269    
  -------------------------------------------------------------------
                         slack                                  0.058    

Slack (MET) :             0.059ns  (arrival time - required time)
  Source:                 i_axi_xbar/i_xbar/gen_mst_port_mux[7].i_axi_mux/gen_mux.i_w_spill_reg/spill_register_flushable_i/gen_spill_reg.a_data_q_reg[data][45]/C
                            (rising edge-triggered cell FDCE clocked by clk_out1_xlnx_clk_gen  {rise@0.000ns fall@10.000ns period=20.000ns})
  Destination:            i_axi_xbar/i_xbar/gen_mst_port_mux[7].i_axi_mux/gen_mux.i_w_spill_reg/spill_register_flushable_i/gen_spill_reg.b_data_q_reg[data][45]/D
                            (rising edge-triggered cell FDCE clocked by clk_out1_xlnx_clk_gen  {rise@0.000ns fall@10.000ns period=20.000ns})
  Path Group:             clk_out1_xlnx_clk_gen
  Path Type:              Hold (Min at Fast Process Corner)
  Requirement:            0.000ns  (clk_out1_xlnx_clk_gen rise@0.000ns - clk_out1_xlnx_clk_gen rise@0.000ns)
  Data Path Delay:        0.394ns  (logic 0.141ns (35.760%)  route 0.253ns (64.240%))
  Logic Levels:           0  
  Clock Path Skew:        0.265ns (DCD - SCD - CPR)
    Destination Clock Delay (DCD):    -0.897ns
    Source Clock Delay      (SCD):    -0.660ns
    Clock Pessimism Removal (CPR):    -0.503ns

    Location             Delay type                Incr(ns)  Path(ns)    Netlist Resource(s)
  -------------------------------------------------------------------    -------------------
                         (clock clk_out1_xlnx_clk_gen rise edge)
                                                      0.000     0.000 r  
    K17                                               0.000     0.000 r  clk_sys (IN)
                         net (fo=0)                   0.000     0.000    i_xlnx_clk_gen/inst/clk_in1
    K17                  IBUF (Prop_ibuf_I_O)         0.243     0.243 r  i_xlnx_clk_gen/inst/clkin1_ibufg/O
                         net (fo=1, routed)           0.440     0.683    i_xlnx_clk_gen/inst/clk_in1_xlnx_clk_gen
    MMCME2_ADV_X1Y2      MMCME2_ADV (Prop_mmcme2_adv_CLKIN1_CLKOUT0)
                                                     -2.613    -1.930 r  i_xlnx_clk_gen/inst/mmcm_adv_inst/CLKOUT0
                         net (fo=1, routed)           0.696    -1.233    i_xlnx_clk_gen/inst/clk_out1_xlnx_clk_gen
    BUFGCTRL_X0Y16       BUFG (Prop_bufg_I_O)         0.026    -1.207 r  i_xlnx_clk_gen/inst/clkout1_buf/O
                         net (fo=20038, routed)       0.548    -0.660    i_axi_xbar/i_xbar/gen_mst_port_mux[7].i_axi_mux/gen_mux.i_w_spill_reg/spill_register_flushable_i/clk_out1
    SLICE_X52Y28         FDCE                                         r  i_axi_xbar/i_xbar/gen_mst_port_mux[7].i_axi_mux/gen_mux.i_w_spill_reg/spill_register_flushable_i/gen_spill_reg.a_data_q_reg[data][45]/C
  -------------------------------------------------------------------    -------------------
    SLICE_X52Y28         FDCE (Prop_fdce_C_Q)         0.141    -0.519 r  i_axi_xbar/i_xbar/gen_mst_port_mux[7].i_axi_mux/gen_mux.i_w_spill_reg/spill_register_flushable_i/gen_spill_reg.a_data_q_reg[data][45]/Q
                         net (fo=2, routed)           0.253    -0.265    i_axi_xbar/i_xbar/gen_mst_port_mux[7].i_axi_mux/gen_mux.i_w_spill_reg/spill_register_flushable_i/gen_spill_reg.a_data_q_reg[data][45]
    SLICE_X44Y29         FDCE                                         r  i_axi_xbar/i_xbar/gen_mst_port_mux[7].i_axi_mux/gen_mux.i_w_spill_reg/spill_register_flushable_i/gen_spill_reg.b_data_q_reg[data][45]/D
  -------------------------------------------------------------------    -------------------

                         (clock clk_out1_xlnx_clk_gen rise edge)
                                                      0.000     0.000 r  
    K17                                               0.000     0.000 r  clk_sys (IN)
                         net (fo=0)                   0.000     0.000    i_xlnx_clk_gen/inst/clk_in1
    K17                  IBUF (Prop_ibuf_I_O)         0.431     0.431 r  i_xlnx_clk_gen/inst/clkin1_ibufg/O
                         net (fo=1, routed)           0.480     0.911    i_xlnx_clk_gen/inst/clk_in1_xlnx_clk_gen
    MMCME2_ADV_X1Y2      MMCME2_ADV (Prop_mmcme2_adv_CLKIN1_CLKOUT0)
                                                     -3.407    -2.496 r  i_xlnx_clk_gen/inst/mmcm_adv_inst/CLKOUT0
                         net (fo=1, routed)           0.752    -1.744    i_xlnx_clk_gen/inst/clk_out1_xlnx_clk_gen
    BUFGCTRL_X0Y16       BUFG (Prop_bufg_I_O)         0.029    -1.715 r  i_xlnx_clk_gen/inst/clkout1_buf/O
                         net (fo=20038, routed)       0.818    -0.897    i_axi_xbar/i_xbar/gen_mst_port_mux[7].i_axi_mux/gen_mux.i_w_spill_reg/spill_register_flushable_i/clk_out1
    SLICE_X44Y29         FDCE                                         r  i_axi_xbar/i_xbar/gen_mst_port_mux[7].i_axi_mux/gen_mux.i_w_spill_reg/spill_register_flushable_i/gen_spill_reg.b_data_q_reg[data][45]/C
                         clock pessimism              0.503    -0.394    
    SLICE_X44Y29         FDCE (Hold_fdce_C_D)         0.070    -0.324    i_axi_xbar/i_xbar/gen_mst_port_mux[7].i_axi_mux/gen_mux.i_w_spill_reg/spill_register_flushable_i/gen_spill_reg.b_data_q_reg[data][45]
  -------------------------------------------------------------------
                         required time                          0.324    
                         arrival time                          -0.265    
  -------------------------------------------------------------------
                         slack                                  0.059    

Slack (MET) :             0.060ns  (arrival time - required time)
  Source:                 i_ariane/i_cva6/ex_stage_i/lsu_i/gen_mmu_sv32.i_cva6_mmu/i_ptw/data_rdata_q_reg[21]/C
                            (rising edge-triggered cell FDCE clocked by clk_out1_xlnx_clk_gen  {rise@0.000ns fall@10.000ns period=20.000ns})
  Destination:            i_ariane/i_cva6/ex_stage_i/lsu_i/gen_mmu_sv32.i_cva6_mmu/i_ptw/ptw_pptr_q_reg[23]/D
                            (rising edge-triggered cell FDCE clocked by clk_out1_xlnx_clk_gen  {rise@0.000ns fall@10.000ns period=20.000ns})
  Path Group:             clk_out1_xlnx_clk_gen
  Path Type:              Hold (Min at Fast Process Corner)
  Requirement:            0.000ns  (clk_out1_xlnx_clk_gen rise@0.000ns - clk_out1_xlnx_clk_gen rise@0.000ns)
  Data Path Delay:        0.430ns  (logic 0.212ns (49.341%)  route 0.218ns (50.659%))
  Logic Levels:           1  (LUT3=1)
  Clock Path Skew:        0.262ns (DCD - SCD - CPR)
    Destination Clock Delay (DCD):    -0.894ns
    Source Clock Delay      (SCD):    -0.649ns
    Clock Pessimism Removal (CPR):    -0.508ns

    Location             Delay type                Incr(ns)  Path(ns)    Netlist Resource(s)
  -------------------------------------------------------------------    -------------------
                         (clock clk_out1_xlnx_clk_gen rise edge)
                                                      0.000     0.000 r  
    K17                                               0.000     0.000 r  clk_sys (IN)
                         net (fo=0)                   0.000     0.000    i_xlnx_clk_gen/inst/clk_in1
    K17                  IBUF (Prop_ibuf_I_O)         0.243     0.243 r  i_xlnx_clk_gen/inst/clkin1_ibufg/O
                         net (fo=1, routed)           0.440     0.683    i_xlnx_clk_gen/inst/clk_in1_xlnx_clk_gen
    MMCME2_ADV_X1Y2      MMCME2_ADV (Prop_mmcme2_adv_CLKIN1_CLKOUT0)
                                                     -2.613    -1.930 r  i_xlnx_clk_gen/inst/mmcm_adv_inst/CLKOUT0
                         net (fo=1, routed)           0.696    -1.233    i_xlnx_clk_gen/inst/clk_out1_xlnx_clk_gen
    BUFGCTRL_X0Y16       BUFG (Prop_bufg_I_O)         0.026    -1.207 r  i_xlnx_clk_gen/inst/clkout1_buf/O
                         net (fo=20038, routed)       0.559    -0.649    i_ariane/i_cva6/ex_stage_i/lsu_i/gen_mmu_sv32.i_cva6_mmu/i_ptw/clk_out1
    SLICE_X50Y49         FDCE                                         r  i_ariane/i_cva6/ex_stage_i/lsu_i/gen_mmu_sv32.i_cva6_mmu/i_ptw/data_rdata_q_reg[21]/C
  -------------------------------------------------------------------    -------------------
    SLICE_X50Y49         FDCE (Prop_fdce_C_Q)         0.164    -0.485 r  i_ariane/i_cva6/ex_stage_i/lsu_i/gen_mmu_sv32.i_cva6_mmu/i_ptw/data_rdata_q_reg[21]/Q
                         net (fo=3, routed)           0.218    -0.267    i_ariane/i_cva6/ex_stage_i/lsu_i/gen_mmu_sv32.i_cva6_mmu/i_ptw/data_rdata_q_reg[31]_0[21]
    SLICE_X52Y51         LUT3 (Prop_lut3_I0_O)        0.048    -0.219 r  i_ariane/i_cva6/ex_stage_i/lsu_i/gen_mmu_sv32.i_cva6_mmu/i_ptw/ptw_pptr_q[23]_i_1/O
                         net (fo=1, routed)           0.000    -0.219    i_ariane/i_cva6/ex_stage_i/lsu_i/gen_mmu_sv32.i_cva6_mmu/i_ptw/ptw_pptr_n[23]
    SLICE_X52Y51         FDCE                                         r  i_ariane/i_cva6/ex_stage_i/lsu_i/gen_mmu_sv32.i_cva6_mmu/i_ptw/ptw_pptr_q_reg[23]/D
  -------------------------------------------------------------------    -------------------

                         (clock clk_out1_xlnx_clk_gen rise edge)
                                                      0.000     0.000 r  
    K17                                               0.000     0.000 r  clk_sys (IN)
                         net (fo=0)                   0.000     0.000    i_xlnx_clk_gen/inst/clk_in1
    K17                  IBUF (Prop_ibuf_I_O)         0.431     0.431 r  i_xlnx_clk_gen/inst/clkin1_ibufg/O
                         net (fo=1, routed)           0.480     0.911    i_xlnx_clk_gen/inst/clk_in1_xlnx_clk_gen
    MMCME2_ADV_X1Y2      MMCME2_ADV (Prop_mmcme2_adv_CLKIN1_CLKOUT0)
                                                     -3.407    -2.496 r  i_xlnx_clk_gen/inst/mmcm_adv_inst/CLKOUT0
                         net (fo=1, routed)           0.752    -1.744    i_xlnx_clk_gen/inst/clk_out1_xlnx_clk_gen
    BUFGCTRL_X0Y16       BUFG (Prop_bufg_I_O)         0.029    -1.715 r  i_xlnx_clk_gen/inst/clkout1_buf/O
                         net (fo=20038, routed)       0.821    -0.894    i_ariane/i_cva6/ex_stage_i/lsu_i/gen_mmu_sv32.i_cva6_mmu/i_ptw/clk_out1
    SLICE_X52Y51         FDCE                                         r  i_ariane/i_cva6/ex_stage_i/lsu_i/gen_mmu_sv32.i_cva6_mmu/i_ptw/ptw_pptr_q_reg[23]/C
                         clock pessimism              0.508    -0.386    
    SLICE_X52Y51         FDCE (Hold_fdce_C_D)         0.107    -0.279    i_ariane/i_cva6/ex_stage_i/lsu_i/gen_mmu_sv32.i_cva6_mmu/i_ptw/ptw_pptr_q_reg[23]
  -------------------------------------------------------------------
                         required time                          0.279    
                         arrival time                          -0.219    
  -------------------------------------------------------------------
                         slack                                  0.060    

Slack (MET) :             0.063ns  (arrival time - required time)
  Source:                 i_axi_xbar/i_xbar/gen_mst_port_mux[0].i_axi_mux/gen_mux.i_w_spill_reg/spill_register_flushable_i/gen_spill_reg.a_data_q_reg[data][7]/C
                            (rising edge-triggered cell FDCE clocked by clk_out1_xlnx_clk_gen  {rise@0.000ns fall@10.000ns period=20.000ns})
  Destination:            i_axi_xbar/i_xbar/gen_mst_port_mux[0].i_axi_mux/gen_mux.i_w_spill_reg/spill_register_flushable_i/gen_spill_reg.b_data_q_reg[data][7]/D
                            (rising edge-triggered cell FDCE clocked by clk_out1_xlnx_clk_gen  {rise@0.000ns fall@10.000ns period=20.000ns})
  Path Group:             clk_out1_xlnx_clk_gen
  Path Type:              Hold (Min at Fast Process Corner)
  Requirement:            0.000ns  (clk_out1_xlnx_clk_gen rise@0.000ns - clk_out1_xlnx_clk_gen rise@0.000ns)
  Data Path Delay:        0.400ns  (logic 0.141ns (35.263%)  route 0.259ns (64.737%))
  Logic Levels:           0  
  Clock Path Skew:        0.266ns (DCD - SCD - CPR)
    Destination Clock Delay (DCD):    -0.891ns
    Source Clock Delay      (SCD):    -0.655ns
    Clock Pessimism Removal (CPR):    -0.503ns

    Location             Delay type                Incr(ns)  Path(ns)    Netlist Resource(s)
  -------------------------------------------------------------------    -------------------
                         (clock clk_out1_xlnx_clk_gen rise edge)
                                                      0.000     0.000 r  
    K17                                               0.000     0.000 r  clk_sys (IN)
                         net (fo=0)                   0.000     0.000    i_xlnx_clk_gen/inst/clk_in1
    K17                  IBUF (Prop_ibuf_I_O)         0.243     0.243 r  i_xlnx_clk_gen/inst/clkin1_ibufg/O
                         net (fo=1, routed)           0.440     0.683    i_xlnx_clk_gen/inst/clk_in1_xlnx_clk_gen
    MMCME2_ADV_X1Y2      MMCME2_ADV (Prop_mmcme2_adv_CLKIN1_CLKOUT0)
                                                     -2.613    -1.930 r  i_xlnx_clk_gen/inst/mmcm_adv_inst/CLKOUT0
                         net (fo=1, routed)           0.696    -1.233    i_xlnx_clk_gen/inst/clk_out1_xlnx_clk_gen
    BUFGCTRL_X0Y16       BUFG (Prop_bufg_I_O)         0.026    -1.207 r  i_xlnx_clk_gen/inst/clkout1_buf/O
                         net (fo=20038, routed)       0.553    -0.655    i_axi_xbar/i_xbar/gen_mst_port_mux[0].i_axi_mux/gen_mux.i_w_spill_reg/spill_register_flushable_i/clk_out1
    SLICE_X52Y16         FDCE                                         r  i_axi_xbar/i_xbar/gen_mst_port_mux[0].i_axi_mux/gen_mux.i_w_spill_reg/spill_register_flushable_i/gen_spill_reg.a_data_q_reg[data][7]/C
  -------------------------------------------------------------------    -------------------
    SLICE_X52Y16         FDCE (Prop_fdce_C_Q)         0.141    -0.514 r  i_axi_xbar/i_xbar/gen_mst_port_mux[0].i_axi_mux/gen_mux.i_w_spill_reg/spill_register_flushable_i/gen_spill_reg.a_data_q_reg[data][7]/Q
                         net (fo=2, routed)           0.259    -0.255    i_axi_xbar/i_xbar/gen_mst_port_mux[0].i_axi_mux/gen_mux.i_w_spill_reg/spill_register_flushable_i/gen_spill_reg.a_data_q_reg[data][7]
    SLICE_X45Y13         FDCE                                         r  i_axi_xbar/i_xbar/gen_mst_port_mux[0].i_axi_mux/gen_mux.i_w_spill_reg/spill_register_flushable_i/gen_spill_reg.b_data_q_reg[data][7]/D
  -------------------------------------------------------------------    -------------------

                         (clock clk_out1_xlnx_clk_gen rise edge)
                                                      0.000     0.000 r  
    K17                                               0.000     0.000 r  clk_sys (IN)
                         net (fo=0)                   0.000     0.000    i_xlnx_clk_gen/inst/clk_in1
    K17                  IBUF (Prop_ibuf_I_O)         0.431     0.431 r  i_xlnx_clk_gen/inst/clkin1_ibufg/O
                         net (fo=1, routed)           0.480     0.911    i_xlnx_clk_gen/inst/clk_in1_xlnx_clk_gen
    MMCME2_ADV_X1Y2      MMCME2_ADV (Prop_mmcme2_adv_CLKIN1_CLKOUT0)
                                                     -3.407    -2.496 r  i_xlnx_clk_gen/inst/mmcm_adv_inst/CLKOUT0
                         net (fo=1, routed)           0.752    -1.744    i_xlnx_clk_gen/inst/clk_out1_xlnx_clk_gen
    BUFGCTRL_X0Y16       BUFG (Prop_bufg_I_O)         0.029    -1.715 r  i_xlnx_clk_gen/inst/clkout1_buf/O
                         net (fo=20038, routed)       0.824    -0.891    i_axi_xbar/i_xbar/gen_mst_port_mux[0].i_axi_mux/gen_mux.i_w_spill_reg/spill_register_flushable_i/clk_out1
    SLICE_X45Y13         FDCE                                         r  i_axi_xbar/i_xbar/gen_mst_port_mux[0].i_axi_mux/gen_mux.i_w_spill_reg/spill_register_flushable_i/gen_spill_reg.b_data_q_reg[data][7]/C
                         clock pessimism              0.503    -0.388    
    SLICE_X45Y13         FDCE (Hold_fdce_C_D)         0.070    -0.318    i_axi_xbar/i_xbar/gen_mst_port_mux[0].i_axi_mux/gen_mux.i_w_spill_reg/spill_register_flushable_i/gen_spill_reg.b_data_q_reg[data][7]
  -------------------------------------------------------------------
                         required time                          0.318    
                         arrival time                          -0.255    
  -------------------------------------------------------------------
                         slack                                  0.063    

Slack (MET) :             0.068ns  (arrival time - required time)
  Source:                 i_ariane_peripherals/gen_timer.i_axi2apb_64_32_timer/slave_ar_buffer_i/i_axi_single_slice/i_fifo/impl/i_fifo_v3/write_pointer_q_reg[0]/C
                            (rising edge-triggered cell FDCE clocked by clk_out1_xlnx_clk_gen  {rise@0.000ns fall@10.000ns period=20.000ns})
  Destination:            slave_ar_buffer_i/i_axi_single_slice/i_fifo/impl/i_fifo_v3/gen_fpga_queue.fifo_ram/mem_reg_0_1_36_41/RAMA/WADR0
                            (rising edge-triggered cell RAMD32 clocked by clk_out1_xlnx_clk_gen  {rise@0.000ns fall@10.000ns period=20.000ns})
  Path Group:             clk_out1_xlnx_clk_gen
  Path Type:              Hold (Min at Fast Process Corner)
  Requirement:            0.000ns  (clk_out1_xlnx_clk_gen rise@0.000ns - clk_out1_xlnx_clk_gen rise@0.000ns)
  Data Path Delay:        0.638ns  (logic 0.186ns (29.173%)  route 0.452ns (70.827%))
  Logic Levels:           1  (LUT5=1)
  Clock Path Skew:        0.259ns (DCD - SCD - CPR)
    Destination Clock Delay (DCD):    -0.890ns
    Source Clock Delay      (SCD):    -0.647ns
    Clock Pessimism Removal (CPR):    -0.503ns

    Location             Delay type                Incr(ns)  Path(ns)    Netlist Resource(s)
  -------------------------------------------------------------------    -------------------
                         (clock clk_out1_xlnx_clk_gen rise edge)
                                                      0.000     0.000 r  
    K17                                               0.000     0.000 r  clk_sys (IN)
                         net (fo=0)                   0.000     0.000    i_xlnx_clk_gen/inst/clk_in1
    K17                  IBUF (Prop_ibuf_I_O)         0.243     0.243 r  i_xlnx_clk_gen/inst/clkin1_ibufg/O
                         net (fo=1, routed)           0.440     0.683    i_xlnx_clk_gen/inst/clk_in1_xlnx_clk_gen
    MMCME2_ADV_X1Y2      MMCME2_ADV (Prop_mmcme2_adv_CLKIN1_CLKOUT0)
                                                     -2.613    -1.930 r  i_xlnx_clk_gen/inst/mmcm_adv_inst/CLKOUT0
                         net (fo=1, routed)           0.696    -1.233    i_xlnx_clk_gen/inst/clk_out1_xlnx_clk_gen
    BUFGCTRL_X0Y16       BUFG (Prop_bufg_I_O)         0.026    -1.207 r  i_xlnx_clk_gen/inst/clkout1_buf/O
                         net (fo=20038, routed)       0.561    -0.647    i_ariane_peripherals/gen_timer.i_axi2apb_64_32_timer/slave_ar_buffer_i/i_axi_single_slice/i_fifo/impl/i_fifo_v3/clk_out1
    SLICE_X49Y6          FDCE                                         r  i_ariane_peripherals/gen_timer.i_axi2apb_64_32_timer/slave_ar_buffer_i/i_axi_single_slice/i_fifo/impl/i_fifo_v3/write_pointer_q_reg[0]/C
  -------------------------------------------------------------------    -------------------
    SLICE_X49Y6          FDCE (Prop_fdce_C_Q)         0.141    -0.506 r  i_ariane_peripherals/gen_timer.i_axi2apb_64_32_timer/slave_ar_buffer_i/i_axi_single_slice/i_fifo/impl/i_fifo_v3/write_pointer_q_reg[0]/Q
                         net (fo=2, routed)           0.124    -0.382    i_ariane_peripherals/gen_timer.i_axi2apb_64_32_timer/slave_ar_buffer_i/i_axi_single_slice/i_fifo/impl/i_fifo_v3/write_pointer_q
    SLICE_X49Y6          LUT5 (Prop_lut5_I2_O)        0.045    -0.337 r  i_ariane_peripherals/gen_timer.i_axi2apb_64_32_timer/slave_ar_buffer_i/i_axi_single_slice/i_fifo/impl/i_fifo_v3/mem_reg_0_1_0_5_i_5__4/O
                         net (fo=48, routed)          0.328    -0.009    slave_ar_buffer_i/i_axi_single_slice/i_fifo/impl/i_fifo_v3/gen_fpga_queue.fifo_ram/mem_reg_0_1_36_41/ADDRD0
    SLICE_X50Y6          RAMD32                                       r  slave_ar_buffer_i/i_axi_single_slice/i_fifo/impl/i_fifo_v3/gen_fpga_queue.fifo_ram/mem_reg_0_1_36_41/RAMA/WADR0
  -------------------------------------------------------------------    -------------------

                         (clock clk_out1_xlnx_clk_gen rise edge)
                                                      0.000     0.000 r  
    K17                                               0.000     0.000 r  clk_sys (IN)
                         net (fo=0)                   0.000     0.000    i_xlnx_clk_gen/inst/clk_in1
    K17                  IBUF (Prop_ibuf_I_O)         0.431     0.431 r  i_xlnx_clk_gen/inst/clkin1_ibufg/O
                         net (fo=1, routed)           0.480     0.911    i_xlnx_clk_gen/inst/clk_in1_xlnx_clk_gen
    MMCME2_ADV_X1Y2      MMCME2_ADV (Prop_mmcme2_adv_CLKIN1_CLKOUT0)
                                                     -3.407    -2.496 r  i_xlnx_clk_gen/inst/mmcm_adv_inst/CLKOUT0
                         net (fo=1, routed)           0.752    -1.744    i_xlnx_clk_gen/inst/clk_out1_xlnx_clk_gen
    BUFGCTRL_X0Y16       BUFG (Prop_bufg_I_O)         0.029    -1.715 r  i_xlnx_clk_gen/inst/clkout1_buf/O
                         net (fo=20038, routed)       0.825    -0.890    slave_ar_buffer_i/i_axi_single_slice/i_fifo/impl/i_fifo_v3/gen_fpga_queue.fifo_ram/mem_reg_0_1_36_41/WCLK
    SLICE_X50Y6          RAMD32                                       r  slave_ar_buffer_i/i_axi_single_slice/i_fifo/impl/i_fifo_v3/gen_fpga_queue.fifo_ram/mem_reg_0_1_36_41/RAMA/CLK
                         clock pessimism              0.503    -0.387    
    SLICE_X50Y6          RAMD32 (Hold_ramd32_CLK_WADR0)
                                                      0.310    -0.077    slave_ar_buffer_i/i_axi_single_slice/i_fifo/impl/i_fifo_v3/gen_fpga_queue.fifo_ram/mem_reg_0_1_36_41/RAMA
  -------------------------------------------------------------------
                         required time                          0.077    
                         arrival time                          -0.009    
  -------------------------------------------------------------------
                         slack                                  0.068    





Pulse Width Checks
--------------------------------------------------------------------------------------
Clock Name:         clk_out1_xlnx_clk_gen
Waveform(ns):       { 0.000 10.000 }
Period(ns):         20.000
Sources:            { i_xlnx_clk_gen/inst/mmcm_adv_inst/CLKOUT0 }

Check Type        Corner  Lib Pin             Reference Pin  Required(ns)  Actual(ns)  Slack(ns)  Location         Pin
Min Period        n/a     RAMB36E1/CLKARDCLK  n/a            2.944         20.000      17.056     RAMB36_X3Y15     i_ariane/gen_example_coprocessor.i_cvxif_coprocessor/weight_buffer0_reg/CLKARDCLK
Min Period        n/a     RAMB36E1/CLKARDCLK  n/a            2.944         20.000      17.056     RAMB36_X3Y17     i_ariane/gen_example_coprocessor.i_cvxif_coprocessor/weight_buffer1_reg/CLKARDCLK
Min Period        n/a     RAMB36E1/CLKARDCLK  n/a            2.944         20.000      17.056     RAMB36_X3Y19     i_ariane/gen_example_coprocessor.i_cvxif_coprocessor/weight_buffer2_reg/CLKARDCLK
Min Period        n/a     RAMB36E1/CLKARDCLK  n/a            2.944         20.000      17.056     RAMB36_X2Y16     i_ariane/gen_example_coprocessor.i_cvxif_coprocessor/weight_buffer3_reg/CLKARDCLK
Min Period        n/a     RAMB36E1/CLKARDCLK  n/a            2.944         20.000      17.056     RAMB36_X4Y8      i_ariane/i_cva6/ex_stage_i/lsu_i/gen_mmu_sv32.i_cva6_mmu/i_shared_tlb/gen_sram[0].pte_sram/gen_cut[0].i_tc_sram_wrapper/i_ram/Mem_DP_reg/CLKARDCLK
Min Period        n/a     RAMB36E1/CLKBWRCLK  n/a            2.944         20.000      17.056     RAMB36_X4Y8      i_ariane/i_cva6/ex_stage_i/lsu_i/gen_mmu_sv32.i_cva6_mmu/i_shared_tlb/gen_sram[0].pte_sram/gen_cut[0].i_tc_sram_wrapper/i_ram/Mem_DP_reg/CLKBWRCLK
Min Period        n/a     RAMB36E1/CLKARDCLK  n/a            2.944         20.000      17.056     RAMB36_X4Y10     i_ariane/i_cva6/ex_stage_i/lsu_i/gen_mmu_sv32.i_cva6_mmu/i_shared_tlb/gen_sram[0].tag_sram/gen_cut[0].i_tc_sram_wrapper/i_ram/Mem_DP_reg/CLKARDCLK
Min Period        n/a     RAMB36E1/CLKBWRCLK  n/a            2.944         20.000      17.056     RAMB36_X4Y10     i_ariane/i_cva6/ex_stage_i/lsu_i/gen_mmu_sv32.i_cva6_mmu/i_shared_tlb/gen_sram[0].tag_sram/gen_cut[0].i_tc_sram_wrapper/i_ram/Mem_DP_reg/CLKBWRCLK
Min Period        n/a     RAMB36E1/CLKARDCLK  n/a            2.944         20.000      17.056     RAMB36_X3Y8      i_ariane/i_cva6/ex_stage_i/lsu_i/gen_mmu_sv32.i_cva6_mmu/i_shared_tlb/gen_sram[1].pte_sram/gen_cut[0].i_tc_sram_wrapper/i_ram/Mem_DP_reg/CLKARDCLK
Min Period        n/a     RAMB36E1/CLKBWRCLK  n/a            2.944         20.000      17.056     RAMB36_X3Y8      i_ariane/i_cva6/ex_stage_i/lsu_i/gen_mmu_sv32.i_cva6_mmu/i_shared_tlb/gen_sram[1].pte_sram/gen_cut[0].i_tc_sram_wrapper/i_ram/Mem_DP_reg/CLKBWRCLK
Max Period        n/a     MMCME2_ADV/CLKOUT0  n/a            213.360       20.000      193.360    MMCME2_ADV_X1Y2  i_xlnx_clk_gen/inst/mmcm_adv_inst/CLKOUT0
Low Pulse Width   Slow    RAMD32/CLK          n/a            1.250         10.000      8.750      SLICE_X38Y90     i_ariane/gen_example_coprocessor.i_cvxif_coprocessor/fifo_commit_i/gen_fpga_queue.fifo_ram/mem_reg_0_7_0_5/RAMA/CLK
Low Pulse Width   Fast    RAMD32/CLK          n/a            1.250         10.000      8.750      SLICE_X38Y90     i_ariane/gen_example_coprocessor.i_cvxif_coprocessor/fifo_commit_i/gen_fpga_queue.fifo_ram/mem_reg_0_7_0_5/RAMA/CLK
Low Pulse Width   Slow    RAMD32/CLK          n/a            1.250         10.000      8.750      SLICE_X38Y90     i_ariane/gen_example_coprocessor.i_cvxif_coprocessor/fifo_commit_i/gen_fpga_queue.fifo_ram/mem_reg_0_7_0_5/RAMA_D1/CLK
Low Pulse Width   Fast    RAMD32/CLK          n/a            1.250         10.000      8.750      SLICE_X38Y90     i_ariane/gen_example_coprocessor.i_cvxif_coprocessor/fifo_commit_i/gen_fpga_queue.fifo_ram/mem_reg_0_7_0_5/RAMA_D1/CLK
Low Pulse Width   Slow    RAMD32/CLK          n/a            1.250         10.000      8.750      SLICE_X38Y90     i_ariane/gen_example_coprocessor.i_cvxif_coprocessor/fifo_commit_i/gen_fpga_queue.fifo_ram/mem_reg_0_7_0_5/RAMB/CLK
Low Pulse Width   Fast    RAMD32/CLK          n/a            1.250         10.000      8.750      SLICE_X38Y90     i_ariane/gen_example_coprocessor.i_cvxif_coprocessor/fifo_commit_i/gen_fpga_queue.fifo_ram/mem_reg_0_7_0_5/RAMB/CLK
Low Pulse Width   Slow    RAMD32/CLK          n/a            1.250         10.000      8.750      SLICE_X38Y90     i_ariane/gen_example_coprocessor.i_cvxif_coprocessor/fifo_commit_i/gen_fpga_queue.fifo_ram/mem_reg_0_7_0_5/RAMB_D1/CLK
Low Pulse Width   Fast    RAMD32/CLK          n/a            1.250         10.000      8.750      SLICE_X38Y90     i_ariane/gen_example_coprocessor.i_cvxif_coprocessor/fifo_commit_i/gen_fpga_queue.fifo_ram/mem_reg_0_7_0_5/RAMB_D1/CLK
Low Pulse Width   Slow    RAMD32/CLK          n/a            1.250         10.000      8.750      SLICE_X38Y90     i_ariane/gen_example_coprocessor.i_cvxif_coprocessor/fifo_commit_i/gen_fpga_queue.fifo_ram/mem_reg_0_7_0_5/RAMC/CLK
Low Pulse Width   Fast    RAMD32/CLK          n/a            1.250         10.000      8.750      SLICE_X38Y90     i_ariane/gen_example_coprocessor.i_cvxif_coprocessor/fifo_commit_i/gen_fpga_queue.fifo_ram/mem_reg_0_7_0_5/RAMC/CLK
High Pulse Width  Slow    RAMD32/CLK          n/a            1.250         10.000      8.750      SLICE_X38Y90     i_ariane/gen_example_coprocessor.i_cvxif_coprocessor/fifo_commit_i/gen_fpga_queue.fifo_ram/mem_reg_0_7_0_5/RAMA/CLK
High Pulse Width  Fast    RAMD32/CLK          n/a            1.250         10.000      8.750      SLICE_X38Y90     i_ariane/gen_example_coprocessor.i_cvxif_coprocessor/fifo_commit_i/gen_fpga_queue.fifo_ram/mem_reg_0_7_0_5/RAMA/CLK
High Pulse Width  Slow    RAMD32/CLK          n/a            1.250         10.000      8.750      SLICE_X38Y90     i_ariane/gen_example_coprocessor.i_cvxif_coprocessor/fifo_commit_i/gen_fpga_queue.fifo_ram/mem_reg_0_7_0_5/RAMA_D1/CLK
High Pulse Width  Fast    RAMD32/CLK          n/a            1.250         10.000      8.750      SLICE_X38Y90     i_ariane/gen_example_coprocessor.i_cvxif_coprocessor/fifo_commit_i/gen_fpga_queue.fifo_ram/mem_reg_0_7_0_5/RAMA_D1/CLK
High Pulse Width  Slow    RAMD32/CLK          n/a            1.250         10.000      8.750      SLICE_X38Y90     i_ariane/gen_example_coprocessor.i_cvxif_coprocessor/fifo_commit_i/gen_fpga_queue.fifo_ram/mem_reg_0_7_0_5/RAMB/CLK
High Pulse Width  Fast    RAMD32/CLK          n/a            1.250         10.000      8.750      SLICE_X38Y90     i_ariane/gen_example_coprocessor.i_cvxif_coprocessor/fifo_commit_i/gen_fpga_queue.fifo_ram/mem_reg_0_7_0_5/RAMB/CLK
High Pulse Width  Slow    RAMD32/CLK          n/a            1.250         10.000      8.750      SLICE_X38Y90     i_ariane/gen_example_coprocessor.i_cvxif_coprocessor/fifo_commit_i/gen_fpga_queue.fifo_ram/mem_reg_0_7_0_5/RAMB_D1/CLK
High Pulse Width  Fast    RAMD32/CLK          n/a            1.250         10.000      8.750      SLICE_X38Y90     i_ariane/gen_example_coprocessor.i_cvxif_coprocessor/fifo_commit_i/gen_fpga_queue.fifo_ram/mem_reg_0_7_0_5/RAMB_D1/CLK
High Pulse Width  Slow    RAMD32/CLK          n/a            1.250         10.000      8.750      SLICE_X38Y90     i_ariane/gen_example_coprocessor.i_cvxif_coprocessor/fifo_commit_i/gen_fpga_queue.fifo_ram/mem_reg_0_7_0_5/RAMC/CLK
High Pulse Width  Fast    RAMD32/CLK          n/a            1.250         10.000      8.750      SLICE_X38Y90     i_ariane/gen_example_coprocessor.i_cvxif_coprocessor/fifo_commit_i/gen_fpga_queue.fifo_ram/mem_reg_0_7_0_5/RAMC/CLK



---------------------------------------------------------------------------------------------------
From Clock:  clkfbout_xlnx_clk_gen
  To Clock:  clkfbout_xlnx_clk_gen

Setup :           NA  Failing Endpoints,  Worst Slack           NA  ,  Total Violation           NA
Hold  :           NA  Failing Endpoints,  Worst Slack           NA  ,  Total Violation           NA
PW    :            0  Failing Endpoints,  Worst Slack        5.845ns,  Total Violation        0.000ns
---------------------------------------------------------------------------------------------------


Pulse Width Checks
--------------------------------------------------------------------------------------
Clock Name:         clkfbout_xlnx_clk_gen
Waveform(ns):       { 0.000 4.000 }
Period(ns):         8.000
Sources:            { i_xlnx_clk_gen/inst/mmcm_adv_inst/CLKFBOUT }

Check Type  Corner  Lib Pin              Reference Pin  Required(ns)  Actual(ns)  Slack(ns)  Location         Pin
Min Period  n/a     BUFG/I               n/a            2.155         8.000       5.845      BUFGCTRL_X0Y17   i_xlnx_clk_gen/inst/clkf_buf/I
Min Period  n/a     MMCME2_ADV/CLKFBOUT  n/a            1.249         8.000       6.751      MMCME2_ADV_X1Y2  i_xlnx_clk_gen/inst/mmcm_adv_inst/CLKFBOUT
Min Period  n/a     MMCME2_ADV/CLKFBIN   n/a            1.249         8.000       6.751      MMCME2_ADV_X1Y2  i_xlnx_clk_gen/inst/mmcm_adv_inst/CLKFBIN
Max Period  n/a     MMCME2_ADV/CLKFBIN   n/a            100.000       8.000       92.000     MMCME2_ADV_X1Y2  i_xlnx_clk_gen/inst/mmcm_adv_inst/CLKFBIN
Max Period  n/a     MMCME2_ADV/CLKFBOUT  n/a            213.360       8.000       205.360    MMCME2_ADV_X1Y2  i_xlnx_clk_gen/inst/mmcm_adv_inst/CLKFBOUT



---------------------------------------------------------------------------------------------------
From Clock:  tck
  To Clock:  tck

Setup :            0  Failing Endpoints,  Worst Slack        0.672ns,  Total Violation        0.000ns
Hold  :            0  Failing Endpoints,  Worst Slack        0.140ns,  Total Violation        0.000ns
PW    :            0  Failing Endpoints,  Worst Slack       49.500ns,  Total Violation        0.000ns
---------------------------------------------------------------------------------------------------


Max Delay Paths
--------------------------------------------------------------------------------------
Slack (MET) :             0.672ns  (required time - arrival time)
  Source:                 i_dmi_jtag/i_dmi_jtag_tap/td_o_reg/C
                            (falling edge-triggered cell FDCE clocked by tck  {rise@0.000ns fall@50.000ns period=100.000ns})
  Destination:            tdo
                            (output port clocked by tck  {rise@0.000ns fall@50.000ns period=100.000ns})
  Path Group:             tck
  Path Type:              Max at Slow Process Corner
  Requirement:            20.000ns  (MaxDelay Path 20.000ns)
  Data Path Delay:        6.709ns  (logic 4.080ns (60.816%)  route 2.629ns (39.184%))
  Logic Levels:           1  (OBUF=1)
  Output Delay:           5.000ns
  Clock Path Skew:        -7.117ns (DCD - SCD + CPR)
    Destination Clock Delay (DCD):    0.000ns
    Source Clock Delay      (SCD):    7.117ns
    Clock Pessimism Removal (CPR):    0.000ns
  Clock Uncertainty:      0.501ns  ((TSJ^2 + TIJ^2)^1/2 + DJ) / 2 + PE
    Total System Jitter     (TSJ):    0.071ns
    Total Input Jitter      (TIJ):    1.000ns
    Discrete Jitter          (DJ):    0.000ns
    Phase Error              (PE):    0.000ns
  Timing Exception:       MaxDelay Path 20.000ns

    Location             Delay type                Incr(ns)  Path(ns)    Netlist Resource(s)
  -------------------------------------------------------------------    -------------------
                         (clock tck fall edge)        0.000     0.000 f  
    H15                                               0.000     0.000 f  tck (IN)
                         net (fo=0)                   0.000     0.000    tck
    H15                  IBUF (Prop_ibuf_I_O)         1.500     1.500 f  tck_IBUF_inst/O
                         net (fo=1, routed)           3.659     5.159    tck_IBUF
    BUFGCTRL_X0Y0        BUFG (Prop_bufg_I_O)         0.101     5.260 f  tck_IBUF_BUFG_inst/O
                         net (fo=258, routed)         1.857     7.117    i_dmi_jtag/i_dmi_jtag_tap/tck_ni
    SLICE_X112Y68        FDCE                                         r  i_dmi_jtag/i_dmi_jtag_tap/td_o_reg/C  (IS_INVERTED)
  -------------------------------------------------------------------    -------------------
    SLICE_X112Y68        FDCE (Prop_fdce_C_Q)         0.524     7.641 r  i_dmi_jtag/i_dmi_jtag_tap/td_o_reg/Q
                         net (fo=1, routed)           2.629    10.271    tdo_OBUF
    J15                  OBUF (Prop_obuf_I_O)         3.556    13.827 r  tdo_OBUF_inst/O
                         net (fo=0)                   0.000    13.827    tdo
    J15                                                               r  tdo (OUT)
  -------------------------------------------------------------------    -------------------

                         max delay                   20.000    20.000    
                         clock pessimism              0.000    20.000    
                         clock uncertainty           -0.501    19.499    
                         output delay                -5.000    14.499    
  -------------------------------------------------------------------
                         required time                         14.499    
                         arrival time                         -13.827    
  -------------------------------------------------------------------
                         slack                                  0.672    

Slack (MET) :             15.025ns  (required time - arrival time)
  Source:                 tms
                            (input port clocked by tck  {rise@0.000ns fall@50.000ns period=100.000ns})
  Destination:            i_dmi_jtag/i_dmi_jtag_tap/FSM_onehot_tap_state_q_reg[5]/D
                            (rising edge-triggered cell FDCE clocked by tck  {rise@0.000ns fall@50.000ns period=100.000ns})
  Path Group:             tck
  Path Type:              Setup (Max at Fast Process Corner)
  Requirement:            20.000ns  (MaxDelay Path 20.000ns)
  Data Path Delay:        1.936ns  (logic 0.558ns (28.830%)  route 1.378ns (71.170%))
  Logic Levels:           2  (IBUF=1 LUT4=1)
  Input Delay:            5.000ns
  Clock Path Skew:        2.449ns (DCD - SCD + CPR)
    Destination Clock Delay (DCD):    2.449ns
    Source Clock Delay      (SCD):    0.000ns
    Clock Pessimism Removal (CPR):    0.000ns
  Clock Uncertainty:      0.501ns  ((TSJ^2 + TIJ^2)^1/2 + DJ) / 2 + PE
    Total System Jitter     (TSJ):    0.071ns
    Total Input Jitter      (TIJ):    1.000ns
    Discrete Jitter          (DJ):    0.000ns
    Phase Error              (PE):    0.000ns
  Timing Exception:       MaxDelay Path 20.000ns

    Location             Delay type                Incr(ns)  Path(ns)    Netlist Resource(s)
  -------------------------------------------------------------------    -------------------
                         (clock tck fall edge)        0.000     0.000 f  
                         input delay                  5.000     5.000    
    V12                                               0.000     5.000 f  tms (IN)
                         net (fo=0)                   0.000     5.000    tms
    V12                  IBUF (Prop_ibuf_I_O)         0.502     5.502 f  tms_IBUF_inst/O
                         net (fo=16, routed)          1.378     6.880    i_dmi_jtag/i_dmi_jtag_tap/tms_IBUF
    SLICE_X111Y52        LUT4 (Prop_lut4_I2_O)        0.056     6.936 r  i_dmi_jtag/i_dmi_jtag_tap/FSM_onehot_tap_state_q[5]_i_1/O
                         net (fo=1, routed)           0.000     6.936    i_dmi_jtag/i_dmi_jtag_tap/FSM_onehot_tap_state_q[5]_i_1_n_1
    SLICE_X111Y52        FDCE                                         r  i_dmi_jtag/i_dmi_jtag_tap/FSM_onehot_tap_state_q_reg[5]/D
  -------------------------------------------------------------------    -------------------

                         max delay                   20.000    20.000    
    H15                                               0.000    20.000 r  tck (IN)
                         net (fo=0)                   0.000    20.000    tck
    H15                  IBUF (Prop_ibuf_I_O)         0.268    20.268 r  tck_IBUF_inst/O
                         net (fo=1, routed)           1.516    21.784    tck_IBUF
    BUFGCTRL_X0Y0        BUFG (Prop_bufg_I_O)         0.026    21.810 r  tck_IBUF_BUFG_inst/O
                         net (fo=258, routed)         0.639    22.449    i_dmi_jtag/i_dmi_jtag_tap/CLK
    SLICE_X111Y52        FDCE                                         r  i_dmi_jtag/i_dmi_jtag_tap/FSM_onehot_tap_state_q_reg[5]/C
                         clock pessimism              0.000    22.449    
                         clock uncertainty           -0.501    21.948    
    SLICE_X111Y52        FDCE (Setup_fdce_C_D)        0.013    21.961    i_dmi_jtag/i_dmi_jtag_tap/FSM_onehot_tap_state_q_reg[5]
  -------------------------------------------------------------------
                         required time                         21.961    
                         arrival time                          -6.936    
  -------------------------------------------------------------------
                         slack                                 15.025    

Slack (MET) :             15.049ns  (required time - arrival time)
  Source:                 tms
                            (input port clocked by tck  {rise@0.000ns fall@50.000ns period=100.000ns})
  Destination:            i_dmi_jtag/i_dmi_jtag_tap/FSM_onehot_tap_state_q_reg[6]/D
                            (rising edge-triggered cell FDCE clocked by tck  {rise@0.000ns fall@50.000ns period=100.000ns})
  Path Group:             tck
  Path Type:              Setup (Max at Fast Process Corner)
  Requirement:            20.000ns  (MaxDelay Path 20.000ns)
  Data Path Delay:        1.935ns  (logic 0.557ns (28.793%)  route 1.378ns (71.207%))
  Logic Levels:           2  (IBUF=1 LUT3=1)
  Input Delay:            5.000ns
  Clock Path Skew:        2.449ns (DCD - SCD + CPR)
    Destination Clock Delay (DCD):    2.449ns
    Source Clock Delay      (SCD):    0.000ns
    Clock Pessimism Removal (CPR):    0.000ns
  Clock Uncertainty:      0.501ns  ((TSJ^2 + TIJ^2)^1/2 + DJ) / 2 + PE
    Total System Jitter     (TSJ):    0.071ns
    Total Input Jitter      (TIJ):    1.000ns
    Discrete Jitter          (DJ):    0.000ns
    Phase Error              (PE):    0.000ns
  Timing Exception:       MaxDelay Path 20.000ns

    Location             Delay type                Incr(ns)  Path(ns)    Netlist Resource(s)
  -------------------------------------------------------------------    -------------------
                         (clock tck fall edge)        0.000     0.000 f  
                         input delay                  5.000     5.000    
    V12                                               0.000     5.000 r  tms (IN)
                         net (fo=0)                   0.000     5.000    tms
    V12                  IBUF (Prop_ibuf_I_O)         0.502     5.502 r  tms_IBUF_inst/O
                         net (fo=16, routed)          1.378     6.880    i_dmi_jtag/i_dmi_jtag_tap/tms_IBUF
    SLICE_X111Y52        LUT3 (Prop_lut3_I2_O)        0.055     6.935 r  i_dmi_jtag/i_dmi_jtag_tap/FSM_onehot_tap_state_q[6]_i_1/O
                         net (fo=1, routed)           0.000     6.935    i_dmi_jtag/i_dmi_jtag_tap/FSM_onehot_tap_state_q[6]_i_1_n_1
    SLICE_X111Y52        FDCE                                         r  i_dmi_jtag/i_dmi_jtag_tap/FSM_onehot_tap_state_q_reg[6]/D
  -------------------------------------------------------------------    -------------------

                         max delay                   20.000    20.000    
    H15                                               0.000    20.000 r  tck (IN)
                         net (fo=0)                   0.000    20.000    tck
    H15                  IBUF (Prop_ibuf_I_O)         0.268    20.268 r  tck_IBUF_inst/O
                         net (fo=1, routed)           1.516    21.784    tck_IBUF
    BUFGCTRL_X0Y0        BUFG (Prop_bufg_I_O)         0.026    21.810 r  tck_IBUF_BUFG_inst/O
                         net (fo=258, routed)         0.639    22.449    i_dmi_jtag/i_dmi_jtag_tap/CLK
    SLICE_X111Y52        FDCE                                         r  i_dmi_jtag/i_dmi_jtag_tap/FSM_onehot_tap_state_q_reg[6]/C
                         clock pessimism              0.000    22.449    
                         clock uncertainty           -0.501    21.948    
    SLICE_X111Y52        FDCE (Setup_fdce_C_D)        0.036    21.984    i_dmi_jtag/i_dmi_jtag_tap/FSM_onehot_tap_state_q_reg[6]
  -------------------------------------------------------------------
                         required time                         21.984    
                         arrival time                          -6.935    
  -------------------------------------------------------------------
                         slack                                 15.049    

Slack (MET) :             15.084ns  (required time - arrival time)
  Source:                 tms
                            (input port clocked by tck  {rise@0.000ns fall@50.000ns period=100.000ns})
  Destination:            i_dmi_jtag/i_dmi_jtag_tap/FSM_onehot_tap_state_q_reg[11]/D
                            (rising edge-triggered cell FDCE clocked by tck  {rise@0.000ns fall@50.000ns period=100.000ns})
  Path Group:             tck
  Path Type:              Setup (Max at Fast Process Corner)
  Requirement:            20.000ns  (MaxDelay Path 20.000ns)
  Data Path Delay:        1.877ns  (logic 0.558ns (29.740%)  route 1.318ns (70.260%))
  Logic Levels:           2  (IBUF=1 LUT4=1)
  Input Delay:            5.000ns
  Clock Path Skew:        2.449ns (DCD - SCD + CPR)
    Destination Clock Delay (DCD):    2.449ns
    Source Clock Delay      (SCD):    0.000ns
    Clock Pessimism Removal (CPR):    0.000ns
  Clock Uncertainty:      0.501ns  ((TSJ^2 + TIJ^2)^1/2 + DJ) / 2 + PE
    Total System Jitter     (TSJ):    0.071ns
    Total Input Jitter      (TIJ):    1.000ns
    Discrete Jitter          (DJ):    0.000ns
    Phase Error              (PE):    0.000ns
  Timing Exception:       MaxDelay Path 20.000ns

    Location             Delay type                Incr(ns)  Path(ns)    Netlist Resource(s)
  -------------------------------------------------------------------    -------------------
                         (clock tck fall edge)        0.000     0.000 f  
                         input delay                  5.000     5.000    
    V12                                               0.000     5.000 f  tms (IN)
                         net (fo=0)                   0.000     5.000    tms
    V12                  IBUF (Prop_ibuf_I_O)         0.502     5.502 f  tms_IBUF_inst/O
                         net (fo=16, routed)          1.318     6.821    i_dmi_jtag/i_dmi_jtag_tap/tms_IBUF
    SLICE_X110Y52        LUT4 (Prop_lut4_I2_O)        0.056     6.877 r  i_dmi_jtag/i_dmi_jtag_tap/FSM_onehot_tap_state_q[11]_i_1/O
                         net (fo=1, routed)           0.000     6.877    i_dmi_jtag/i_dmi_jtag_tap/FSM_onehot_tap_state_q[11]_i_1_n_1
    SLICE_X110Y52        FDCE                                         r  i_dmi_jtag/i_dmi_jtag_tap/FSM_onehot_tap_state_q_reg[11]/D
  -------------------------------------------------------------------    -------------------

                         max delay                   20.000    20.000    
    H15                                               0.000    20.000 r  tck (IN)
                         net (fo=0)                   0.000    20.000    tck
    H15                  IBUF (Prop_ibuf_I_O)         0.268    20.268 r  tck_IBUF_inst/O
                         net (fo=1, routed)           1.516    21.784    tck_IBUF
    BUFGCTRL_X0Y0        BUFG (Prop_bufg_I_O)         0.026    21.810 r  tck_IBUF_BUFG_inst/O
                         net (fo=258, routed)         0.639    22.449    i_dmi_jtag/i_dmi_jtag_tap/CLK
    SLICE_X110Y52        FDCE                                         r  i_dmi_jtag/i_dmi_jtag_tap/FSM_onehot_tap_state_q_reg[11]/C
                         clock pessimism              0.000    22.449    
                         clock uncertainty           -0.501    21.948    
    SLICE_X110Y52        FDCE (Setup_fdce_C_D)        0.013    21.961    i_dmi_jtag/i_dmi_jtag_tap/FSM_onehot_tap_state_q_reg[11]
  -------------------------------------------------------------------
                         required time                         21.961    
                         arrival time                          -6.877    
  -------------------------------------------------------------------
                         slack                                 15.084    

Slack (MET) :             15.095ns  (required time - arrival time)
  Source:                 tms
                            (input port clocked by tck  {rise@0.000ns fall@50.000ns period=100.000ns})
  Destination:            i_dmi_jtag/i_dmi_jtag_tap/FSM_onehot_tap_state_q_reg[13]/D
                            (rising edge-triggered cell FDCE clocked by tck  {rise@0.000ns fall@50.000ns period=100.000ns})
  Path Group:             tck
  Path Type:              Setup (Max at Fast Process Corner)
  Requirement:            20.000ns  (MaxDelay Path 20.000ns)
  Data Path Delay:        1.866ns  (logic 0.558ns (29.903%)  route 1.308ns (70.097%))
  Logic Levels:           2  (IBUF=1 LUT3=1)
  Input Delay:            5.000ns
  Clock Path Skew:        2.449ns (DCD - SCD + CPR)
    Destination Clock Delay (DCD):    2.449ns
    Source Clock Delay      (SCD):    0.000ns
    Clock Pessimism Removal (CPR):    0.000ns
  Clock Uncertainty:      0.501ns  ((TSJ^2 + TIJ^2)^1/2 + DJ) / 2 + PE
    Total System Jitter     (TSJ):    0.071ns
    Total Input Jitter      (TIJ):    1.000ns
    Discrete Jitter          (DJ):    0.000ns
    Phase Error              (PE):    0.000ns
  Timing Exception:       MaxDelay Path 20.000ns

    Location             Delay type                Incr(ns)  Path(ns)    Netlist Resource(s)
  -------------------------------------------------------------------    -------------------
                         (clock tck fall edge)        0.000     0.000 f  
                         input delay                  5.000     5.000    
    V12                                               0.000     5.000 f  tms (IN)
                         net (fo=0)                   0.000     5.000    tms
    V12                  IBUF (Prop_ibuf_I_O)         0.502     5.502 f  tms_IBUF_inst/O
                         net (fo=16, routed)          1.308     6.810    i_dmi_jtag/i_dmi_jtag_tap/tms_IBUF
    SLICE_X110Y52        LUT3 (Prop_lut3_I1_O)        0.056     6.866 r  i_dmi_jtag/i_dmi_jtag_tap/FSM_onehot_tap_state_q[13]_i_1/O
                         net (fo=1, routed)           0.000     6.866    i_dmi_jtag/i_dmi_jtag_tap/FSM_onehot_tap_state_q[13]_i_1_n_1
    SLICE_X110Y52        FDCE                                         r  i_dmi_jtag/i_dmi_jtag_tap/FSM_onehot_tap_state_q_reg[13]/D
  -------------------------------------------------------------------    -------------------

                         max delay                   20.000    20.000    
    H15                                               0.000    20.000 r  tck (IN)
                         net (fo=0)                   0.000    20.000    tck
    H15                  IBUF (Prop_ibuf_I_O)         0.268    20.268 r  tck_IBUF_inst/O
                         net (fo=1, routed)           1.516    21.784    tck_IBUF
    BUFGCTRL_X0Y0        BUFG (Prop_bufg_I_O)         0.026    21.810 r  tck_IBUF_BUFG_inst/O
                         net (fo=258, routed)         0.639    22.449    i_dmi_jtag/i_dmi_jtag_tap/CLK
    SLICE_X110Y52        FDCE                                         r  i_dmi_jtag/i_dmi_jtag_tap/FSM_onehot_tap_state_q_reg[13]/C
                         clock pessimism              0.000    22.449    
                         clock uncertainty           -0.501    21.948    
    SLICE_X110Y52        FDCE (Setup_fdce_C_D)        0.014    21.962    i_dmi_jtag/i_dmi_jtag_tap/FSM_onehot_tap_state_q_reg[13]
  -------------------------------------------------------------------
                         required time                         21.962    
                         arrival time                          -6.866    
  -------------------------------------------------------------------
                         slack                                 15.095    

Slack (MET) :             15.108ns  (required time - arrival time)
  Source:                 tms
                            (input port clocked by tck  {rise@0.000ns fall@50.000ns period=100.000ns})
  Destination:            i_dmi_jtag/i_dmi_jtag_tap/FSM_onehot_tap_state_q_reg[12]/D
                            (rising edge-triggered cell FDCE clocked by tck  {rise@0.000ns fall@50.000ns period=100.000ns})
  Path Group:             tck
  Path Type:              Setup (Max at Fast Process Corner)
  Requirement:            20.000ns  (MaxDelay Path 20.000ns)
  Data Path Delay:        1.876ns  (logic 0.557ns (29.703%)  route 1.318ns (70.297%))
  Logic Levels:           2  (IBUF=1 LUT3=1)
  Input Delay:            5.000ns
  Clock Path Skew:        2.449ns (DCD - SCD + CPR)
    Destination Clock Delay (DCD):    2.449ns
    Source Clock Delay      (SCD):    0.000ns
    Clock Pessimism Removal (CPR):    0.000ns
  Clock Uncertainty:      0.501ns  ((TSJ^2 + TIJ^2)^1/2 + DJ) / 2 + PE
    Total System Jitter     (TSJ):    0.071ns
    Total Input Jitter      (TIJ):    1.000ns
    Discrete Jitter          (DJ):    0.000ns
    Phase Error              (PE):    0.000ns
  Timing Exception:       MaxDelay Path 20.000ns

    Location             Delay type                Incr(ns)  Path(ns)    Netlist Resource(s)
  -------------------------------------------------------------------    -------------------
                         (clock tck fall edge)        0.000     0.000 f  
                         input delay                  5.000     5.000    
    V12                                               0.000     5.000 r  tms (IN)
                         net (fo=0)                   0.000     5.000    tms
    V12                  IBUF (Prop_ibuf_I_O)         0.502     5.502 r  tms_IBUF_inst/O
                         net (fo=16, routed)          1.318     6.821    i_dmi_jtag/i_dmi_jtag_tap/tms_IBUF
    SLICE_X110Y52        LUT3 (Prop_lut3_I2_O)        0.055     6.876 r  i_dmi_jtag/i_dmi_jtag_tap/FSM_onehot_tap_state_q[12]_i_1/O
                         net (fo=1, routed)           0.000     6.876    i_dmi_jtag/i_dmi_jtag_tap/FSM_onehot_tap_state_q[12]_i_1_n_1
    SLICE_X110Y52        FDCE                                         r  i_dmi_jtag/i_dmi_jtag_tap/FSM_onehot_tap_state_q_reg[12]/D
  -------------------------------------------------------------------    -------------------

                         max delay                   20.000    20.000    
    H15                                               0.000    20.000 r  tck (IN)
                         net (fo=0)                   0.000    20.000    tck
    H15                  IBUF (Prop_ibuf_I_O)         0.268    20.268 r  tck_IBUF_inst/O
                         net (fo=1, routed)           1.516    21.784    tck_IBUF
    BUFGCTRL_X0Y0        BUFG (Prop_bufg_I_O)         0.026    21.810 r  tck_IBUF_BUFG_inst/O
                         net (fo=258, routed)         0.639    22.449    i_dmi_jtag/i_dmi_jtag_tap/CLK
    SLICE_X110Y52        FDCE                                         r  i_dmi_jtag/i_dmi_jtag_tap/FSM_onehot_tap_state_q_reg[12]/C
                         clock pessimism              0.000    22.449    
                         clock uncertainty           -0.501    21.948    
    SLICE_X110Y52        FDCE (Setup_fdce_C_D)        0.036    21.984    i_dmi_jtag/i_dmi_jtag_tap/FSM_onehot_tap_state_q_reg[12]
  -------------------------------------------------------------------
                         required time                         21.984    
                         arrival time                          -6.876    
  -------------------------------------------------------------------
                         slack                                 15.108    

Slack (MET) :             15.117ns  (required time - arrival time)
  Source:                 tms
                            (input port clocked by tck  {rise@0.000ns fall@50.000ns period=100.000ns})
  Destination:            i_dmi_jtag/i_dmi_jtag_tap/FSM_onehot_tap_state_q_reg[15]/D
                            (rising edge-triggered cell FDCE clocked by tck  {rise@0.000ns fall@50.000ns period=100.000ns})
  Path Group:             tck
  Path Type:              Setup (Max at Fast Process Corner)
  Requirement:            20.000ns  (MaxDelay Path 20.000ns)
  Data Path Delay:        1.866ns  (logic 0.558ns (29.903%)  route 1.308ns (70.097%))
  Logic Levels:           2  (IBUF=1 LUT3=1)
  Input Delay:            5.000ns
  Clock Path Skew:        2.449ns (DCD - SCD + CPR)
    Destination Clock Delay (DCD):    2.449ns
    Source Clock Delay      (SCD):    0.000ns
    Clock Pessimism Removal (CPR):    0.000ns
  Clock Uncertainty:      0.501ns  ((TSJ^2 + TIJ^2)^1/2 + DJ) / 2 + PE
    Total System Jitter     (TSJ):    0.071ns
    Total Input Jitter      (TIJ):    1.000ns
    Discrete Jitter          (DJ):    0.000ns
    Phase Error              (PE):    0.000ns
  Timing Exception:       MaxDelay Path 20.000ns

    Location             Delay type                Incr(ns)  Path(ns)    Netlist Resource(s)
  -------------------------------------------------------------------    -------------------
                         (clock tck fall edge)        0.000     0.000 f  
                         input delay                  5.000     5.000    
    V12                                               0.000     5.000 r  tms (IN)
                         net (fo=0)                   0.000     5.000    tms
    V12                  IBUF (Prop_ibuf_I_O)         0.502     5.502 r  tms_IBUF_inst/O
                         net (fo=16, routed)          1.308     6.810    i_dmi_jtag/i_dmi_jtag_tap/tms_IBUF
    SLICE_X110Y52        LUT3 (Prop_lut3_I1_O)        0.056     6.866 r  i_dmi_jtag/i_dmi_jtag_tap/FSM_onehot_tap_state_q[15]_i_1/O
                         net (fo=1, routed)           0.000     6.866    i_dmi_jtag/i_dmi_jtag_tap/FSM_onehot_tap_state_q[15]_i_1_n_1
    SLICE_X110Y52        FDCE                                         r  i_dmi_jtag/i_dmi_jtag_tap/FSM_onehot_tap_state_q_reg[15]/D
  -------------------------------------------------------------------    -------------------

                         max delay                   20.000    20.000    
    H15                                               0.000    20.000 r  tck (IN)
                         net (fo=0)                   0.000    20.000    tck
    H15                  IBUF (Prop_ibuf_I_O)         0.268    20.268 r  tck_IBUF_inst/O
                         net (fo=1, routed)           1.516    21.784    tck_IBUF
    BUFGCTRL_X0Y0        BUFG (Prop_bufg_I_O)         0.026    21.810 r  tck_IBUF_BUFG_inst/O
                         net (fo=258, routed)         0.639    22.449    i_dmi_jtag/i_dmi_jtag_tap/CLK
    SLICE_X110Y52        FDCE                                         r  i_dmi_jtag/i_dmi_jtag_tap/FSM_onehot_tap_state_q_reg[15]/C
                         clock pessimism              0.000    22.449    
                         clock uncertainty           -0.501    21.948    
    SLICE_X110Y52        FDCE (Setup_fdce_C_D)        0.036    21.984    i_dmi_jtag/i_dmi_jtag_tap/FSM_onehot_tap_state_q_reg[15]
  -------------------------------------------------------------------
                         required time                         21.984    
                         arrival time                          -6.866    
  -------------------------------------------------------------------
                         slack                                 15.117    

Slack (MET) :             15.181ns  (required time - arrival time)
  Source:                 tms
                            (input port clocked by tck  {rise@0.000ns fall@50.000ns period=100.000ns})
  Destination:            i_dmi_jtag/i_dmi_jtag_tap/FSM_onehot_tap_state_q_reg[14]/D
                            (rising edge-triggered cell FDCE clocked by tck  {rise@0.000ns fall@50.000ns period=100.000ns})
  Path Group:             tck
  Path Type:              Setup (Max at Fast Process Corner)
  Requirement:            20.000ns  (MaxDelay Path 20.000ns)
  Data Path Delay:        1.780ns  (logic 0.558ns (31.345%)  route 1.222ns (68.655%))
  Logic Levels:           2  (IBUF=1 LUT2=1)
  Input Delay:            5.000ns
  Clock Path Skew:        2.449ns (DCD - SCD + CPR)
    Destination Clock Delay (DCD):    2.449ns
    Source Clock Delay      (SCD):    0.000ns
    Clock Pessimism Removal (CPR):    0.000ns
  Clock Uncertainty:      0.501ns  ((TSJ^2 + TIJ^2)^1/2 + DJ) / 2 + PE
    Total System Jitter     (TSJ):    0.071ns
    Total Input Jitter      (TIJ):    1.000ns
    Discrete Jitter          (DJ):    0.000ns
    Phase Error              (PE):    0.000ns
  Timing Exception:       MaxDelay Path 20.000ns

    Location             Delay type                Incr(ns)  Path(ns)    Netlist Resource(s)
  -------------------------------------------------------------------    -------------------
                         (clock tck fall edge)        0.000     0.000 f  
                         input delay                  5.000     5.000    
    V12                                               0.000     5.000 r  tms (IN)
                         net (fo=0)                   0.000     5.000    tms
    V12                  IBUF (Prop_ibuf_I_O)         0.502     5.502 r  tms_IBUF_inst/O
                         net (fo=16, routed)          1.222     6.724    i_dmi_jtag/i_dmi_jtag_tap/tms_IBUF
    SLICE_X110Y52        LUT2 (Prop_lut2_I1_O)        0.056     6.780 r  i_dmi_jtag/i_dmi_jtag_tap/FSM_onehot_tap_state_q[14]_i_1/O
                         net (fo=1, routed)           0.000     6.780    i_dmi_jtag/i_dmi_jtag_tap/FSM_onehot_tap_state_q[14]_i_1_n_1
    SLICE_X110Y52        FDCE                                         r  i_dmi_jtag/i_dmi_jtag_tap/FSM_onehot_tap_state_q_reg[14]/D
  -------------------------------------------------------------------    -------------------

                         max delay                   20.000    20.000    
    H15                                               0.000    20.000 r  tck (IN)
                         net (fo=0)                   0.000    20.000    tck
    H15                  IBUF (Prop_ibuf_I_O)         0.268    20.268 r  tck_IBUF_inst/O
                         net (fo=1, routed)           1.516    21.784    tck_IBUF
    BUFGCTRL_X0Y0        BUFG (Prop_bufg_I_O)         0.026    21.810 r  tck_IBUF_BUFG_inst/O
                         net (fo=258, routed)         0.639    22.449    i_dmi_jtag/i_dmi_jtag_tap/CLK
    SLICE_X110Y52        FDCE                                         r  i_dmi_jtag/i_dmi_jtag_tap/FSM_onehot_tap_state_q_reg[14]/C
                         clock pessimism              0.000    22.449    
                         clock uncertainty           -0.501    21.948    
    SLICE_X110Y52        FDCE (Setup_fdce_C_D)        0.014    21.962    i_dmi_jtag/i_dmi_jtag_tap/FSM_onehot_tap_state_q_reg[14]
  -------------------------------------------------------------------
                         required time                         21.962    
                         arrival time                          -6.780    
  -------------------------------------------------------------------
                         slack                                 15.181    

Slack (MET) :             15.188ns  (required time - arrival time)
  Source:                 tms
                            (input port clocked by tck  {rise@0.000ns fall@50.000ns period=100.000ns})
  Destination:            i_dmi_jtag/i_dmi_jtag_tap/FSM_onehot_tap_state_q_reg[0]/D
                            (rising edge-triggered cell FDPE clocked by tck  {rise@0.000ns fall@50.000ns period=100.000ns})
  Path Group:             tck
  Path Type:              Setup (Max at Fast Process Corner)
  Requirement:            20.000ns  (MaxDelay Path 20.000ns)
  Data Path Delay:        1.773ns  (logic 0.558ns (31.475%)  route 1.215ns (68.524%))
  Logic Levels:           2  (IBUF=1 LUT5=1)
  Input Delay:            5.000ns
  Clock Path Skew:        2.449ns (DCD - SCD + CPR)
    Destination Clock Delay (DCD):    2.449ns
    Source Clock Delay      (SCD):    0.000ns
    Clock Pessimism Removal (CPR):    0.000ns
  Clock Uncertainty:      0.501ns  ((TSJ^2 + TIJ^2)^1/2 + DJ) / 2 + PE
    Total System Jitter     (TSJ):    0.071ns
    Total Input Jitter      (TIJ):    1.000ns
    Discrete Jitter          (DJ):    0.000ns
    Phase Error              (PE):    0.000ns
  Timing Exception:       MaxDelay Path 20.000ns

    Location             Delay type                Incr(ns)  Path(ns)    Netlist Resource(s)
  -------------------------------------------------------------------    -------------------
                         (clock tck fall edge)        0.000     0.000 f  
                         input delay                  5.000     5.000    
    V12                                               0.000     5.000 f  tms (IN)
                         net (fo=0)                   0.000     5.000    tms
    V12                  IBUF (Prop_ibuf_I_O)         0.502     5.502 f  tms_IBUF_inst/O
                         net (fo=16, routed)          1.215     6.717    i_dmi_jtag/i_dmi_jtag_tap/tms_IBUF
    SLICE_X110Y52        LUT5 (Prop_lut5_I1_O)        0.056     6.773 r  i_dmi_jtag/i_dmi_jtag_tap/FSM_onehot_tap_state_q[0]_i_1/O
                         net (fo=1, routed)           0.000     6.773    i_dmi_jtag/i_dmi_jtag_tap/FSM_onehot_tap_state_q[0]_i_1_n_1
    SLICE_X110Y52        FDPE                                         r  i_dmi_jtag/i_dmi_jtag_tap/FSM_onehot_tap_state_q_reg[0]/D
  -------------------------------------------------------------------    -------------------

                         max delay                   20.000    20.000    
    H15                                               0.000    20.000 r  tck (IN)
                         net (fo=0)                   0.000    20.000    tck
    H15                  IBUF (Prop_ibuf_I_O)         0.268    20.268 r  tck_IBUF_inst/O
                         net (fo=1, routed)           1.516    21.784    tck_IBUF
    BUFGCTRL_X0Y0        BUFG (Prop_bufg_I_O)         0.026    21.810 r  tck_IBUF_BUFG_inst/O
                         net (fo=258, routed)         0.639    22.449    i_dmi_jtag/i_dmi_jtag_tap/CLK
    SLICE_X110Y52        FDPE                                         r  i_dmi_jtag/i_dmi_jtag_tap/FSM_onehot_tap_state_q_reg[0]/C
                         clock pessimism              0.000    22.449    
                         clock uncertainty           -0.501    21.948    
    SLICE_X110Y52        FDPE (Setup_fdpe_C_D)        0.014    21.962    i_dmi_jtag/i_dmi_jtag_tap/FSM_onehot_tap_state_q_reg[0]
  -------------------------------------------------------------------
                         required time                         21.962    
                         arrival time                          -6.773    
  -------------------------------------------------------------------
                         slack                                 15.188    

Slack (MET) :             15.206ns  (required time - arrival time)
  Source:                 tdi
                            (input port clocked by tck  {rise@0.000ns fall@50.000ns period=100.000ns})
  Destination:            i_dmi_jtag/i_dmi_jtag_tap/dtmcs_q_reg[zero1][31]/D
                            (rising edge-triggered cell FDCE clocked by tck  {rise@0.000ns fall@50.000ns period=100.000ns})
  Path Group:             tck
  Path Type:              Setup (Max at Fast Process Corner)
  Requirement:            20.000ns  (MaxDelay Path 20.000ns)
  Data Path Delay:        1.653ns  (logic 0.509ns (30.808%)  route 1.144ns (69.192%))
  Logic Levels:           2  (IBUF=1 LUT2=1)
  Input Delay:            5.000ns
  Clock Path Skew:        2.450ns (DCD - SCD + CPR)
    Destination Clock Delay (DCD):    2.450ns
    Source Clock Delay      (SCD):    0.000ns
    Clock Pessimism Removal (CPR):    0.000ns
  Clock Uncertainty:      0.501ns  ((TSJ^2 + TIJ^2)^1/2 + DJ) / 2 + PE
    Total System Jitter     (TSJ):    0.071ns
    Total Input Jitter      (TIJ):    1.000ns
    Discrete Jitter          (DJ):    0.000ns
    Phase Error              (PE):    0.000ns
  Timing Exception:       MaxDelay Path 20.000ns

    Location             Delay type                Incr(ns)  Path(ns)    Netlist Resource(s)
  -------------------------------------------------------------------    -------------------
                         (clock tck fall edge)        0.000     0.000 f  
                         input delay                  5.000     5.000    
    W16                                               0.000     5.000 r  tdi (IN)
                         net (fo=0)                   0.000     5.000    tdi
    W16                  IBUF (Prop_ibuf_I_O)         0.454     5.454 r  tdi_IBUF_inst/O
                         net (fo=5, routed)           1.005     6.459    i_dmi_jtag/i_dmi_jtag_tap/tdi_IBUF
    SLICE_X110Y46        LUT2 (Prop_lut2_I0_O)        0.055     6.514 r  i_dmi_jtag/i_dmi_jtag_tap/dtmcs_q[zero1][31]_i_1/O
                         net (fo=1, routed)           0.139     6.653    i_dmi_jtag/i_dmi_jtag_tap/dtmcs_d[zero1][31]
    SLICE_X111Y46        FDCE                                         r  i_dmi_jtag/i_dmi_jtag_tap/dtmcs_q_reg[zero1][31]/D
  -------------------------------------------------------------------    -------------------

                         max delay                   20.000    20.000    
    H15                                               0.000    20.000 r  tck (IN)
                         net (fo=0)                   0.000    20.000    tck
    H15                  IBUF (Prop_ibuf_I_O)         0.268    20.268 r  tck_IBUF_inst/O
                         net (fo=1, routed)           1.516    21.784    tck_IBUF
    BUFGCTRL_X0Y0        BUFG (Prop_bufg_I_O)         0.026    21.810 r  tck_IBUF_BUFG_inst/O
                         net (fo=258, routed)         0.640    22.450    i_dmi_jtag/i_dmi_jtag_tap/CLK
    SLICE_X111Y46        FDCE                                         r  i_dmi_jtag/i_dmi_jtag_tap/dtmcs_q_reg[zero1][31]/C
                         clock pessimism              0.000    22.450    
                         clock uncertainty           -0.501    21.948    
    SLICE_X111Y46        FDCE (Setup_fdce_C_D)       -0.089    21.859    i_dmi_jtag/i_dmi_jtag_tap/dtmcs_q_reg[zero1][31]
  -------------------------------------------------------------------
                         required time                         21.859    
                         arrival time                          -6.653    
  -------------------------------------------------------------------
                         slack                                 15.206    





Min Delay Paths
--------------------------------------------------------------------------------------
Slack (MET) :             0.140ns  (arrival time - required time)
  Source:                 i_dmi_jtag/i_dmi_jtag_tap/idcode_q_reg[12]/C
                            (rising edge-triggered cell FDPE clocked by tck  {rise@0.000ns fall@50.000ns period=100.000ns})
  Destination:            i_dmi_jtag/i_dmi_jtag_tap/idcode_q_reg[11]/D
                            (rising edge-triggered cell FDCE clocked by tck  {rise@0.000ns fall@50.000ns period=100.000ns})
  Path Group:             tck
  Path Type:              Hold (Min at Fast Process Corner)
  Requirement:            0.000ns  (tck rise@0.000ns - tck rise@0.000ns)
  Data Path Delay:        0.273ns  (logic 0.186ns (68.106%)  route 0.087ns (31.894%))
  Logic Levels:           1  (LUT6=1)
  Clock Path Skew:        0.013ns (DCD - SCD - CPR)
    Destination Clock Delay (DCD):    3.154ns
    Source Clock Delay      (SCD):    2.447ns
    Clock Pessimism Removal (CPR):    0.694ns

    Location             Delay type                Incr(ns)  Path(ns)    Netlist Resource(s)
  -------------------------------------------------------------------    -------------------
                         (clock tck rise edge)        0.000     0.000 r  
    H15                                               0.000     0.000 r  tck (IN)
                         net (fo=0)                   0.000     0.000    tck
    H15                  IBUF (Prop_ibuf_I_O)         0.268     0.268 r  tck_IBUF_inst/O
                         net (fo=1, routed)           1.516     1.784    tck_IBUF
    BUFGCTRL_X0Y0        BUFG (Prop_bufg_I_O)         0.026     1.810 r  tck_IBUF_BUFG_inst/O
                         net (fo=258, routed)         0.637     2.447    i_dmi_jtag/i_dmi_jtag_tap/CLK
    SLICE_X109Y56        FDPE                                         r  i_dmi_jtag/i_dmi_jtag_tap/idcode_q_reg[12]/C
  -------------------------------------------------------------------    -------------------
    SLICE_X109Y56        FDPE (Prop_fdpe_C_Q)         0.141     2.588 r  i_dmi_jtag/i_dmi_jtag_tap/idcode_q_reg[12]/Q
                         net (fo=1, routed)           0.087     2.675    i_dmi_jtag/i_dmi_jtag_tap/idcode_q[12]
    SLICE_X108Y56        LUT6 (Prop_lut6_I5_O)        0.045     2.720 r  i_dmi_jtag/i_dmi_jtag_tap/idcode_q[11]_i_1/O
                         net (fo=1, routed)           0.000     2.720    i_dmi_jtag/i_dmi_jtag_tap/idcode_d[11]
    SLICE_X108Y56        FDCE                                         r  i_dmi_jtag/i_dmi_jtag_tap/idcode_q_reg[11]/D
  -------------------------------------------------------------------    -------------------

                         (clock tck rise edge)        0.000     0.000 r  
    H15                                               0.000     0.000 r  tck (IN)
                         net (fo=0)                   0.000     0.000    tck
    H15                  IBUF (Prop_ibuf_I_O)         0.456     0.456 r  tck_IBUF_inst/O
                         net (fo=1, routed)           1.762     2.218    tck_IBUF
    BUFGCTRL_X0Y0        BUFG (Prop_bufg_I_O)         0.029     2.247 r  tck_IBUF_BUFG_inst/O
                         net (fo=258, routed)         0.907     3.154    i_dmi_jtag/i_dmi_jtag_tap/CLK
    SLICE_X108Y56        FDCE                                         r  i_dmi_jtag/i_dmi_jtag_tap/idcode_q_reg[11]/C
                         clock pessimism             -0.694     2.460    
    SLICE_X108Y56        FDCE (Hold_fdce_C_D)         0.120     2.580    i_dmi_jtag/i_dmi_jtag_tap/idcode_q_reg[11]
  -------------------------------------------------------------------
                         required time                         -2.580    
                         arrival time                           2.720    
  -------------------------------------------------------------------
                         slack                                  0.140    

Slack (MET) :             0.144ns  (arrival time - required time)
  Source:                 i_dmi_jtag/data_q_reg[18]/C
                            (rising edge-triggered cell FDCE clocked by tck  {rise@0.000ns fall@50.000ns period=100.000ns})
  Destination:            i_dmi_jtag/dr_q_reg[20]/D
                            (rising edge-triggered cell FDCE clocked by tck  {rise@0.000ns fall@50.000ns period=100.000ns})
  Path Group:             tck
  Path Type:              Hold (Min at Fast Process Corner)
  Requirement:            0.000ns  (tck rise@0.000ns - tck rise@0.000ns)
  Data Path Delay:        0.249ns  (logic 0.186ns (74.661%)  route 0.063ns (25.339%))
  Logic Levels:           1  (LUT4=1)
  Clock Path Skew:        0.013ns (DCD - SCD - CPR)
    Destination Clock Delay (DCD):    3.156ns
    Source Clock Delay      (SCD):    2.448ns
    Clock Pessimism Removal (CPR):    0.695ns

    Location             Delay type                Incr(ns)  Path(ns)    Netlist Resource(s)
  -------------------------------------------------------------------    -------------------
                         (clock tck rise edge)        0.000     0.000 r  
    H15                                               0.000     0.000 r  tck (IN)
                         net (fo=0)                   0.000     0.000    tck
    H15                  IBUF (Prop_ibuf_I_O)         0.268     0.268 r  tck_IBUF_inst/O
                         net (fo=1, routed)           1.516     1.784    tck_IBUF
    BUFGCTRL_X0Y0        BUFG (Prop_bufg_I_O)         0.026     1.810 r  tck_IBUF_BUFG_inst/O
                         net (fo=258, routed)         0.638     2.448    i_dmi_jtag/CLK
    SLICE_X110Y38        FDCE                                         r  i_dmi_jtag/data_q_reg[18]/C
  -------------------------------------------------------------------    -------------------
    SLICE_X110Y38        FDCE (Prop_fdce_C_Q)         0.141     2.589 r  i_dmi_jtag/data_q_reg[18]/Q
                         net (fo=2, routed)           0.063     2.652    i_dmi_jtag/i_dmi_jtag_tap/dr_q_reg[33][18]
    SLICE_X111Y38        LUT4 (Prop_lut4_I3_O)        0.045     2.697 r  i_dmi_jtag/i_dmi_jtag_tap/dr_q[20]_i_1/O
                         net (fo=1, routed)           0.000     2.697    i_dmi_jtag/dr_d[20]
    SLICE_X111Y38        FDCE                                         r  i_dmi_jtag/dr_q_reg[20]/D
  -------------------------------------------------------------------    -------------------

                         (clock tck rise edge)        0.000     0.000 r  
    H15                                               0.000     0.000 r  tck (IN)
                         net (fo=0)                   0.000     0.000    tck
    H15                  IBUF (Prop_ibuf_I_O)         0.456     0.456 r  tck_IBUF_inst/O
                         net (fo=1, routed)           1.762     2.218    tck_IBUF
    BUFGCTRL_X0Y0        BUFG (Prop_bufg_I_O)         0.029     2.247 r  tck_IBUF_BUFG_inst/O
                         net (fo=258, routed)         0.909     3.156    i_dmi_jtag/CLK
    SLICE_X111Y38        FDCE                                         r  i_dmi_jtag/dr_q_reg[20]/C
                         clock pessimism             -0.695     2.461    
    SLICE_X111Y38        FDCE (Hold_fdce_C_D)         0.092     2.553    i_dmi_jtag/dr_q_reg[20]
  -------------------------------------------------------------------
                         required time                         -2.553    
                         arrival time                           2.697    
  -------------------------------------------------------------------
                         slack                                  0.144    

Slack (MET) :             0.147ns  (arrival time - required time)
  Source:                 i_dmi_jtag/data_q_reg[3]/C
                            (rising edge-triggered cell FDCE clocked by tck  {rise@0.000ns fall@50.000ns period=100.000ns})
  Destination:            i_dmi_jtag/dr_q_reg[5]/D
                            (rising edge-triggered cell FDCE clocked by tck  {rise@0.000ns fall@50.000ns period=100.000ns})
  Path Group:             tck
  Path Type:              Hold (Min at Fast Process Corner)
  Requirement:            0.000ns  (tck rise@0.000ns - tck rise@0.000ns)
  Data Path Delay:        0.252ns  (logic 0.186ns (73.772%)  route 0.066ns (26.228%))
  Logic Levels:           1  (LUT4=1)
  Clock Path Skew:        0.013ns (DCD - SCD - CPR)
    Destination Clock Delay (DCD):    3.151ns
    Source Clock Delay      (SCD):    2.445ns
    Clock Pessimism Removal (CPR):    0.693ns

    Location             Delay type                Incr(ns)  Path(ns)    Netlist Resource(s)
  -------------------------------------------------------------------    -------------------
                         (clock tck rise edge)        0.000     0.000 r  
    H15                                               0.000     0.000 r  tck (IN)
                         net (fo=0)                   0.000     0.000    tck
    H15                  IBUF (Prop_ibuf_I_O)         0.268     0.268 r  tck_IBUF_inst/O
                         net (fo=1, routed)           1.516     1.784    tck_IBUF
    BUFGCTRL_X0Y0        BUFG (Prop_bufg_I_O)         0.026     1.810 r  tck_IBUF_BUFG_inst/O
                         net (fo=258, routed)         0.635     2.445    i_dmi_jtag/CLK
    SLICE_X110Y33        FDCE                                         r  i_dmi_jtag/data_q_reg[3]/C
  -------------------------------------------------------------------    -------------------
    SLICE_X110Y33        FDCE (Prop_fdce_C_Q)         0.141     2.586 r  i_dmi_jtag/data_q_reg[3]/Q
                         net (fo=2, routed)           0.066     2.652    i_dmi_jtag/i_dmi_jtag_tap/dr_q_reg[33][3]
    SLICE_X111Y33        LUT4 (Prop_lut4_I3_O)        0.045     2.697 r  i_dmi_jtag/i_dmi_jtag_tap/dr_q[5]_i_1/O
                         net (fo=1, routed)           0.000     2.697    i_dmi_jtag/dr_d[5]
    SLICE_X111Y33        FDCE                                         r  i_dmi_jtag/dr_q_reg[5]/D
  -------------------------------------------------------------------    -------------------

                         (clock tck rise edge)        0.000     0.000 r  
    H15                                               0.000     0.000 r  tck (IN)
                         net (fo=0)                   0.000     0.000    tck
    H15                  IBUF (Prop_ibuf_I_O)         0.456     0.456 r  tck_IBUF_inst/O
                         net (fo=1, routed)           1.762     2.218    tck_IBUF
    BUFGCTRL_X0Y0        BUFG (Prop_bufg_I_O)         0.029     2.247 r  tck_IBUF_BUFG_inst/O
                         net (fo=258, routed)         0.904     3.151    i_dmi_jtag/CLK
    SLICE_X111Y33        FDCE                                         r  i_dmi_jtag/dr_q_reg[5]/C
                         clock pessimism             -0.693     2.458    
    SLICE_X111Y33        FDCE (Hold_fdce_C_D)         0.092     2.550    i_dmi_jtag/dr_q_reg[5]
  -------------------------------------------------------------------
                         required time                         -2.550    
                         arrival time                           2.697    
  -------------------------------------------------------------------
                         slack                                  0.147    

Slack (MET) :             0.150ns  (arrival time - required time)
  Source:                 i_dmi_jtag/i_dmi_jtag_tap/jtag_ir_shift_q_reg[0]/C
                            (rising edge-triggered cell FDCE clocked by tck  {rise@0.000ns fall@50.000ns period=100.000ns})
  Destination:            i_dmi_jtag/i_dmi_jtag_tap/jtag_ir_q_reg[0]/D
                            (rising edge-triggered cell FDPE clocked by tck  {rise@0.000ns fall@50.000ns period=100.000ns})
  Path Group:             tck
  Path Type:              Hold (Min at Fast Process Corner)
  Requirement:            0.000ns  (tck rise@0.000ns - tck rise@0.000ns)
  Data Path Delay:        0.254ns  (logic 0.186ns (73.136%)  route 0.068ns (26.864%))
  Logic Levels:           1  (LUT2=1)
  Clock Path Skew:        0.013ns (DCD - SCD - CPR)
    Destination Clock Delay (DCD):    3.158ns
    Source Clock Delay      (SCD):    2.449ns
    Clock Pessimism Removal (CPR):    0.696ns

    Location             Delay type                Incr(ns)  Path(ns)    Netlist Resource(s)
  -------------------------------------------------------------------    -------------------
                         (clock tck rise edge)        0.000     0.000 r  
    H15                                               0.000     0.000 r  tck (IN)
                         net (fo=0)                   0.000     0.000    tck
    H15                  IBUF (Prop_ibuf_I_O)         0.268     0.268 r  tck_IBUF_inst/O
                         net (fo=1, routed)           1.516     1.784    tck_IBUF
    BUFGCTRL_X0Y0        BUFG (Prop_bufg_I_O)         0.026     1.810 r  tck_IBUF_BUFG_inst/O
                         net (fo=258, routed)         0.639     2.449    i_dmi_jtag/i_dmi_jtag_tap/CLK
    SLICE_X110Y51        FDCE                                         r  i_dmi_jtag/i_dmi_jtag_tap/jtag_ir_shift_q_reg[0]/C
  -------------------------------------------------------------------    -------------------
    SLICE_X110Y51        FDCE (Prop_fdce_C_Q)         0.141     2.590 r  i_dmi_jtag/i_dmi_jtag_tap/jtag_ir_shift_q_reg[0]/Q
                         net (fo=2, routed)           0.068     2.658    i_dmi_jtag/i_dmi_jtag_tap/jtag_ir_shift_q_reg_n_1_[0]
    SLICE_X111Y51        LUT2 (Prop_lut2_I1_O)        0.045     2.703 r  i_dmi_jtag/i_dmi_jtag_tap/jtag_ir_q[0]_i_1/O
                         net (fo=1, routed)           0.000     2.703    i_dmi_jtag/i_dmi_jtag_tap/jtag_ir_d[0]
    SLICE_X111Y51        FDPE                                         r  i_dmi_jtag/i_dmi_jtag_tap/jtag_ir_q_reg[0]/D
  -------------------------------------------------------------------    -------------------

                         (clock tck rise edge)        0.000     0.000 r  
    H15                                               0.000     0.000 r  tck (IN)
                         net (fo=0)                   0.000     0.000    tck
    H15                  IBUF (Prop_ibuf_I_O)         0.456     0.456 r  tck_IBUF_inst/O
                         net (fo=1, routed)           1.762     2.218    tck_IBUF
    BUFGCTRL_X0Y0        BUFG (Prop_bufg_I_O)         0.029     2.247 r  tck_IBUF_BUFG_inst/O
                         net (fo=258, routed)         0.911     3.158    i_dmi_jtag/i_dmi_jtag_tap/CLK
    SLICE_X111Y51        FDPE                                         r  i_dmi_jtag/i_dmi_jtag_tap/jtag_ir_q_reg[0]/C
                         clock pessimism             -0.696     2.462    
    SLICE_X111Y51        FDPE (Hold_fdpe_C_D)         0.091     2.553    i_dmi_jtag/i_dmi_jtag_tap/jtag_ir_q_reg[0]
  -------------------------------------------------------------------
                         required time                         -2.553    
                         arrival time                           2.703    
  -------------------------------------------------------------------
                         slack                                  0.150    

Slack (MET) :             0.151ns  (arrival time - required time)
  Source:                 i_dmi_jtag/dr_q_reg[20]/C
                            (rising edge-triggered cell FDCE clocked by tck  {rise@0.000ns fall@50.000ns period=100.000ns})
  Destination:            i_dmi_jtag/data_q_reg[18]/D
                            (rising edge-triggered cell FDCE clocked by tck  {rise@0.000ns fall@50.000ns period=100.000ns})
  Path Group:             tck
  Path Type:              Hold (Min at Fast Process Corner)
  Requirement:            0.000ns  (tck rise@0.000ns - tck rise@0.000ns)
  Data Path Delay:        0.256ns  (logic 0.186ns (72.764%)  route 0.070ns (27.236%))
  Logic Levels:           1  (LUT4=1)
  Clock Path Skew:        0.013ns (DCD - SCD - CPR)
    Destination Clock Delay (DCD):    3.156ns
    Source Clock Delay      (SCD):    2.448ns
    Clock Pessimism Removal (CPR):    0.695ns

    Location             Delay type                Incr(ns)  Path(ns)    Netlist Resource(s)
  -------------------------------------------------------------------    -------------------
                         (clock tck rise edge)        0.000     0.000 r  
    H15                                               0.000     0.000 r  tck (IN)
                         net (fo=0)                   0.000     0.000    tck
    H15                  IBUF (Prop_ibuf_I_O)         0.268     0.268 r  tck_IBUF_inst/O
                         net (fo=1, routed)           1.516     1.784    tck_IBUF
    BUFGCTRL_X0Y0        BUFG (Prop_bufg_I_O)         0.026     1.810 r  tck_IBUF_BUFG_inst/O
                         net (fo=258, routed)         0.638     2.448    i_dmi_jtag/CLK
    SLICE_X111Y38        FDCE                                         r  i_dmi_jtag/dr_q_reg[20]/C
  -------------------------------------------------------------------    -------------------
    SLICE_X111Y38        FDCE (Prop_fdce_C_Q)         0.141     2.589 r  i_dmi_jtag/dr_q_reg[20]/Q
                         net (fo=2, routed)           0.070     2.658    i_dmi_jtag/i_dmi_cdc/i_cdc_resp/i_dst/data_q_reg[31][20]
    SLICE_X110Y38        LUT4 (Prop_lut4_I3_O)        0.045     2.703 r  i_dmi_jtag/i_dmi_cdc/i_cdc_resp/i_dst/data_q[18]_i_1/O
                         net (fo=1, routed)           0.000     2.703    i_dmi_jtag/i_dmi_cdc_n_243
    SLICE_X110Y38        FDCE                                         r  i_dmi_jtag/data_q_reg[18]/D
  -------------------------------------------------------------------    -------------------

                         (clock tck rise edge)        0.000     0.000 r  
    H15                                               0.000     0.000 r  tck (IN)
                         net (fo=0)                   0.000     0.000    tck
    H15                  IBUF (Prop_ibuf_I_O)         0.456     0.456 r  tck_IBUF_inst/O
                         net (fo=1, routed)           1.762     2.218    tck_IBUF
    BUFGCTRL_X0Y0        BUFG (Prop_bufg_I_O)         0.029     2.247 r  tck_IBUF_BUFG_inst/O
                         net (fo=258, routed)         0.909     3.156    i_dmi_jtag/CLK
    SLICE_X110Y38        FDCE                                         r  i_dmi_jtag/data_q_reg[18]/C
                         clock pessimism             -0.695     2.461    
    SLICE_X110Y38        FDCE (Hold_fdce_C_D)         0.092     2.553    i_dmi_jtag/data_q_reg[18]
  -------------------------------------------------------------------
                         required time                         -2.553    
                         arrival time                           2.703    
  -------------------------------------------------------------------
                         slack                                  0.151    

Slack (MET) :             0.152ns  (arrival time - required time)
  Source:                 i_dmi_jtag/dr_q_reg[24]/C
                            (rising edge-triggered cell FDCE clocked by tck  {rise@0.000ns fall@50.000ns period=100.000ns})
  Destination:            i_dmi_jtag/data_q_reg[22]/D
                            (rising edge-triggered cell FDCE clocked by tck  {rise@0.000ns fall@50.000ns period=100.000ns})
  Path Group:             tck
  Path Type:              Hold (Min at Fast Process Corner)
  Requirement:            0.000ns  (tck rise@0.000ns - tck rise@0.000ns)
  Data Path Delay:        0.286ns  (logic 0.186ns (64.988%)  route 0.100ns (35.012%))
  Logic Levels:           1  (LUT4=1)
  Clock Path Skew:        0.013ns (DCD - SCD - CPR)
    Destination Clock Delay (DCD):    3.155ns
    Source Clock Delay      (SCD):    2.447ns
    Clock Pessimism Removal (CPR):    0.695ns

    Location             Delay type                Incr(ns)  Path(ns)    Netlist Resource(s)
  -------------------------------------------------------------------    -------------------
                         (clock tck rise edge)        0.000     0.000 r  
    H15                                               0.000     0.000 r  tck (IN)
                         net (fo=0)                   0.000     0.000    tck
    H15                  IBUF (Prop_ibuf_I_O)         0.268     0.268 r  tck_IBUF_inst/O
                         net (fo=1, routed)           1.516     1.784    tck_IBUF
    BUFGCTRL_X0Y0        BUFG (Prop_bufg_I_O)         0.026     1.810 r  tck_IBUF_BUFG_inst/O
                         net (fo=258, routed)         0.637     2.447    i_dmi_jtag/CLK
    SLICE_X109Y39        FDCE                                         r  i_dmi_jtag/dr_q_reg[24]/C
  -------------------------------------------------------------------    -------------------
    SLICE_X109Y39        FDCE (Prop_fdce_C_Q)         0.141     2.588 r  i_dmi_jtag/dr_q_reg[24]/Q
                         net (fo=2, routed)           0.100     2.688    i_dmi_jtag/i_dmi_cdc/i_cdc_resp/i_dst/data_q_reg[31][24]
    SLICE_X108Y39        LUT4 (Prop_lut4_I3_O)        0.045     2.733 r  i_dmi_jtag/i_dmi_cdc/i_cdc_resp/i_dst/data_q[22]_i_1/O
                         net (fo=1, routed)           0.000     2.733    i_dmi_jtag/i_dmi_cdc_n_239
    SLICE_X108Y39        FDCE                                         r  i_dmi_jtag/data_q_reg[22]/D
  -------------------------------------------------------------------    -------------------

                         (clock tck rise edge)        0.000     0.000 r  
    H15                                               0.000     0.000 r  tck (IN)
                         net (fo=0)                   0.000     0.000    tck
    H15                  IBUF (Prop_ibuf_I_O)         0.456     0.456 r  tck_IBUF_inst/O
                         net (fo=1, routed)           1.762     2.218    tck_IBUF
    BUFGCTRL_X0Y0        BUFG (Prop_bufg_I_O)         0.029     2.247 r  tck_IBUF_BUFG_inst/O
                         net (fo=258, routed)         0.908     3.155    i_dmi_jtag/CLK
    SLICE_X108Y39        FDCE                                         r  i_dmi_jtag/data_q_reg[22]/C
                         clock pessimism             -0.695     2.460    
    SLICE_X108Y39        FDCE (Hold_fdce_C_D)         0.121     2.581    i_dmi_jtag/data_q_reg[22]
  -------------------------------------------------------------------
                         required time                         -2.581    
                         arrival time                           2.733    
  -------------------------------------------------------------------
                         slack                                  0.152    

Slack (MET) :             0.152ns  (arrival time - required time)
  Source:                 i_dmi_jtag/dr_q_reg[21]/C
                            (rising edge-triggered cell FDCE clocked by tck  {rise@0.000ns fall@50.000ns period=100.000ns})
  Destination:            i_dmi_jtag/data_q_reg[19]/D
                            (rising edge-triggered cell FDCE clocked by tck  {rise@0.000ns fall@50.000ns period=100.000ns})
  Path Group:             tck
  Path Type:              Hold (Min at Fast Process Corner)
  Requirement:            0.000ns  (tck rise@0.000ns - tck rise@0.000ns)
  Data Path Delay:        0.285ns  (logic 0.186ns (65.209%)  route 0.099ns (34.791%))
  Logic Levels:           1  (LUT4=1)
  Clock Path Skew:        0.013ns (DCD - SCD - CPR)
    Destination Clock Delay (DCD):    3.155ns
    Source Clock Delay      (SCD):    2.447ns
    Clock Pessimism Removal (CPR):    0.695ns

    Location             Delay type                Incr(ns)  Path(ns)    Netlist Resource(s)
  -------------------------------------------------------------------    -------------------
                         (clock tck rise edge)        0.000     0.000 r  
    H15                                               0.000     0.000 r  tck (IN)
                         net (fo=0)                   0.000     0.000    tck
    H15                  IBUF (Prop_ibuf_I_O)         0.268     0.268 r  tck_IBUF_inst/O
                         net (fo=1, routed)           1.516     1.784    tck_IBUF
    BUFGCTRL_X0Y0        BUFG (Prop_bufg_I_O)         0.026     1.810 r  tck_IBUF_BUFG_inst/O
                         net (fo=258, routed)         0.637     2.447    i_dmi_jtag/CLK
    SLICE_X109Y39        FDCE                                         r  i_dmi_jtag/dr_q_reg[21]/C
  -------------------------------------------------------------------    -------------------
    SLICE_X109Y39        FDCE (Prop_fdce_C_Q)         0.141     2.588 r  i_dmi_jtag/dr_q_reg[21]/Q
                         net (fo=2, routed)           0.099     2.687    i_dmi_jtag/i_dmi_cdc/i_cdc_resp/i_dst/data_q_reg[31][21]
    SLICE_X108Y39        LUT4 (Prop_lut4_I3_O)        0.045     2.732 r  i_dmi_jtag/i_dmi_cdc/i_cdc_resp/i_dst/data_q[19]_i_1/O
                         net (fo=1, routed)           0.000     2.732    i_dmi_jtag/i_dmi_cdc_n_242
    SLICE_X108Y39        FDCE                                         r  i_dmi_jtag/data_q_reg[19]/D
  -------------------------------------------------------------------    -------------------

                         (clock tck rise edge)        0.000     0.000 r  
    H15                                               0.000     0.000 r  tck (IN)
                         net (fo=0)                   0.000     0.000    tck
    H15                  IBUF (Prop_ibuf_I_O)         0.456     0.456 r  tck_IBUF_inst/O
                         net (fo=1, routed)           1.762     2.218    tck_IBUF
    BUFGCTRL_X0Y0        BUFG (Prop_bufg_I_O)         0.029     2.247 r  tck_IBUF_BUFG_inst/O
                         net (fo=258, routed)         0.908     3.155    i_dmi_jtag/CLK
    SLICE_X108Y39        FDCE                                         r  i_dmi_jtag/data_q_reg[19]/C
                         clock pessimism             -0.695     2.460    
    SLICE_X108Y39        FDCE (Hold_fdce_C_D)         0.120     2.580    i_dmi_jtag/data_q_reg[19]
  -------------------------------------------------------------------
                         required time                         -2.580    
                         arrival time                           2.732    
  -------------------------------------------------------------------
                         slack                                  0.152    

Slack (MET) :             0.153ns  (arrival time - required time)
  Source:                 i_dmi_jtag/dr_q_reg[31]/C
                            (rising edge-triggered cell FDCE clocked by tck  {rise@0.000ns fall@50.000ns period=100.000ns})
  Destination:            i_dmi_jtag/data_q_reg[29]/D
                            (rising edge-triggered cell FDCE clocked by tck  {rise@0.000ns fall@50.000ns period=100.000ns})
  Path Group:             tck
  Path Type:              Hold (Min at Fast Process Corner)
  Requirement:            0.000ns  (tck rise@0.000ns - tck rise@0.000ns)
  Data Path Delay:        0.258ns  (logic 0.186ns (72.200%)  route 0.072ns (27.800%))
  Logic Levels:           1  (LUT4=1)
  Clock Path Skew:        0.013ns (DCD - SCD - CPR)
    Destination Clock Delay (DCD):    3.156ns
    Source Clock Delay      (SCD):    2.448ns
    Clock Pessimism Removal (CPR):    0.695ns

    Location             Delay type                Incr(ns)  Path(ns)    Netlist Resource(s)
  -------------------------------------------------------------------    -------------------
                         (clock tck rise edge)        0.000     0.000 r  
    H15                                               0.000     0.000 r  tck (IN)
                         net (fo=0)                   0.000     0.000    tck
    H15                  IBUF (Prop_ibuf_I_O)         0.268     0.268 r  tck_IBUF_inst/O
                         net (fo=1, routed)           1.516     1.784    tck_IBUF
    BUFGCTRL_X0Y0        BUFG (Prop_bufg_I_O)         0.026     1.810 r  tck_IBUF_BUFG_inst/O
                         net (fo=258, routed)         0.638     2.448    i_dmi_jtag/CLK
    SLICE_X111Y39        FDCE                                         r  i_dmi_jtag/dr_q_reg[31]/C
  -------------------------------------------------------------------    -------------------
    SLICE_X111Y39        FDCE (Prop_fdce_C_Q)         0.141     2.589 r  i_dmi_jtag/dr_q_reg[31]/Q
                         net (fo=2, routed)           0.072     2.660    i_dmi_jtag/i_dmi_cdc/i_cdc_resp/i_dst/data_q_reg[31][31]
    SLICE_X110Y39        LUT4 (Prop_lut4_I3_O)        0.045     2.705 r  i_dmi_jtag/i_dmi_cdc/i_cdc_resp/i_dst/data_q[29]_i_1/O
                         net (fo=1, routed)           0.000     2.705    i_dmi_jtag/i_dmi_cdc_n_232
    SLICE_X110Y39        FDCE                                         r  i_dmi_jtag/data_q_reg[29]/D
  -------------------------------------------------------------------    -------------------

                         (clock tck rise edge)        0.000     0.000 r  
    H15                                               0.000     0.000 r  tck (IN)
                         net (fo=0)                   0.000     0.000    tck
    H15                  IBUF (Prop_ibuf_I_O)         0.456     0.456 r  tck_IBUF_inst/O
                         net (fo=1, routed)           1.762     2.218    tck_IBUF
    BUFGCTRL_X0Y0        BUFG (Prop_bufg_I_O)         0.029     2.247 r  tck_IBUF_BUFG_inst/O
                         net (fo=258, routed)         0.909     3.156    i_dmi_jtag/CLK
    SLICE_X110Y39        FDCE                                         r  i_dmi_jtag/data_q_reg[29]/C
                         clock pessimism             -0.695     2.461    
    SLICE_X110Y39        FDCE (Hold_fdce_C_D)         0.092     2.553    i_dmi_jtag/data_q_reg[29]
  -------------------------------------------------------------------
                         required time                         -2.553    
                         arrival time                           2.705    
  -------------------------------------------------------------------
                         slack                                  0.153    

Slack (MET) :             0.158ns  (arrival time - required time)
  Source:                 i_dmi_jtag/data_q_reg[25]/C
                            (rising edge-triggered cell FDCE clocked by tck  {rise@0.000ns fall@50.000ns period=100.000ns})
  Destination:            i_dmi_jtag/i_dmi_cdc/i_cdc_req/i_src/data_src_q_reg[data][25]/D
                            (rising edge-triggered cell FDCE clocked by tck  {rise@0.000ns fall@50.000ns period=100.000ns})
  Path Group:             tck
  Path Type:              Hold (Min at Fast Process Corner)
  Requirement:            0.000ns  (tck rise@0.000ns - tck rise@0.000ns)
  Data Path Delay:        0.271ns  (logic 0.141ns (52.025%)  route 0.130ns (47.975%))
  Logic Levels:           0  
  Clock Path Skew:        0.037ns (DCD - SCD - CPR)
    Destination Clock Delay (DCD):    3.155ns
    Source Clock Delay      (SCD):    2.448ns
    Clock Pessimism Removal (CPR):    0.670ns

    Location             Delay type                Incr(ns)  Path(ns)    Netlist Resource(s)
  -------------------------------------------------------------------    -------------------
                         (clock tck rise edge)        0.000     0.000 r  
    H15                                               0.000     0.000 r  tck (IN)
                         net (fo=0)                   0.000     0.000    tck
    H15                  IBUF (Prop_ibuf_I_O)         0.268     0.268 r  tck_IBUF_inst/O
                         net (fo=1, routed)           1.516     1.784    tck_IBUF
    BUFGCTRL_X0Y0        BUFG (Prop_bufg_I_O)         0.026     1.810 r  tck_IBUF_BUFG_inst/O
                         net (fo=258, routed)         0.638     2.448    i_dmi_jtag/CLK
    SLICE_X110Y39        FDCE                                         r  i_dmi_jtag/data_q_reg[25]/C
  -------------------------------------------------------------------    -------------------
    SLICE_X110Y39        FDCE (Prop_fdce_C_Q)         0.141     2.589 r  i_dmi_jtag/data_q_reg[25]/Q
                         net (fo=2, routed)           0.130     2.719    i_dmi_jtag/i_dmi_cdc/i_cdc_req/i_src/data_src_q_reg[data][31]_0[25]
    SLICE_X109Y38        FDCE                                         r  i_dmi_jtag/i_dmi_cdc/i_cdc_req/i_src/data_src_q_reg[data][25]/D
  -------------------------------------------------------------------    -------------------

                         (clock tck rise edge)        0.000     0.000 r  
    H15                                               0.000     0.000 r  tck (IN)
                         net (fo=0)                   0.000     0.000    tck
    H15                  IBUF (Prop_ibuf_I_O)         0.456     0.456 r  tck_IBUF_inst/O
                         net (fo=1, routed)           1.762     2.218    tck_IBUF
    BUFGCTRL_X0Y0        BUFG (Prop_bufg_I_O)         0.029     2.247 r  tck_IBUF_BUFG_inst/O
                         net (fo=258, routed)         0.908     3.155    i_dmi_jtag/i_dmi_cdc/i_cdc_req/i_src/CLK
    SLICE_X109Y38        FDCE                                         r  i_dmi_jtag/i_dmi_cdc/i_cdc_req/i_src/data_src_q_reg[data][25]/C
                         clock pessimism             -0.670     2.485    
    SLICE_X109Y38        FDCE (Hold_fdce_C_D)         0.076     2.561    i_dmi_jtag/i_dmi_cdc/i_cdc_req/i_src/data_src_q_reg[data][25]
  -------------------------------------------------------------------
                         required time                         -2.561    
                         arrival time                           2.719    
  -------------------------------------------------------------------
                         slack                                  0.158    

Slack (MET) :             0.160ns  (arrival time - required time)
  Source:                 i_dmi_jtag/data_q_reg[29]/C
                            (rising edge-triggered cell FDCE clocked by tck  {rise@0.000ns fall@50.000ns period=100.000ns})
  Destination:            i_dmi_jtag/i_dmi_cdc/i_cdc_req/i_src/data_src_q_reg[data][29]/D
                            (rising edge-triggered cell FDCE clocked by tck  {rise@0.000ns fall@50.000ns period=100.000ns})
  Path Group:             tck
  Path Type:              Hold (Min at Fast Process Corner)
  Requirement:            0.000ns  (tck rise@0.000ns - tck rise@0.000ns)
  Data Path Delay:        0.273ns  (logic 0.141ns (51.615%)  route 0.132ns (48.385%))
  Logic Levels:           0  
  Clock Path Skew:        0.038ns (DCD - SCD - CPR)
    Destination Clock Delay (DCD):    3.156ns
    Source Clock Delay      (SCD):    2.448ns
    Clock Pessimism Removal (CPR):    0.670ns

    Location             Delay type                Incr(ns)  Path(ns)    Netlist Resource(s)
  -------------------------------------------------------------------    -------------------
                         (clock tck rise edge)        0.000     0.000 r  
    H15                                               0.000     0.000 r  tck (IN)
                         net (fo=0)                   0.000     0.000    tck
    H15                  IBUF (Prop_ibuf_I_O)         0.268     0.268 r  tck_IBUF_inst/O
                         net (fo=1, routed)           1.516     1.784    tck_IBUF
    BUFGCTRL_X0Y0        BUFG (Prop_bufg_I_O)         0.026     1.810 r  tck_IBUF_BUFG_inst/O
                         net (fo=258, routed)         0.638     2.448    i_dmi_jtag/CLK
    SLICE_X110Y39        FDCE                                         r  i_dmi_jtag/data_q_reg[29]/C
  -------------------------------------------------------------------    -------------------
    SLICE_X110Y39        FDCE (Prop_fdce_C_Q)         0.141     2.589 r  i_dmi_jtag/data_q_reg[29]/Q
                         net (fo=2, routed)           0.132     2.721    i_dmi_jtag/i_dmi_cdc/i_cdc_req/i_src/data_src_q_reg[data][31]_0[29]
    SLICE_X107Y40        FDCE                                         r  i_dmi_jtag/i_dmi_cdc/i_cdc_req/i_src/data_src_q_reg[data][29]/D
  -------------------------------------------------------------------    -------------------

                         (clock tck rise edge)        0.000     0.000 r  
    H15                                               0.000     0.000 r  tck (IN)
                         net (fo=0)                   0.000     0.000    tck
    H15                  IBUF (Prop_ibuf_I_O)         0.456     0.456 r  tck_IBUF_inst/O
                         net (fo=1, routed)           1.762     2.218    tck_IBUF
    BUFGCTRL_X0Y0        BUFG (Prop_bufg_I_O)         0.029     2.247 r  tck_IBUF_BUFG_inst/O
                         net (fo=258, routed)         0.909     3.156    i_dmi_jtag/i_dmi_cdc/i_cdc_req/i_src/CLK
    SLICE_X107Y40        FDCE                                         r  i_dmi_jtag/i_dmi_cdc/i_cdc_req/i_src/data_src_q_reg[data][29]/C
                         clock pessimism             -0.670     2.486    
    SLICE_X107Y40        FDCE (Hold_fdce_C_D)         0.075     2.561    i_dmi_jtag/i_dmi_cdc/i_cdc_req/i_src/data_src_q_reg[data][29]
  -------------------------------------------------------------------
                         required time                         -2.561    
                         arrival time                           2.721    
  -------------------------------------------------------------------
                         slack                                  0.160    





Pulse Width Checks
--------------------------------------------------------------------------------------
Clock Name:         tck
Waveform(ns):       { 0.000 50.000 }
Period(ns):         100.000
Sources:            { tck }

Check Type        Corner  Lib Pin  Reference Pin  Required(ns)  Actual(ns)  Slack(ns)  Location       Pin
Min Period        n/a     BUFG/I   n/a            2.155         100.000     97.845     BUFGCTRL_X0Y0  tck_IBUF_BUFG_inst/I
Min Period        n/a     FDCE/C   n/a            1.000         100.000     99.000     SLICE_X108Y44  i_dmi_jtag/FSM_sequential_state_q_reg[0]/C
Min Period        n/a     FDCE/C   n/a            1.000         100.000     99.000     SLICE_X108Y46  i_dmi_jtag/FSM_sequential_state_q_reg[1]/C
Min Period        n/a     FDCE/C   n/a            1.000         100.000     99.000     SLICE_X108Y44  i_dmi_jtag/FSM_sequential_state_q_reg[2]/C
Min Period        n/a     FDCE/C   n/a            1.000         100.000     99.000     SLICE_X110Y42  i_dmi_jtag/address_q_reg[0]/C
Min Period        n/a     FDCE/C   n/a            1.000         100.000     99.000     SLICE_X110Y42  i_dmi_jtag/address_q_reg[1]/C
Min Period        n/a     FDCE/C   n/a            1.000         100.000     99.000     SLICE_X110Y42  i_dmi_jtag/address_q_reg[2]/C
Min Period        n/a     FDCE/C   n/a            1.000         100.000     99.000     SLICE_X110Y42  i_dmi_jtag/address_q_reg[3]/C
Min Period        n/a     FDCE/C   n/a            1.000         100.000     99.000     SLICE_X110Y42  i_dmi_jtag/address_q_reg[4]/C
Min Period        n/a     FDCE/C   n/a            1.000         100.000     99.000     SLICE_X110Y42  i_dmi_jtag/address_q_reg[5]/C
Low Pulse Width   Slow    FDCE/C   n/a            0.500         50.000      49.500     SLICE_X108Y44  i_dmi_jtag/FSM_sequential_state_q_reg[0]/C
Low Pulse Width   Fast    FDCE/C   n/a            0.500         50.000      49.500     SLICE_X108Y44  i_dmi_jtag/FSM_sequential_state_q_reg[0]/C
Low Pulse Width   Slow    FDCE/C   n/a            0.500         50.000      49.500     SLICE_X108Y46  i_dmi_jtag/FSM_sequential_state_q_reg[1]/C
Low Pulse Width   Fast    FDCE/C   n/a            0.500         50.000      49.500     SLICE_X108Y46  i_dmi_jtag/FSM_sequential_state_q_reg[1]/C
Low Pulse Width   Slow    FDCE/C   n/a            0.500         50.000      49.500     SLICE_X108Y44  i_dmi_jtag/FSM_sequential_state_q_reg[2]/C
Low Pulse Width   Fast    FDCE/C   n/a            0.500         50.000      49.500     SLICE_X108Y44  i_dmi_jtag/FSM_sequential_state_q_reg[2]/C
Low Pulse Width   Slow    FDCE/C   n/a            0.500         50.000      49.500     SLICE_X110Y42  i_dmi_jtag/address_q_reg[0]/C
Low Pulse Width   Fast    FDCE/C   n/a            0.500         50.000      49.500     SLICE_X110Y42  i_dmi_jtag/address_q_reg[0]/C
Low Pulse Width   Slow    FDCE/C   n/a            0.500         50.000      49.500     SLICE_X110Y42  i_dmi_jtag/address_q_reg[1]/C
Low Pulse Width   Fast    FDCE/C   n/a            0.500         50.000      49.500     SLICE_X110Y42  i_dmi_jtag/address_q_reg[1]/C
High Pulse Width  Slow    FDCE/C   n/a            0.500         50.000      49.500     SLICE_X108Y44  i_dmi_jtag/FSM_sequential_state_q_reg[0]/C
High Pulse Width  Fast    FDCE/C   n/a            0.500         50.000      49.500     SLICE_X108Y44  i_dmi_jtag/FSM_sequential_state_q_reg[0]/C
High Pulse Width  Slow    FDCE/C   n/a            0.500         50.000      49.500     SLICE_X108Y46  i_dmi_jtag/FSM_sequential_state_q_reg[1]/C
High Pulse Width  Fast    FDCE/C   n/a            0.500         50.000      49.500     SLICE_X108Y46  i_dmi_jtag/FSM_sequential_state_q_reg[1]/C
High Pulse Width  Slow    FDCE/C   n/a            0.500         50.000      49.500     SLICE_X108Y44  i_dmi_jtag/FSM_sequential_state_q_reg[2]/C
High Pulse Width  Fast    FDCE/C   n/a            0.500         50.000      49.500     SLICE_X108Y44  i_dmi_jtag/FSM_sequential_state_q_reg[2]/C
High Pulse Width  Slow    FDCE/C   n/a            0.500         50.000      49.500     SLICE_X110Y42  i_dmi_jtag/address_q_reg[0]/C
High Pulse Width  Fast    FDCE/C   n/a            0.500         50.000      49.500     SLICE_X110Y42  i_dmi_jtag/address_q_reg[0]/C
High Pulse Width  Slow    FDCE/C   n/a            0.500         50.000      49.500     SLICE_X110Y42  i_dmi_jtag/address_q_reg[1]/C
High Pulse Width  Fast    FDCE/C   n/a            0.500         50.000      49.500     SLICE_X110Y42  i_dmi_jtag/address_q_reg[1]/C



---------------------------------------------------------------------------------------------------
From Clock:  tck
  To Clock:  clk_out1_xlnx_clk_gen

Setup :            0  Failing Endpoints,  Worst Slack        9.406ns,  Total Violation        0.000ns
Hold  :            0  Failing Endpoints,  Worst Slack        2.768ns,  Total Violation        0.000ns
---------------------------------------------------------------------------------------------------


Max Delay Paths
--------------------------------------------------------------------------------------
Slack (MET) :             9.406ns  (required time - arrival time)
  Source:                 i_dmi_jtag/i_dmi_cdc/i_cdc_req/i_src/data_src_q_reg[data][25]/C
                            (rising edge-triggered cell FDCE clocked by tck  {rise@0.000ns fall@50.000ns period=100.000ns})
  Destination:            i_dmi_jtag/i_dmi_cdc/i_cdc_req/i_dst/data_dst_q_reg[data][25]/D
                            (rising edge-triggered cell FDCE clocked by clk_out1_xlnx_clk_gen  {rise@0.000ns fall@10.000ns period=20.000ns})
  Path Group:             clk_out1_xlnx_clk_gen
  Path Type:              Setup (Max at Slow Process Corner)
  Requirement:            20.000ns  (clk_out1_xlnx_clk_gen rise@20.000ns - tck rise@0.000ns)
  Data Path Delay:        1.144ns  (logic 0.419ns (36.632%)  route 0.725ns (63.368%))
  Logic Levels:           0  
  Clock Path Skew:        -8.582ns (DCD - SCD + CPR)
    Destination Clock Delay (DCD):    -1.447ns = ( 18.553 - 20.000 ) 
    Source Clock Delay      (SCD):    7.135ns
    Clock Pessimism Removal (CPR):    0.000ns
  Clock Uncertainty:      0.603ns  ((TSJ^2 + TIJ^2 + DJ^2)^1/2) / 2 + PE
    Total System Jitter     (TSJ):    0.071ns
    Total Input Jitter      (TIJ):    1.000ns
    Discrete Jitter          (DJ):    0.142ns
    Phase Error              (PE):    0.097ns
  Clock Domain Crossing:  Inter clock paths are considered valid unless explicitly excluded by timing constraints such as set_clock_groups or set_false_path.

    Location             Delay type                Incr(ns)  Path(ns)    Netlist Resource(s)
  -------------------------------------------------------------------    -------------------
                         (clock tck rise edge)        0.000     0.000 r  
    H15                                               0.000     0.000 r  tck (IN)
                         net (fo=0)                   0.000     0.000    tck
    H15                  IBUF (Prop_ibuf_I_O)         1.500     1.500 r  tck_IBUF_inst/O
                         net (fo=1, routed)           3.659     5.159    tck_IBUF
    BUFGCTRL_X0Y0        BUFG (Prop_bufg_I_O)         0.101     5.260 r  tck_IBUF_BUFG_inst/O
                         net (fo=258, routed)         1.875     7.135    i_dmi_jtag/i_dmi_cdc/i_cdc_req/i_src/CLK
    SLICE_X109Y38        FDCE                                         r  i_dmi_jtag/i_dmi_cdc/i_cdc_req/i_src/data_src_q_reg[data][25]/C
  -------------------------------------------------------------------    -------------------
    SLICE_X109Y38        FDCE (Prop_fdce_C_Q)         0.419     7.554 r  i_dmi_jtag/i_dmi_cdc/i_cdc_req/i_src/data_src_q_reg[data][25]/Q
                         net (fo=1, routed)           0.725     8.279    i_dmi_jtag/i_dmi_cdc/i_cdc_req/i_dst/data_dst_q_reg[data][31]_2[25]
    SLICE_X106Y40        FDCE                                         r  i_dmi_jtag/i_dmi_cdc/i_cdc_req/i_dst/data_dst_q_reg[data][25]/D
  -------------------------------------------------------------------    -------------------

                         (clock clk_out1_xlnx_clk_gen rise edge)
                                                     20.000    20.000 r  
    K17                                               0.000    20.000 r  clk_sys (IN)
                         net (fo=0)                   0.000    20.000    i_xlnx_clk_gen/inst/clk_in1
    K17                  IBUF (Prop_ibuf_I_O)         1.404    21.404 r  i_xlnx_clk_gen/inst/clkin1_ibufg/O
                         net (fo=1, routed)           1.162    22.566    i_xlnx_clk_gen/inst/clk_in1_xlnx_clk_gen
    MMCME2_ADV_X1Y2      MMCME2_ADV (Prop_mmcme2_adv_CLKIN1_CLKOUT0)
                                                     -7.814    14.752 r  i_xlnx_clk_gen/inst/mmcm_adv_inst/CLKOUT0
                         net (fo=1, routed)           2.012    16.764    i_xlnx_clk_gen/inst/clk_out1_xlnx_clk_gen
    BUFGCTRL_X0Y16       BUFG (Prop_bufg_I_O)         0.091    16.855 r  i_xlnx_clk_gen/inst/clkout1_buf/O
                         net (fo=20038, routed)       1.698    18.553    i_dmi_jtag/i_dmi_cdc/i_cdc_req/i_dst/clk_out1
    SLICE_X106Y40        FDCE                                         r  i_dmi_jtag/i_dmi_cdc/i_cdc_req/i_dst/data_dst_q_reg[data][25]/C
                         clock pessimism              0.000    18.553    
                         clock uncertainty           -0.603    17.950    
    SLICE_X106Y40        FDCE (Setup_fdce_C_D)       -0.265    17.685    i_dmi_jtag/i_dmi_cdc/i_cdc_req/i_dst/data_dst_q_reg[data][25]
  -------------------------------------------------------------------
                         required time                         17.685    
                         arrival time                          -8.279    
  -------------------------------------------------------------------
                         slack                                  9.406    

Slack (MET) :             9.487ns  (required time - arrival time)
  Source:                 i_dmi_jtag/i_dmi_cdc/i_cdc_resp/i_dst/ack_dst_q_reg/C
                            (rising edge-triggered cell FDCE clocked by tck  {rise@0.000ns fall@50.000ns period=100.000ns})
  Destination:            i_dmi_jtag/i_dmi_cdc/i_cdc_resp/i_src/ack_src_q_reg/D
                            (rising edge-triggered cell FDCE clocked by clk_out1_xlnx_clk_gen  {rise@0.000ns fall@10.000ns period=20.000ns})
  Path Group:             clk_out1_xlnx_clk_gen
  Path Type:              Setup (Max at Slow Process Corner)
  Requirement:            20.000ns  (clk_out1_xlnx_clk_gen rise@20.000ns - tck rise@0.000ns)
  Data Path Delay:        1.205ns  (logic 0.456ns (37.850%)  route 0.749ns (62.150%))
  Logic Levels:           0  
  Clock Path Skew:        -8.658ns (DCD - SCD + CPR)
    Destination Clock Delay (DCD):    -1.520ns = ( 18.480 - 20.000 ) 
    Source Clock Delay      (SCD):    7.138ns
    Clock Pessimism Removal (CPR):    0.000ns
  Clock Uncertainty:      0.603ns  ((TSJ^2 + TIJ^2 + DJ^2)^1/2) / 2 + PE
    Total System Jitter     (TSJ):    0.071ns
    Total Input Jitter      (TIJ):    1.000ns
    Discrete Jitter          (DJ):    0.142ns
    Phase Error              (PE):    0.097ns
  Clock Domain Crossing:  Inter clock paths are considered valid unless explicitly excluded by timing constraints such as set_clock_groups or set_false_path.

    Location             Delay type                Incr(ns)  Path(ns)    Netlist Resource(s)
  -------------------------------------------------------------------    -------------------
                         (clock tck rise edge)        0.000     0.000 r  
    H15                                               0.000     0.000 r  tck (IN)
                         net (fo=0)                   0.000     0.000    tck
    H15                  IBUF (Prop_ibuf_I_O)         1.500     1.500 r  tck_IBUF_inst/O
                         net (fo=1, routed)           3.659     5.159    tck_IBUF
    BUFGCTRL_X0Y0        BUFG (Prop_bufg_I_O)         0.101     5.260 r  tck_IBUF_BUFG_inst/O
                         net (fo=258, routed)         1.878     7.138    i_dmi_jtag/i_dmi_cdc/i_cdc_resp/i_dst/CLK
    SLICE_X109Y43        FDCE                                         r  i_dmi_jtag/i_dmi_cdc/i_cdc_resp/i_dst/ack_dst_q_reg/C
  -------------------------------------------------------------------    -------------------
    SLICE_X109Y43        FDCE (Prop_fdce_C_Q)         0.456     7.594 r  i_dmi_jtag/i_dmi_cdc/i_cdc_resp/i_dst/ack_dst_q_reg/Q
                         net (fo=6, routed)           0.749     8.343    i_dmi_jtag/i_dmi_cdc/i_cdc_resp/i_src/ack_src_q_reg_0
    SLICE_X105Y41        FDCE                                         r  i_dmi_jtag/i_dmi_cdc/i_cdc_resp/i_src/ack_src_q_reg/D
  -------------------------------------------------------------------    -------------------

                         (clock clk_out1_xlnx_clk_gen rise edge)
                                                     20.000    20.000 r  
    K17                                               0.000    20.000 r  clk_sys (IN)
                         net (fo=0)                   0.000    20.000    i_xlnx_clk_gen/inst/clk_in1
    K17                  IBUF (Prop_ibuf_I_O)         1.404    21.404 r  i_xlnx_clk_gen/inst/clkin1_ibufg/O
                         net (fo=1, routed)           1.162    22.566    i_xlnx_clk_gen/inst/clk_in1_xlnx_clk_gen
    MMCME2_ADV_X1Y2      MMCME2_ADV (Prop_mmcme2_adv_CLKIN1_CLKOUT0)
                                                     -7.814    14.752 r  i_xlnx_clk_gen/inst/mmcm_adv_inst/CLKOUT0
                         net (fo=1, routed)           2.012    16.764    i_xlnx_clk_gen/inst/clk_out1_xlnx_clk_gen
    BUFGCTRL_X0Y16       BUFG (Prop_bufg_I_O)         0.091    16.855 r  i_xlnx_clk_gen/inst/clkout1_buf/O
                         net (fo=20038, routed)       1.625    18.480    i_dmi_jtag/i_dmi_cdc/i_cdc_resp/i_src/clk_out1
    SLICE_X105Y41        FDCE                                         r  i_dmi_jtag/i_dmi_cdc/i_cdc_resp/i_src/ack_src_q_reg/C
                         clock pessimism              0.000    18.480    
                         clock uncertainty           -0.603    17.877    
    SLICE_X105Y41        FDCE (Setup_fdce_C_D)       -0.047    17.830    i_dmi_jtag/i_dmi_cdc/i_cdc_resp/i_src/ack_src_q_reg
  -------------------------------------------------------------------
                         required time                         17.830    
                         arrival time                          -8.343    
  -------------------------------------------------------------------
                         slack                                  9.487    

Slack (MET) :             9.492ns  (required time - arrival time)
  Source:                 i_dmi_jtag/i_dmi_cdc/i_cdc_req/i_src/data_src_q_reg[addr][3]/C
                            (rising edge-triggered cell FDCE clocked by tck  {rise@0.000ns fall@50.000ns period=100.000ns})
  Destination:            i_dmi_jtag/i_dmi_cdc/i_cdc_req/i_dst/data_dst_q_reg[addr][3]/D
                            (rising edge-triggered cell FDCE clocked by clk_out1_xlnx_clk_gen  {rise@0.000ns fall@10.000ns period=20.000ns})
  Path Group:             clk_out1_xlnx_clk_gen
  Path Type:              Setup (Max at Slow Process Corner)
  Requirement:            20.000ns  (clk_out1_xlnx_clk_gen rise@20.000ns - tck rise@0.000ns)
  Data Path Delay:        1.106ns  (logic 0.478ns (43.211%)  route 0.628ns (56.789%))
  Logic Levels:           0  
  Clock Path Skew:        -8.583ns (DCD - SCD + CPR)
    Destination Clock Delay (DCD):    -1.446ns = ( 18.554 - 20.000 ) 
    Source Clock Delay      (SCD):    7.137ns
    Clock Pessimism Removal (CPR):    0.000ns
  Clock Uncertainty:      0.603ns  ((TSJ^2 + TIJ^2 + DJ^2)^1/2) / 2 + PE
    Total System Jitter     (TSJ):    0.071ns
    Total Input Jitter      (TIJ):    1.000ns
    Discrete Jitter          (DJ):    0.142ns
    Phase Error              (PE):    0.097ns
  Clock Domain Crossing:  Inter clock paths are considered valid unless explicitly excluded by timing constraints such as set_clock_groups or set_false_path.

    Location             Delay type                Incr(ns)  Path(ns)    Netlist Resource(s)
  -------------------------------------------------------------------    -------------------
                         (clock tck rise edge)        0.000     0.000 r  
    H15                                               0.000     0.000 r  tck (IN)
                         net (fo=0)                   0.000     0.000    tck
    H15                  IBUF (Prop_ibuf_I_O)         1.500     1.500 r  tck_IBUF_inst/O
                         net (fo=1, routed)           3.659     5.159    tck_IBUF
    BUFGCTRL_X0Y0        BUFG (Prop_bufg_I_O)         0.101     5.260 r  tck_IBUF_BUFG_inst/O
                         net (fo=258, routed)         1.877     7.137    i_dmi_jtag/i_dmi_cdc/i_cdc_req/i_src/CLK
    SLICE_X108Y41        FDCE                                         r  i_dmi_jtag/i_dmi_cdc/i_cdc_req/i_src/data_src_q_reg[addr][3]/C
  -------------------------------------------------------------------    -------------------
    SLICE_X108Y41        FDCE (Prop_fdce_C_Q)         0.478     7.615 r  i_dmi_jtag/i_dmi_cdc/i_cdc_req/i_src/data_src_q_reg[addr][3]/Q
                         net (fo=1, routed)           0.628     8.244    i_dmi_jtag/i_dmi_cdc/i_cdc_req/i_dst/data_dst_q_reg[addr][6]_1[3]
    SLICE_X108Y42        FDCE                                         r  i_dmi_jtag/i_dmi_cdc/i_cdc_req/i_dst/data_dst_q_reg[addr][3]/D
  -------------------------------------------------------------------    -------------------

                         (clock clk_out1_xlnx_clk_gen rise edge)
                                                     20.000    20.000 r  
    K17                                               0.000    20.000 r  clk_sys (IN)
                         net (fo=0)                   0.000    20.000    i_xlnx_clk_gen/inst/clk_in1
    K17                  IBUF (Prop_ibuf_I_O)         1.404    21.404 r  i_xlnx_clk_gen/inst/clkin1_ibufg/O
                         net (fo=1, routed)           1.162    22.566    i_xlnx_clk_gen/inst/clk_in1_xlnx_clk_gen
    MMCME2_ADV_X1Y2      MMCME2_ADV (Prop_mmcme2_adv_CLKIN1_CLKOUT0)
                                                     -7.814    14.752 r  i_xlnx_clk_gen/inst/mmcm_adv_inst/CLKOUT0
                         net (fo=1, routed)           2.012    16.764    i_xlnx_clk_gen/inst/clk_out1_xlnx_clk_gen
    BUFGCTRL_X0Y16       BUFG (Prop_bufg_I_O)         0.091    16.855 r  i_xlnx_clk_gen/inst/clkout1_buf/O
                         net (fo=20038, routed)       1.699    18.554    i_dmi_jtag/i_dmi_cdc/i_cdc_req/i_dst/clk_out1
    SLICE_X108Y42        FDCE                                         r  i_dmi_jtag/i_dmi_cdc/i_cdc_req/i_dst/data_dst_q_reg[addr][3]/C
                         clock pessimism              0.000    18.554    
                         clock uncertainty           -0.603    17.951    
    SLICE_X108Y42        FDCE (Setup_fdce_C_D)       -0.216    17.735    i_dmi_jtag/i_dmi_cdc/i_cdc_req/i_dst/data_dst_q_reg[addr][3]
  -------------------------------------------------------------------
                         required time                         17.735    
                         arrival time                          -8.244    
  -------------------------------------------------------------------
                         slack                                  9.492    

Slack (MET) :             9.507ns  (required time - arrival time)
  Source:                 i_dmi_jtag/i_dmi_cdc/i_cdc_req/i_src/data_src_q_reg[data][29]/C
                            (rising edge-triggered cell FDCE clocked by tck  {rise@0.000ns fall@50.000ns period=100.000ns})
  Destination:            i_dmi_jtag/i_dmi_cdc/i_cdc_req/i_dst/data_dst_q_reg[data][29]/D
                            (rising edge-triggered cell FDCE clocked by clk_out1_xlnx_clk_gen  {rise@0.000ns fall@10.000ns period=20.000ns})
  Path Group:             clk_out1_xlnx_clk_gen
  Path Type:              Setup (Max at Slow Process Corner)
  Requirement:            20.000ns  (clk_out1_xlnx_clk_gen rise@20.000ns - tck rise@0.000ns)
  Data Path Delay:        0.996ns  (logic 0.419ns (42.086%)  route 0.577ns (57.914%))
  Logic Levels:           0  
  Clock Path Skew:        -8.658ns (DCD - SCD + CPR)
    Destination Clock Delay (DCD):    -1.522ns = ( 18.478 - 20.000 ) 
    Source Clock Delay      (SCD):    7.136ns
    Clock Pessimism Removal (CPR):    0.000ns
  Clock Uncertainty:      0.603ns  ((TSJ^2 + TIJ^2 + DJ^2)^1/2) / 2 + PE
    Total System Jitter     (TSJ):    0.071ns
    Total Input Jitter      (TIJ):    1.000ns
    Discrete Jitter          (DJ):    0.142ns
    Phase Error              (PE):    0.097ns
  Clock Domain Crossing:  Inter clock paths are considered valid unless explicitly excluded by timing constraints such as set_clock_groups or set_false_path.

    Location             Delay type                Incr(ns)  Path(ns)    Netlist Resource(s)
  -------------------------------------------------------------------    -------------------
                         (clock tck rise edge)        0.000     0.000 r  
    H15                                               0.000     0.000 r  tck (IN)
                         net (fo=0)                   0.000     0.000    tck
    H15                  IBUF (Prop_ibuf_I_O)         1.500     1.500 r  tck_IBUF_inst/O
                         net (fo=1, routed)           3.659     5.159    tck_IBUF
    BUFGCTRL_X0Y0        BUFG (Prop_bufg_I_O)         0.101     5.260 r  tck_IBUF_BUFG_inst/O
                         net (fo=258, routed)         1.876     7.136    i_dmi_jtag/i_dmi_cdc/i_cdc_req/i_src/CLK
    SLICE_X107Y40        FDCE                                         r  i_dmi_jtag/i_dmi_cdc/i_cdc_req/i_src/data_src_q_reg[data][29]/C
  -------------------------------------------------------------------    -------------------
    SLICE_X107Y40        FDCE (Prop_fdce_C_Q)         0.419     7.555 r  i_dmi_jtag/i_dmi_cdc/i_cdc_req/i_src/data_src_q_reg[data][29]/Q
                         net (fo=1, routed)           0.577     8.132    i_dmi_jtag/i_dmi_cdc/i_cdc_req/i_dst/data_dst_q_reg[data][31]_2[29]
    SLICE_X103Y40        FDCE                                         r  i_dmi_jtag/i_dmi_cdc/i_cdc_req/i_dst/data_dst_q_reg[data][29]/D
  -------------------------------------------------------------------    -------------------

                         (clock clk_out1_xlnx_clk_gen rise edge)
                                                     20.000    20.000 r  
    K17                                               0.000    20.000 r  clk_sys (IN)
                         net (fo=0)                   0.000    20.000    i_xlnx_clk_gen/inst/clk_in1
    K17                  IBUF (Prop_ibuf_I_O)         1.404    21.404 r  i_xlnx_clk_gen/inst/clkin1_ibufg/O
                         net (fo=1, routed)           1.162    22.566    i_xlnx_clk_gen/inst/clk_in1_xlnx_clk_gen
    MMCME2_ADV_X1Y2      MMCME2_ADV (Prop_mmcme2_adv_CLKIN1_CLKOUT0)
                                                     -7.814    14.752 r  i_xlnx_clk_gen/inst/mmcm_adv_inst/CLKOUT0
                         net (fo=1, routed)           2.012    16.764    i_xlnx_clk_gen/inst/clk_out1_xlnx_clk_gen
    BUFGCTRL_X0Y16       BUFG (Prop_bufg_I_O)         0.091    16.855 r  i_xlnx_clk_gen/inst/clkout1_buf/O
                         net (fo=20038, routed)       1.623    18.478    i_dmi_jtag/i_dmi_cdc/i_cdc_req/i_dst/clk_out1
    SLICE_X103Y40        FDCE                                         r  i_dmi_jtag/i_dmi_cdc/i_cdc_req/i_dst/data_dst_q_reg[data][29]/C
                         clock pessimism              0.000    18.478    
                         clock uncertainty           -0.603    17.875    
    SLICE_X103Y40        FDCE (Setup_fdce_C_D)       -0.236    17.639    i_dmi_jtag/i_dmi_cdc/i_cdc_req/i_dst/data_dst_q_reg[data][29]
  -------------------------------------------------------------------
                         required time                         17.639    
                         arrival time                          -8.132    
  -------------------------------------------------------------------
                         slack                                  9.507    

Slack (MET) :             9.512ns  (required time - arrival time)
  Source:                 i_dmi_jtag/i_dmi_cdc/i_cdc_req/i_src/data_src_q_reg[data][1]/C
                            (rising edge-triggered cell FDCE clocked by tck  {rise@0.000ns fall@50.000ns period=100.000ns})
  Destination:            i_dmi_jtag/i_dmi_cdc/i_cdc_req/i_dst/data_dst_q_reg[data][1]/D
                            (rising edge-triggered cell FDCE clocked by clk_out1_xlnx_clk_gen  {rise@0.000ns fall@10.000ns period=20.000ns})
  Path Group:             clk_out1_xlnx_clk_gen
  Path Type:              Setup (Max at Slow Process Corner)
  Requirement:            20.000ns  (clk_out1_xlnx_clk_gen rise@20.000ns - tck rise@0.000ns)
  Data Path Delay:        1.097ns  (logic 0.419ns (38.181%)  route 0.678ns (61.819%))
  Logic Levels:           0  
  Clock Path Skew:        -8.585ns (DCD - SCD + CPR)
    Destination Clock Delay (DCD):    -1.452ns = ( 18.548 - 20.000 ) 
    Source Clock Delay      (SCD):    7.133ns
    Clock Pessimism Removal (CPR):    0.000ns
  Clock Uncertainty:      0.603ns  ((TSJ^2 + TIJ^2 + DJ^2)^1/2) / 2 + PE
    Total System Jitter     (TSJ):    0.071ns
    Total Input Jitter      (TIJ):    1.000ns
    Discrete Jitter          (DJ):    0.142ns
    Phase Error              (PE):    0.097ns
  Clock Domain Crossing:  Inter clock paths are considered valid unless explicitly excluded by timing constraints such as set_clock_groups or set_false_path.

    Location             Delay type                Incr(ns)  Path(ns)    Netlist Resource(s)
  -------------------------------------------------------------------    -------------------
                         (clock tck rise edge)        0.000     0.000 r  
    H15                                               0.000     0.000 r  tck (IN)
                         net (fo=0)                   0.000     0.000    tck
    H15                  IBUF (Prop_ibuf_I_O)         1.500     1.500 r  tck_IBUF_inst/O
                         net (fo=1, routed)           3.659     5.159    tck_IBUF
    BUFGCTRL_X0Y0        BUFG (Prop_bufg_I_O)         0.101     5.260 r  tck_IBUF_BUFG_inst/O
                         net (fo=258, routed)         1.873     7.133    i_dmi_jtag/i_dmi_cdc/i_cdc_req/i_src/CLK
    SLICE_X109Y35        FDCE                                         r  i_dmi_jtag/i_dmi_cdc/i_cdc_req/i_src/data_src_q_reg[data][1]/C
  -------------------------------------------------------------------    -------------------
    SLICE_X109Y35        FDCE (Prop_fdce_C_Q)         0.419     7.552 r  i_dmi_jtag/i_dmi_cdc/i_cdc_req/i_src/data_src_q_reg[data][1]/Q
                         net (fo=1, routed)           0.678     8.231    i_dmi_jtag/i_dmi_cdc/i_cdc_req/i_dst/data_dst_q_reg[data][31]_2[1]
    SLICE_X108Y33        FDCE                                         r  i_dmi_jtag/i_dmi_cdc/i_cdc_req/i_dst/data_dst_q_reg[data][1]/D
  -------------------------------------------------------------------    -------------------

                         (clock clk_out1_xlnx_clk_gen rise edge)
                                                     20.000    20.000 r  
    K17                                               0.000    20.000 r  clk_sys (IN)
                         net (fo=0)                   0.000    20.000    i_xlnx_clk_gen/inst/clk_in1
    K17                  IBUF (Prop_ibuf_I_O)         1.404    21.404 r  i_xlnx_clk_gen/inst/clkin1_ibufg/O
                         net (fo=1, routed)           1.162    22.566    i_xlnx_clk_gen/inst/clk_in1_xlnx_clk_gen
    MMCME2_ADV_X1Y2      MMCME2_ADV (Prop_mmcme2_adv_CLKIN1_CLKOUT0)
                                                     -7.814    14.752 r  i_xlnx_clk_gen/inst/mmcm_adv_inst/CLKOUT0
                         net (fo=1, routed)           2.012    16.764    i_xlnx_clk_gen/inst/clk_out1_xlnx_clk_gen
    BUFGCTRL_X0Y16       BUFG (Prop_bufg_I_O)         0.091    16.855 r  i_xlnx_clk_gen/inst/clkout1_buf/O
                         net (fo=20038, routed)       1.693    18.548    i_dmi_jtag/i_dmi_cdc/i_cdc_req/i_dst/clk_out1
    SLICE_X108Y33        FDCE                                         r  i_dmi_jtag/i_dmi_cdc/i_cdc_req/i_dst/data_dst_q_reg[data][1]/C
                         clock pessimism              0.000    18.548    
                         clock uncertainty           -0.603    17.945    
    SLICE_X108Y33        FDCE (Setup_fdce_C_D)       -0.202    17.743    i_dmi_jtag/i_dmi_cdc/i_cdc_req/i_dst/data_dst_q_reg[data][1]
  -------------------------------------------------------------------
                         required time                         17.743    
                         arrival time                          -8.231    
  -------------------------------------------------------------------
                         slack                                  9.512    

Slack (MET) :             9.514ns  (required time - arrival time)
  Source:                 i_dmi_jtag/i_dmi_cdc/i_cdc_req/i_src/data_src_q_reg[data][17]/C
                            (rising edge-triggered cell FDCE clocked by tck  {rise@0.000ns fall@50.000ns period=100.000ns})
  Destination:            i_dmi_jtag/i_dmi_cdc/i_cdc_req/i_dst/data_dst_q_reg[data][17]/D
                            (rising edge-triggered cell FDCE clocked by clk_out1_xlnx_clk_gen  {rise@0.000ns fall@10.000ns period=20.000ns})
  Path Group:             clk_out1_xlnx_clk_gen
  Path Type:              Setup (Max at Slow Process Corner)
  Requirement:            20.000ns  (clk_out1_xlnx_clk_gen rise@20.000ns - tck rise@0.000ns)
  Data Path Delay:        1.271ns  (logic 0.456ns (35.865%)  route 0.815ns (64.136%))
  Logic Levels:           0  
  Clock Path Skew:        -8.583ns (DCD - SCD + CPR)
    Destination Clock Delay (DCD):    -1.448ns = ( 18.552 - 20.000 ) 
    Source Clock Delay      (SCD):    7.135ns
    Clock Pessimism Removal (CPR):    0.000ns
  Clock Uncertainty:      0.603ns  ((TSJ^2 + TIJ^2 + DJ^2)^1/2) / 2 + PE
    Total System Jitter     (TSJ):    0.071ns
    Total Input Jitter      (TIJ):    1.000ns
    Discrete Jitter          (DJ):    0.142ns
    Phase Error              (PE):    0.097ns
  Clock Domain Crossing:  Inter clock paths are considered valid unless explicitly excluded by timing constraints such as set_clock_groups or set_false_path.

    Location             Delay type                Incr(ns)  Path(ns)    Netlist Resource(s)
  -------------------------------------------------------------------    -------------------
                         (clock tck rise edge)        0.000     0.000 r  
    H15                                               0.000     0.000 r  tck (IN)
                         net (fo=0)                   0.000     0.000    tck
    H15                  IBUF (Prop_ibuf_I_O)         1.500     1.500 r  tck_IBUF_inst/O
                         net (fo=1, routed)           3.659     5.159    tck_IBUF
    BUFGCTRL_X0Y0        BUFG (Prop_bufg_I_O)         0.101     5.260 r  tck_IBUF_BUFG_inst/O
                         net (fo=258, routed)         1.875     7.135    i_dmi_jtag/i_dmi_cdc/i_cdc_req/i_src/CLK
    SLICE_X109Y38        FDCE                                         r  i_dmi_jtag/i_dmi_cdc/i_cdc_req/i_src/data_src_q_reg[data][17]/C
  -------------------------------------------------------------------    -------------------
    SLICE_X109Y38        FDCE (Prop_fdce_C_Q)         0.456     7.591 r  i_dmi_jtag/i_dmi_cdc/i_cdc_req/i_src/data_src_q_reg[data][17]/Q
                         net (fo=1, routed)           0.815     8.407    i_dmi_jtag/i_dmi_cdc/i_cdc_req/i_dst/data_dst_q_reg[data][31]_2[17]
    SLICE_X108Y38        FDCE                                         r  i_dmi_jtag/i_dmi_cdc/i_cdc_req/i_dst/data_dst_q_reg[data][17]/D
  -------------------------------------------------------------------    -------------------

                         (clock clk_out1_xlnx_clk_gen rise edge)
                                                     20.000    20.000 r  
    K17                                               0.000    20.000 r  clk_sys (IN)
                         net (fo=0)                   0.000    20.000    i_xlnx_clk_gen/inst/clk_in1
    K17                  IBUF (Prop_ibuf_I_O)         1.404    21.404 r  i_xlnx_clk_gen/inst/clkin1_ibufg/O
                         net (fo=1, routed)           1.162    22.566    i_xlnx_clk_gen/inst/clk_in1_xlnx_clk_gen
    MMCME2_ADV_X1Y2      MMCME2_ADV (Prop_mmcme2_adv_CLKIN1_CLKOUT0)
                                                     -7.814    14.752 r  i_xlnx_clk_gen/inst/mmcm_adv_inst/CLKOUT0
                         net (fo=1, routed)           2.012    16.764    i_xlnx_clk_gen/inst/clk_out1_xlnx_clk_gen
    BUFGCTRL_X0Y16       BUFG (Prop_bufg_I_O)         0.091    16.855 r  i_xlnx_clk_gen/inst/clkout1_buf/O
                         net (fo=20038, routed)       1.697    18.552    i_dmi_jtag/i_dmi_cdc/i_cdc_req/i_dst/clk_out1
    SLICE_X108Y38        FDCE                                         r  i_dmi_jtag/i_dmi_cdc/i_cdc_req/i_dst/data_dst_q_reg[data][17]/C
                         clock pessimism              0.000    18.552    
                         clock uncertainty           -0.603    17.949    
    SLICE_X108Y38        FDCE (Setup_fdce_C_D)       -0.028    17.921    i_dmi_jtag/i_dmi_cdc/i_cdc_req/i_dst/data_dst_q_reg[data][17]
  -------------------------------------------------------------------
                         required time                         17.921    
                         arrival time                          -8.407    
  -------------------------------------------------------------------
                         slack                                  9.514    

Slack (MET) :             9.543ns  (required time - arrival time)
  Source:                 i_dmi_jtag/i_dmi_cdc/i_cdc_req/i_src/data_src_q_reg[addr][6]/C
                            (rising edge-triggered cell FDCE clocked by tck  {rise@0.000ns fall@50.000ns period=100.000ns})
  Destination:            i_dmi_jtag/i_dmi_cdc/i_cdc_req/i_dst/data_dst_q_reg[addr][6]/D
                            (rising edge-triggered cell FDCE clocked by clk_out1_xlnx_clk_gen  {rise@0.000ns fall@10.000ns period=20.000ns})
  Path Group:             clk_out1_xlnx_clk_gen
  Path Type:              Setup (Max at Slow Process Corner)
  Requirement:            20.000ns  (clk_out1_xlnx_clk_gen rise@20.000ns - tck rise@0.000ns)
  Data Path Delay:        1.066ns  (logic 0.419ns (39.301%)  route 0.647ns (60.699%))
  Logic Levels:           0  
  Clock Path Skew:        -8.583ns (DCD - SCD + CPR)
    Destination Clock Delay (DCD):    -1.446ns = ( 18.554 - 20.000 ) 
    Source Clock Delay      (SCD):    7.137ns
    Clock Pessimism Removal (CPR):    0.000ns
  Clock Uncertainty:      0.603ns  ((TSJ^2 + TIJ^2 + DJ^2)^1/2) / 2 + PE
    Total System Jitter     (TSJ):    0.071ns
    Total Input Jitter      (TIJ):    1.000ns
    Discrete Jitter          (DJ):    0.142ns
    Phase Error              (PE):    0.097ns
  Clock Domain Crossing:  Inter clock paths are considered valid unless explicitly excluded by timing constraints such as set_clock_groups or set_false_path.

    Location             Delay type                Incr(ns)  Path(ns)    Netlist Resource(s)
  -------------------------------------------------------------------    -------------------
                         (clock tck rise edge)        0.000     0.000 r  
    H15                                               0.000     0.000 r  tck (IN)
                         net (fo=0)                   0.000     0.000    tck
    H15                  IBUF (Prop_ibuf_I_O)         1.500     1.500 r  tck_IBUF_inst/O
                         net (fo=1, routed)           3.659     5.159    tck_IBUF
    BUFGCTRL_X0Y0        BUFG (Prop_bufg_I_O)         0.101     5.260 r  tck_IBUF_BUFG_inst/O
                         net (fo=258, routed)         1.877     7.137    i_dmi_jtag/i_dmi_cdc/i_cdc_req/i_src/CLK
    SLICE_X109Y42        FDCE                                         r  i_dmi_jtag/i_dmi_cdc/i_cdc_req/i_src/data_src_q_reg[addr][6]/C
  -------------------------------------------------------------------    -------------------
    SLICE_X109Y42        FDCE (Prop_fdce_C_Q)         0.419     7.556 r  i_dmi_jtag/i_dmi_cdc/i_cdc_req/i_src/data_src_q_reg[addr][6]/Q
                         net (fo=1, routed)           0.647     8.204    i_dmi_jtag/i_dmi_cdc/i_cdc_req/i_dst/data_dst_q_reg[addr][6]_1[6]
    SLICE_X108Y42        FDCE                                         r  i_dmi_jtag/i_dmi_cdc/i_cdc_req/i_dst/data_dst_q_reg[addr][6]/D
  -------------------------------------------------------------------    -------------------

                         (clock clk_out1_xlnx_clk_gen rise edge)
                                                     20.000    20.000 r  
    K17                                               0.000    20.000 r  clk_sys (IN)
                         net (fo=0)                   0.000    20.000    i_xlnx_clk_gen/inst/clk_in1
    K17                  IBUF (Prop_ibuf_I_O)         1.404    21.404 r  i_xlnx_clk_gen/inst/clkin1_ibufg/O
                         net (fo=1, routed)           1.162    22.566    i_xlnx_clk_gen/inst/clk_in1_xlnx_clk_gen
    MMCME2_ADV_X1Y2      MMCME2_ADV (Prop_mmcme2_adv_CLKIN1_CLKOUT0)
                                                     -7.814    14.752 r  i_xlnx_clk_gen/inst/mmcm_adv_inst/CLKOUT0
                         net (fo=1, routed)           2.012    16.764    i_xlnx_clk_gen/inst/clk_out1_xlnx_clk_gen
    BUFGCTRL_X0Y16       BUFG (Prop_bufg_I_O)         0.091    16.855 r  i_xlnx_clk_gen/inst/clkout1_buf/O
                         net (fo=20038, routed)       1.699    18.554    i_dmi_jtag/i_dmi_cdc/i_cdc_req/i_dst/clk_out1
    SLICE_X108Y42        FDCE                                         r  i_dmi_jtag/i_dmi_cdc/i_cdc_req/i_dst/data_dst_q_reg[addr][6]/C
                         clock pessimism              0.000    18.554    
                         clock uncertainty           -0.603    17.951    
    SLICE_X108Y42        FDCE (Setup_fdce_C_D)       -0.205    17.746    i_dmi_jtag/i_dmi_cdc/i_cdc_req/i_dst/data_dst_q_reg[addr][6]
  -------------------------------------------------------------------
                         required time                         17.746    
                         arrival time                          -8.204    
  -------------------------------------------------------------------
                         slack                                  9.543    

Slack (MET) :             9.543ns  (required time - arrival time)
  Source:                 i_dmi_jtag/i_dmi_cdc/i_cdc_req/i_src/data_src_q_reg[data][6]/C
                            (rising edge-triggered cell FDCE clocked by tck  {rise@0.000ns fall@50.000ns period=100.000ns})
  Destination:            i_dmi_jtag/i_dmi_cdc/i_cdc_req/i_dst/data_dst_q_reg[data][6]/D
                            (rising edge-triggered cell FDCE clocked by clk_out1_xlnx_clk_gen  {rise@0.000ns fall@10.000ns period=20.000ns})
  Path Group:             clk_out1_xlnx_clk_gen
  Path Type:              Setup (Max at Slow Process Corner)
  Requirement:            20.000ns  (clk_out1_xlnx_clk_gen rise@20.000ns - tck rise@0.000ns)
  Data Path Delay:        1.049ns  (logic 0.419ns (39.957%)  route 0.630ns (60.043%))
  Logic Levels:           0  
  Clock Path Skew:        -8.583ns (DCD - SCD + CPR)
    Destination Clock Delay (DCD):    -1.455ns = ( 18.545 - 20.000 ) 
    Source Clock Delay      (SCD):    7.128ns
    Clock Pessimism Removal (CPR):    0.000ns
  Clock Uncertainty:      0.603ns  ((TSJ^2 + TIJ^2 + DJ^2)^1/2) / 2 + PE
    Total System Jitter     (TSJ):    0.071ns
    Total Input Jitter      (TIJ):    1.000ns
    Discrete Jitter          (DJ):    0.142ns
    Phase Error              (PE):    0.097ns
  Clock Domain Crossing:  Inter clock paths are considered valid unless explicitly excluded by timing constraints such as set_clock_groups or set_false_path.

    Location             Delay type                Incr(ns)  Path(ns)    Netlist Resource(s)
  -------------------------------------------------------------------    -------------------
                         (clock tck rise edge)        0.000     0.000 r  
    H15                                               0.000     0.000 r  tck (IN)
                         net (fo=0)                   0.000     0.000    tck
    H15                  IBUF (Prop_ibuf_I_O)         1.500     1.500 r  tck_IBUF_inst/O
                         net (fo=1, routed)           3.659     5.159    tck_IBUF
    BUFGCTRL_X0Y0        BUFG (Prop_bufg_I_O)         0.101     5.260 r  tck_IBUF_BUFG_inst/O
                         net (fo=258, routed)         1.868     7.128    i_dmi_jtag/i_dmi_cdc/i_cdc_req/i_src/CLK
    SLICE_X110Y31        FDCE                                         r  i_dmi_jtag/i_dmi_cdc/i_cdc_req/i_src/data_src_q_reg[data][6]/C
  -------------------------------------------------------------------    -------------------
    SLICE_X110Y31        FDCE (Prop_fdce_C_Q)         0.419     7.547 r  i_dmi_jtag/i_dmi_cdc/i_cdc_req/i_src/data_src_q_reg[data][6]/Q
                         net (fo=1, routed)           0.630     8.177    i_dmi_jtag/i_dmi_cdc/i_cdc_req/i_dst/data_dst_q_reg[data][31]_2[6]
    SLICE_X109Y31        FDCE                                         r  i_dmi_jtag/i_dmi_cdc/i_cdc_req/i_dst/data_dst_q_reg[data][6]/D
  -------------------------------------------------------------------    -------------------

                         (clock clk_out1_xlnx_clk_gen rise edge)
                                                     20.000    20.000 r  
    K17                                               0.000    20.000 r  clk_sys (IN)
                         net (fo=0)                   0.000    20.000    i_xlnx_clk_gen/inst/clk_in1
    K17                  IBUF (Prop_ibuf_I_O)         1.404    21.404 r  i_xlnx_clk_gen/inst/clkin1_ibufg/O
                         net (fo=1, routed)           1.162    22.566    i_xlnx_clk_gen/inst/clk_in1_xlnx_clk_gen
    MMCME2_ADV_X1Y2      MMCME2_ADV (Prop_mmcme2_adv_CLKIN1_CLKOUT0)
                                                     -7.814    14.752 r  i_xlnx_clk_gen/inst/mmcm_adv_inst/CLKOUT0
                         net (fo=1, routed)           2.012    16.764    i_xlnx_clk_gen/inst/clk_out1_xlnx_clk_gen
    BUFGCTRL_X0Y16       BUFG (Prop_bufg_I_O)         0.091    16.855 r  i_xlnx_clk_gen/inst/clkout1_buf/O
                         net (fo=20038, routed)       1.690    18.545    i_dmi_jtag/i_dmi_cdc/i_cdc_req/i_dst/clk_out1
    SLICE_X109Y31        FDCE                                         r  i_dmi_jtag/i_dmi_cdc/i_cdc_req/i_dst/data_dst_q_reg[data][6]/C
                         clock pessimism              0.000    18.545    
                         clock uncertainty           -0.603    17.942    
    SLICE_X109Y31        FDCE (Setup_fdce_C_D)       -0.222    17.720    i_dmi_jtag/i_dmi_cdc/i_cdc_req/i_dst/data_dst_q_reg[data][6]
  -------------------------------------------------------------------
                         required time                         17.720    
                         arrival time                          -8.177    
  -------------------------------------------------------------------
                         slack                                  9.543    

Slack (MET) :             9.547ns  (required time - arrival time)
  Source:                 i_dmi_jtag/i_dmi_cdc/i_cdc_req/i_src/data_src_q_reg[data][21]/C
                            (rising edge-triggered cell FDCE clocked by tck  {rise@0.000ns fall@50.000ns period=100.000ns})
  Destination:            i_dmi_jtag/i_dmi_cdc/i_cdc_req/i_dst/data_dst_q_reg[data][21]/D
                            (rising edge-triggered cell FDCE clocked by clk_out1_xlnx_clk_gen  {rise@0.000ns fall@10.000ns period=20.000ns})
  Path Group:             clk_out1_xlnx_clk_gen
  Path Type:              Setup (Max at Slow Process Corner)
  Requirement:            20.000ns  (clk_out1_xlnx_clk_gen rise@20.000ns - tck rise@0.000ns)
  Data Path Delay:        1.110ns  (logic 0.518ns (46.674%)  route 0.592ns (53.326%))
  Logic Levels:           0  
  Clock Path Skew:        -8.659ns (DCD - SCD + CPR)
    Destination Clock Delay (DCD):    -1.522ns = ( 18.478 - 20.000 ) 
    Source Clock Delay      (SCD):    7.137ns
    Clock Pessimism Removal (CPR):    0.000ns
  Clock Uncertainty:      0.603ns  ((TSJ^2 + TIJ^2 + DJ^2)^1/2) / 2 + PE
    Total System Jitter     (TSJ):    0.071ns
    Total Input Jitter      (TIJ):    1.000ns
    Discrete Jitter          (DJ):    0.142ns
    Phase Error              (PE):    0.097ns
  Clock Domain Crossing:  Inter clock paths are considered valid unless explicitly excluded by timing constraints such as set_clock_groups or set_false_path.

    Location             Delay type                Incr(ns)  Path(ns)    Netlist Resource(s)
  -------------------------------------------------------------------    -------------------
                         (clock tck rise edge)        0.000     0.000 r  
    H15                                               0.000     0.000 r  tck (IN)
                         net (fo=0)                   0.000     0.000    tck
    H15                  IBUF (Prop_ibuf_I_O)         1.500     1.500 r  tck_IBUF_inst/O
                         net (fo=1, routed)           3.659     5.159    tck_IBUF
    BUFGCTRL_X0Y0        BUFG (Prop_bufg_I_O)         0.101     5.260 r  tck_IBUF_BUFG_inst/O
                         net (fo=258, routed)         1.877     7.137    i_dmi_jtag/i_dmi_cdc/i_cdc_req/i_src/CLK
    SLICE_X108Y41        FDCE                                         r  i_dmi_jtag/i_dmi_cdc/i_cdc_req/i_src/data_src_q_reg[data][21]/C
  -------------------------------------------------------------------    -------------------
    SLICE_X108Y41        FDCE (Prop_fdce_C_Q)         0.518     7.655 r  i_dmi_jtag/i_dmi_cdc/i_cdc_req/i_src/data_src_q_reg[data][21]/Q
                         net (fo=1, routed)           0.592     8.247    i_dmi_jtag/i_dmi_cdc/i_cdc_req/i_dst/data_dst_q_reg[data][31]_2[21]
    SLICE_X103Y40        FDCE                                         r  i_dmi_jtag/i_dmi_cdc/i_cdc_req/i_dst/data_dst_q_reg[data][21]/D
  -------------------------------------------------------------------    -------------------

                         (clock clk_out1_xlnx_clk_gen rise edge)
                                                     20.000    20.000 r  
    K17                                               0.000    20.000 r  clk_sys (IN)
                         net (fo=0)                   0.000    20.000    i_xlnx_clk_gen/inst/clk_in1
    K17                  IBUF (Prop_ibuf_I_O)         1.404    21.404 r  i_xlnx_clk_gen/inst/clkin1_ibufg/O
                         net (fo=1, routed)           1.162    22.566    i_xlnx_clk_gen/inst/clk_in1_xlnx_clk_gen
    MMCME2_ADV_X1Y2      MMCME2_ADV (Prop_mmcme2_adv_CLKIN1_CLKOUT0)
                                                     -7.814    14.752 r  i_xlnx_clk_gen/inst/mmcm_adv_inst/CLKOUT0
                         net (fo=1, routed)           2.012    16.764    i_xlnx_clk_gen/inst/clk_out1_xlnx_clk_gen
    BUFGCTRL_X0Y16       BUFG (Prop_bufg_I_O)         0.091    16.855 r  i_xlnx_clk_gen/inst/clkout1_buf/O
                         net (fo=20038, routed)       1.623    18.478    i_dmi_jtag/i_dmi_cdc/i_cdc_req/i_dst/clk_out1
    SLICE_X103Y40        FDCE                                         r  i_dmi_jtag/i_dmi_cdc/i_cdc_req/i_dst/data_dst_q_reg[data][21]/C
                         clock pessimism              0.000    18.478    
                         clock uncertainty           -0.603    17.875    
    SLICE_X103Y40        FDCE (Setup_fdce_C_D)       -0.081    17.794    i_dmi_jtag/i_dmi_cdc/i_cdc_req/i_dst/data_dst_q_reg[data][21]
  -------------------------------------------------------------------
                         required time                         17.794    
                         arrival time                          -8.247    
  -------------------------------------------------------------------
                         slack                                  9.547    

Slack (MET) :             9.552ns  (required time - arrival time)
  Source:                 i_dmi_jtag/i_dmi_cdc/i_cdc_req/i_src/data_src_q_reg[data][9]/C
                            (rising edge-triggered cell FDCE clocked by tck  {rise@0.000ns fall@50.000ns period=100.000ns})
  Destination:            i_dmi_jtag/i_dmi_cdc/i_cdc_req/i_dst/data_dst_q_reg[data][9]/D
                            (rising edge-triggered cell FDCE clocked by clk_out1_xlnx_clk_gen  {rise@0.000ns fall@10.000ns period=20.000ns})
  Path Group:             clk_out1_xlnx_clk_gen
  Path Type:              Setup (Max at Slow Process Corner)
  Requirement:            20.000ns  (clk_out1_xlnx_clk_gen rise@20.000ns - tck rise@0.000ns)
  Data Path Delay:        1.046ns  (logic 0.419ns (40.072%)  route 0.627ns (59.928%))
  Logic Levels:           0  
  Clock Path Skew:        -8.583ns (DCD - SCD + CPR)
    Destination Clock Delay (DCD):    -1.455ns = ( 18.545 - 20.000 ) 
    Source Clock Delay      (SCD):    7.128ns
    Clock Pessimism Removal (CPR):    0.000ns
  Clock Uncertainty:      0.603ns  ((TSJ^2 + TIJ^2 + DJ^2)^1/2) / 2 + PE
    Total System Jitter     (TSJ):    0.071ns
    Total Input Jitter      (TIJ):    1.000ns
    Discrete Jitter          (DJ):    0.142ns
    Phase Error              (PE):    0.097ns
  Clock Domain Crossing:  Inter clock paths are considered valid unless explicitly excluded by timing constraints such as set_clock_groups or set_false_path.

    Location             Delay type                Incr(ns)  Path(ns)    Netlist Resource(s)
  -------------------------------------------------------------------    -------------------
                         (clock tck rise edge)        0.000     0.000 r  
    H15                                               0.000     0.000 r  tck (IN)
                         net (fo=0)                   0.000     0.000    tck
    H15                  IBUF (Prop_ibuf_I_O)         1.500     1.500 r  tck_IBUF_inst/O
                         net (fo=1, routed)           3.659     5.159    tck_IBUF
    BUFGCTRL_X0Y0        BUFG (Prop_bufg_I_O)         0.101     5.260 r  tck_IBUF_BUFG_inst/O
                         net (fo=258, routed)         1.868     7.128    i_dmi_jtag/i_dmi_cdc/i_cdc_req/i_src/CLK
    SLICE_X110Y31        FDCE                                         r  i_dmi_jtag/i_dmi_cdc/i_cdc_req/i_src/data_src_q_reg[data][9]/C
  -------------------------------------------------------------------    -------------------
    SLICE_X110Y31        FDCE (Prop_fdce_C_Q)         0.419     7.547 r  i_dmi_jtag/i_dmi_cdc/i_cdc_req/i_src/data_src_q_reg[data][9]/Q
                         net (fo=1, routed)           0.627     8.174    i_dmi_jtag/i_dmi_cdc/i_cdc_req/i_dst/data_dst_q_reg[data][31]_2[9]
    SLICE_X109Y31        FDCE                                         r  i_dmi_jtag/i_dmi_cdc/i_cdc_req/i_dst/data_dst_q_reg[data][9]/D
  -------------------------------------------------------------------    -------------------

                         (clock clk_out1_xlnx_clk_gen rise edge)
                                                     20.000    20.000 r  
    K17                                               0.000    20.000 r  clk_sys (IN)
                         net (fo=0)                   0.000    20.000    i_xlnx_clk_gen/inst/clk_in1
    K17                  IBUF (Prop_ibuf_I_O)         1.404    21.404 r  i_xlnx_clk_gen/inst/clkin1_ibufg/O
                         net (fo=1, routed)           1.162    22.566    i_xlnx_clk_gen/inst/clk_in1_xlnx_clk_gen
    MMCME2_ADV_X1Y2      MMCME2_ADV (Prop_mmcme2_adv_CLKIN1_CLKOUT0)
                                                     -7.814    14.752 r  i_xlnx_clk_gen/inst/mmcm_adv_inst/CLKOUT0
                         net (fo=1, routed)           2.012    16.764    i_xlnx_clk_gen/inst/clk_out1_xlnx_clk_gen
    BUFGCTRL_X0Y16       BUFG (Prop_bufg_I_O)         0.091    16.855 r  i_xlnx_clk_gen/inst/clkout1_buf/O
                         net (fo=20038, routed)       1.690    18.545    i_dmi_jtag/i_dmi_cdc/i_cdc_req/i_dst/clk_out1
    SLICE_X109Y31        FDCE                                         r  i_dmi_jtag/i_dmi_cdc/i_cdc_req/i_dst/data_dst_q_reg[data][9]/C
                         clock pessimism              0.000    18.545    
                         clock uncertainty           -0.603    17.942    
    SLICE_X109Y31        FDCE (Setup_fdce_C_D)       -0.216    17.726    i_dmi_jtag/i_dmi_cdc/i_cdc_req/i_dst/data_dst_q_reg[data][9]
  -------------------------------------------------------------------
                         required time                         17.726    
                         arrival time                          -8.174    
  -------------------------------------------------------------------
                         slack                                  9.552    





Min Delay Paths
--------------------------------------------------------------------------------------
Slack (MET) :             2.768ns  (arrival time - required time)
  Source:                 i_dmi_jtag/i_dmi_cdc/i_cdc_req/i_src/data_src_q_reg[data][16]/C
                            (rising edge-triggered cell FDCE clocked by tck  {rise@0.000ns fall@50.000ns period=100.000ns})
  Destination:            i_dmi_jtag/i_dmi_cdc/i_cdc_req/i_dst/data_dst_q_reg[data][16]/D
                            (rising edge-triggered cell FDCE clocked by clk_out1_xlnx_clk_gen  {rise@0.000ns fall@10.000ns period=20.000ns})
  Path Group:             clk_out1_xlnx_clk_gen
  Path Type:              Hold (Min at Fast Process Corner)
  Requirement:            0.000ns  (clk_out1_xlnx_clk_gen rise@0.000ns - tck rise@0.000ns)
  Data Path Delay:        0.195ns  (logic 0.141ns (72.269%)  route 0.054ns (27.731%))
  Logic Levels:           0  
  Clock Path Skew:        -3.252ns (DCD - SCD - CPR)
    Destination Clock Delay (DCD):    -0.805ns
    Source Clock Delay      (SCD):    2.447ns
    Clock Pessimism Removal (CPR):    -0.000ns
  Clock Uncertainty:      0.603ns  ((TSJ^2 + TIJ^2 + DJ^2)^1/2) / 2 + PE
    Total System Jitter     (TSJ):    0.071ns
    Total Input Jitter      (TIJ):    1.000ns
    Discrete Jitter          (DJ):    0.142ns
    Phase Error              (PE):    0.097ns
  Clock Domain Crossing:  Inter clock paths are considered valid unless explicitly excluded by timing constraints such as set_clock_groups or set_false_path.

    Location             Delay type                Incr(ns)  Path(ns)    Netlist Resource(s)
  -------------------------------------------------------------------    -------------------
                         (clock tck rise edge)        0.000     0.000 r  
    H15                                               0.000     0.000 r  tck (IN)
                         net (fo=0)                   0.000     0.000    tck
    H15                  IBUF (Prop_ibuf_I_O)         0.268     0.268 r  tck_IBUF_inst/O
                         net (fo=1, routed)           1.516     1.784    tck_IBUF
    BUFGCTRL_X0Y0        BUFG (Prop_bufg_I_O)         0.026     1.810 r  tck_IBUF_BUFG_inst/O
                         net (fo=258, routed)         0.637     2.447    i_dmi_jtag/i_dmi_cdc/i_cdc_req/i_src/CLK
    SLICE_X109Y38        FDCE                                         r  i_dmi_jtag/i_dmi_cdc/i_cdc_req/i_src/data_src_q_reg[data][16]/C
  -------------------------------------------------------------------    -------------------
    SLICE_X109Y38        FDCE (Prop_fdce_C_Q)         0.141     2.588 r  i_dmi_jtag/i_dmi_cdc/i_cdc_req/i_src/data_src_q_reg[data][16]/Q
                         net (fo=1, routed)           0.054     2.642    i_dmi_jtag/i_dmi_cdc/i_cdc_req/i_dst/data_dst_q_reg[data][31]_2[16]
    SLICE_X108Y38        FDCE                                         r  i_dmi_jtag/i_dmi_cdc/i_cdc_req/i_dst/data_dst_q_reg[data][16]/D
  -------------------------------------------------------------------    -------------------

                         (clock clk_out1_xlnx_clk_gen rise edge)
                                                      0.000     0.000 r  
    K17                                               0.000     0.000 r  clk_sys (IN)
                         net (fo=0)                   0.000     0.000    i_xlnx_clk_gen/inst/clk_in1
    K17                  IBUF (Prop_ibuf_I_O)         0.431     0.431 r  i_xlnx_clk_gen/inst/clkin1_ibufg/O
                         net (fo=1, routed)           0.480     0.911    i_xlnx_clk_gen/inst/clk_in1_xlnx_clk_gen
    MMCME2_ADV_X1Y2      MMCME2_ADV (Prop_mmcme2_adv_CLKIN1_CLKOUT0)
                                                     -3.407    -2.496 r  i_xlnx_clk_gen/inst/mmcm_adv_inst/CLKOUT0
                         net (fo=1, routed)           0.752    -1.744    i_xlnx_clk_gen/inst/clk_out1_xlnx_clk_gen
    BUFGCTRL_X0Y16       BUFG (Prop_bufg_I_O)         0.029    -1.715 r  i_xlnx_clk_gen/inst/clkout1_buf/O
                         net (fo=20038, routed)       0.910    -0.805    i_dmi_jtag/i_dmi_cdc/i_cdc_req/i_dst/clk_out1
    SLICE_X108Y38        FDCE                                         r  i_dmi_jtag/i_dmi_cdc/i_cdc_req/i_dst/data_dst_q_reg[data][16]/C
                         clock pessimism              0.000    -0.805    
                         clock uncertainty            0.603    -0.202    
    SLICE_X108Y38        FDCE (Hold_fdce_C_D)         0.076    -0.126    i_dmi_jtag/i_dmi_cdc/i_cdc_req/i_dst/data_dst_q_reg[data][16]
  -------------------------------------------------------------------
                         required time                          0.126    
                         arrival time                           2.642    
  -------------------------------------------------------------------
                         slack                                  2.768    

Slack (MET) :             2.792ns  (arrival time - required time)
  Source:                 i_dmi_jtag/i_dmi_cdc/i_cdc_req/i_src/data_src_q_reg[addr][4]/C
                            (rising edge-triggered cell FDCE clocked by tck  {rise@0.000ns fall@50.000ns period=100.000ns})
  Destination:            i_dmi_jtag/i_dmi_cdc/i_cdc_req/i_dst/data_dst_q_reg[addr][4]/D
                            (rising edge-triggered cell FDCE clocked by clk_out1_xlnx_clk_gen  {rise@0.000ns fall@10.000ns period=20.000ns})
  Path Group:             clk_out1_xlnx_clk_gen
  Path Type:              Hold (Min at Fast Process Corner)
  Requirement:            0.000ns  (clk_out1_xlnx_clk_gen rise@0.000ns - tck rise@0.000ns)
  Data Path Delay:        0.228ns  (logic 0.141ns (61.814%)  route 0.087ns (38.186%))
  Logic Levels:           0  
  Clock Path Skew:        -3.252ns (DCD - SCD - CPR)
    Destination Clock Delay (DCD):    -0.805ns
    Source Clock Delay      (SCD):    2.447ns
    Clock Pessimism Removal (CPR):    -0.000ns
  Clock Uncertainty:      0.603ns  ((TSJ^2 + TIJ^2 + DJ^2)^1/2) / 2 + PE
    Total System Jitter     (TSJ):    0.071ns
    Total Input Jitter      (TIJ):    1.000ns
    Discrete Jitter          (DJ):    0.142ns
    Phase Error              (PE):    0.097ns
  Clock Domain Crossing:  Inter clock paths are considered valid unless explicitly excluded by timing constraints such as set_clock_groups or set_false_path.

    Location             Delay type                Incr(ns)  Path(ns)    Netlist Resource(s)
  -------------------------------------------------------------------    -------------------
                         (clock tck rise edge)        0.000     0.000 r  
    H15                                               0.000     0.000 r  tck (IN)
                         net (fo=0)                   0.000     0.000    tck
    H15                  IBUF (Prop_ibuf_I_O)         0.268     0.268 r  tck_IBUF_inst/O
                         net (fo=1, routed)           1.516     1.784    tck_IBUF
    BUFGCTRL_X0Y0        BUFG (Prop_bufg_I_O)         0.026     1.810 r  tck_IBUF_BUFG_inst/O
                         net (fo=258, routed)         0.637     2.447    i_dmi_jtag/i_dmi_cdc/i_cdc_req/i_src/CLK
    SLICE_X109Y38        FDCE                                         r  i_dmi_jtag/i_dmi_cdc/i_cdc_req/i_src/data_src_q_reg[addr][4]/C
  -------------------------------------------------------------------    -------------------
    SLICE_X109Y38        FDCE (Prop_fdce_C_Q)         0.141     2.588 r  i_dmi_jtag/i_dmi_cdc/i_cdc_req/i_src/data_src_q_reg[addr][4]/Q
                         net (fo=1, routed)           0.087     2.675    i_dmi_jtag/i_dmi_cdc/i_cdc_req/i_dst/data_dst_q_reg[addr][6]_1[4]
    SLICE_X108Y38        FDCE                                         r  i_dmi_jtag/i_dmi_cdc/i_cdc_req/i_dst/data_dst_q_reg[addr][4]/D
  -------------------------------------------------------------------    -------------------

                         (clock clk_out1_xlnx_clk_gen rise edge)
                                                      0.000     0.000 r  
    K17                                               0.000     0.000 r  clk_sys (IN)
                         net (fo=0)                   0.000     0.000    i_xlnx_clk_gen/inst/clk_in1
    K17                  IBUF (Prop_ibuf_I_O)         0.431     0.431 r  i_xlnx_clk_gen/inst/clkin1_ibufg/O
                         net (fo=1, routed)           0.480     0.911    i_xlnx_clk_gen/inst/clk_in1_xlnx_clk_gen
    MMCME2_ADV_X1Y2      MMCME2_ADV (Prop_mmcme2_adv_CLKIN1_CLKOUT0)
                                                     -3.407    -2.496 r  i_xlnx_clk_gen/inst/mmcm_adv_inst/CLKOUT0
                         net (fo=1, routed)           0.752    -1.744    i_xlnx_clk_gen/inst/clk_out1_xlnx_clk_gen
    BUFGCTRL_X0Y16       BUFG (Prop_bufg_I_O)         0.029    -1.715 r  i_xlnx_clk_gen/inst/clkout1_buf/O
                         net (fo=20038, routed)       0.910    -0.805    i_dmi_jtag/i_dmi_cdc/i_cdc_req/i_dst/clk_out1
    SLICE_X108Y38        FDCE                                         r  i_dmi_jtag/i_dmi_cdc/i_cdc_req/i_dst/data_dst_q_reg[addr][4]/C
                         clock pessimism              0.000    -0.805    
                         clock uncertainty            0.603    -0.202    
    SLICE_X108Y38        FDCE (Hold_fdce_C_D)         0.085    -0.117    i_dmi_jtag/i_dmi_cdc/i_cdc_req/i_dst/data_dst_q_reg[addr][4]
  -------------------------------------------------------------------
                         required time                          0.117    
                         arrival time                           2.675    
  -------------------------------------------------------------------
                         slack                                  2.792    

Slack (MET) :             2.801ns  (arrival time - required time)
  Source:                 i_dmi_jtag/i_dmi_cdc/i_cdc_req/i_src/data_src_q_reg[data][23]/C
                            (rising edge-triggered cell FDCE clocked by tck  {rise@0.000ns fall@50.000ns period=100.000ns})
  Destination:            i_dmi_jtag/i_dmi_cdc/i_cdc_req/i_dst/data_dst_q_reg[data][23]/D
                            (rising edge-triggered cell FDCE clocked by clk_out1_xlnx_clk_gen  {rise@0.000ns fall@10.000ns period=20.000ns})
  Path Group:             clk_out1_xlnx_clk_gen
  Path Type:              Hold (Min at Fast Process Corner)
  Requirement:            0.000ns  (clk_out1_xlnx_clk_gen rise@0.000ns - tck rise@0.000ns)
  Data Path Delay:        0.198ns  (logic 0.141ns (71.038%)  route 0.057ns (28.962%))
  Logic Levels:           0  
  Clock Path Skew:        -3.252ns (DCD - SCD - CPR)
    Destination Clock Delay (DCD):    -0.804ns
    Source Clock Delay      (SCD):    2.448ns
    Clock Pessimism Removal (CPR):    -0.000ns
  Clock Uncertainty:      0.603ns  ((TSJ^2 + TIJ^2 + DJ^2)^1/2) / 2 + PE
    Total System Jitter     (TSJ):    0.071ns
    Total Input Jitter      (TIJ):    1.000ns
    Discrete Jitter          (DJ):    0.142ns
    Phase Error              (PE):    0.097ns
  Clock Domain Crossing:  Inter clock paths are considered valid unless explicitly excluded by timing constraints such as set_clock_groups or set_false_path.

    Location             Delay type                Incr(ns)  Path(ns)    Netlist Resource(s)
  -------------------------------------------------------------------    -------------------
                         (clock tck rise edge)        0.000     0.000 r  
    H15                                               0.000     0.000 r  tck (IN)
                         net (fo=0)                   0.000     0.000    tck
    H15                  IBUF (Prop_ibuf_I_O)         0.268     0.268 r  tck_IBUF_inst/O
                         net (fo=1, routed)           1.516     1.784    tck_IBUF
    BUFGCTRL_X0Y0        BUFG (Prop_bufg_I_O)         0.026     1.810 r  tck_IBUF_BUFG_inst/O
                         net (fo=258, routed)         0.638     2.448    i_dmi_jtag/i_dmi_cdc/i_cdc_req/i_src/CLK
    SLICE_X107Y40        FDCE                                         r  i_dmi_jtag/i_dmi_cdc/i_cdc_req/i_src/data_src_q_reg[data][23]/C
  -------------------------------------------------------------------    -------------------
    SLICE_X107Y40        FDCE (Prop_fdce_C_Q)         0.141     2.589 r  i_dmi_jtag/i_dmi_cdc/i_cdc_req/i_src/data_src_q_reg[data][23]/Q
                         net (fo=1, routed)           0.057     2.646    i_dmi_jtag/i_dmi_cdc/i_cdc_req/i_dst/data_dst_q_reg[data][31]_2[23]
    SLICE_X106Y40        FDCE                                         r  i_dmi_jtag/i_dmi_cdc/i_cdc_req/i_dst/data_dst_q_reg[data][23]/D
  -------------------------------------------------------------------    -------------------

                         (clock clk_out1_xlnx_clk_gen rise edge)
                                                      0.000     0.000 r  
    K17                                               0.000     0.000 r  clk_sys (IN)
                         net (fo=0)                   0.000     0.000    i_xlnx_clk_gen/inst/clk_in1
    K17                  IBUF (Prop_ibuf_I_O)         0.431     0.431 r  i_xlnx_clk_gen/inst/clkin1_ibufg/O
                         net (fo=1, routed)           0.480     0.911    i_xlnx_clk_gen/inst/clk_in1_xlnx_clk_gen
    MMCME2_ADV_X1Y2      MMCME2_ADV (Prop_mmcme2_adv_CLKIN1_CLKOUT0)
                                                     -3.407    -2.496 r  i_xlnx_clk_gen/inst/mmcm_adv_inst/CLKOUT0
                         net (fo=1, routed)           0.752    -1.744    i_xlnx_clk_gen/inst/clk_out1_xlnx_clk_gen
    BUFGCTRL_X0Y16       BUFG (Prop_bufg_I_O)         0.029    -1.715 r  i_xlnx_clk_gen/inst/clkout1_buf/O
                         net (fo=20038, routed)       0.911    -0.804    i_dmi_jtag/i_dmi_cdc/i_cdc_req/i_dst/clk_out1
    SLICE_X106Y40        FDCE                                         r  i_dmi_jtag/i_dmi_cdc/i_cdc_req/i_dst/data_dst_q_reg[data][23]/C
                         clock pessimism              0.000    -0.804    
                         clock uncertainty            0.603    -0.201    
    SLICE_X106Y40        FDCE (Hold_fdce_C_D)         0.047    -0.154    i_dmi_jtag/i_dmi_cdc/i_cdc_req/i_dst/data_dst_q_reg[data][23]
  -------------------------------------------------------------------
                         required time                          0.154    
                         arrival time                           2.646    
  -------------------------------------------------------------------
                         slack                                  2.801    

Slack (MET) :             2.816ns  (arrival time - required time)
  Source:                 i_dmi_jtag/i_dmi_cdc/i_cdc_req/i_src/data_src_q_reg[data][11]/C
                            (rising edge-triggered cell FDCE clocked by tck  {rise@0.000ns fall@50.000ns period=100.000ns})
  Destination:            i_dmi_jtag/i_dmi_cdc/i_cdc_req/i_dst/data_dst_q_reg[data][11]/D
                            (rising edge-triggered cell FDCE clocked by clk_out1_xlnx_clk_gen  {rise@0.000ns fall@10.000ns period=20.000ns})
  Path Group:             clk_out1_xlnx_clk_gen
  Path Type:              Hold (Min at Fast Process Corner)
  Requirement:            0.000ns  (clk_out1_xlnx_clk_gen rise@0.000ns - tck rise@0.000ns)
  Data Path Delay:        0.241ns  (logic 0.141ns (58.464%)  route 0.100ns (41.536%))
  Logic Levels:           0  
  Clock Path Skew:        -3.254ns (DCD - SCD - CPR)
    Destination Clock Delay (DCD):    -0.810ns
    Source Clock Delay      (SCD):    2.444ns
    Clock Pessimism Removal (CPR):    -0.000ns
  Clock Uncertainty:      0.603ns  ((TSJ^2 + TIJ^2 + DJ^2)^1/2) / 2 + PE
    Total System Jitter     (TSJ):    0.071ns
    Total Input Jitter      (TIJ):    1.000ns
    Discrete Jitter          (DJ):    0.142ns
    Phase Error              (PE):    0.097ns
  Clock Domain Crossing:  Inter clock paths are considered valid unless explicitly excluded by timing constraints such as set_clock_groups or set_false_path.

    Location             Delay type                Incr(ns)  Path(ns)    Netlist Resource(s)
  -------------------------------------------------------------------    -------------------
                         (clock tck rise edge)        0.000     0.000 r  
    H15                                               0.000     0.000 r  tck (IN)
                         net (fo=0)                   0.000     0.000    tck
    H15                  IBUF (Prop_ibuf_I_O)         0.268     0.268 r  tck_IBUF_inst/O
                         net (fo=1, routed)           1.516     1.784    tck_IBUF
    BUFGCTRL_X0Y0        BUFG (Prop_bufg_I_O)         0.026     1.810 r  tck_IBUF_BUFG_inst/O
                         net (fo=258, routed)         0.634     2.444    i_dmi_jtag/i_dmi_cdc/i_cdc_req/i_src/CLK
    SLICE_X107Y33        FDCE                                         r  i_dmi_jtag/i_dmi_cdc/i_cdc_req/i_src/data_src_q_reg[data][11]/C
  -------------------------------------------------------------------    -------------------
    SLICE_X107Y33        FDCE (Prop_fdce_C_Q)         0.141     2.585 r  i_dmi_jtag/i_dmi_cdc/i_cdc_req/i_src/data_src_q_reg[data][11]/Q
                         net (fo=1, routed)           0.100     2.685    i_dmi_jtag/i_dmi_cdc/i_cdc_req/i_dst/data_dst_q_reg[data][31]_2[11]
    SLICE_X108Y33        FDCE                                         r  i_dmi_jtag/i_dmi_cdc/i_cdc_req/i_dst/data_dst_q_reg[data][11]/D
  -------------------------------------------------------------------    -------------------

                         (clock clk_out1_xlnx_clk_gen rise edge)
                                                      0.000     0.000 r  
    K17                                               0.000     0.000 r  clk_sys (IN)
                         net (fo=0)                   0.000     0.000    i_xlnx_clk_gen/inst/clk_in1
    K17                  IBUF (Prop_ibuf_I_O)         0.431     0.431 r  i_xlnx_clk_gen/inst/clkin1_ibufg/O
                         net (fo=1, routed)           0.480     0.911    i_xlnx_clk_gen/inst/clk_in1_xlnx_clk_gen
    MMCME2_ADV_X1Y2      MMCME2_ADV (Prop_mmcme2_adv_CLKIN1_CLKOUT0)
                                                     -3.407    -2.496 r  i_xlnx_clk_gen/inst/mmcm_adv_inst/CLKOUT0
                         net (fo=1, routed)           0.752    -1.744    i_xlnx_clk_gen/inst/clk_out1_xlnx_clk_gen
    BUFGCTRL_X0Y16       BUFG (Prop_bufg_I_O)         0.029    -1.715 r  i_xlnx_clk_gen/inst/clkout1_buf/O
                         net (fo=20038, routed)       0.905    -0.810    i_dmi_jtag/i_dmi_cdc/i_cdc_req/i_dst/clk_out1
    SLICE_X108Y33        FDCE                                         r  i_dmi_jtag/i_dmi_cdc/i_cdc_req/i_dst/data_dst_q_reg[data][11]/C
                         clock pessimism              0.000    -0.810    
                         clock uncertainty            0.603    -0.207    
    SLICE_X108Y33        FDCE (Hold_fdce_C_D)         0.076    -0.131    i_dmi_jtag/i_dmi_cdc/i_cdc_req/i_dst/data_dst_q_reg[data][11]
  -------------------------------------------------------------------
                         required time                          0.131    
                         arrival time                           2.685    
  -------------------------------------------------------------------
                         slack                                  2.816    

Slack (MET) :             2.830ns  (arrival time - required time)
  Source:                 i_dmi_jtag/i_dmi_cdc/i_cdc_req/i_src/data_src_q_reg[data][2]/C
                            (rising edge-triggered cell FDCE clocked by tck  {rise@0.000ns fall@50.000ns period=100.000ns})
  Destination:            i_dmi_jtag/i_dmi_cdc/i_cdc_req/i_dst/data_dst_q_reg[data][2]/D
                            (rising edge-triggered cell FDCE clocked by clk_out1_xlnx_clk_gen  {rise@0.000ns fall@10.000ns period=20.000ns})
  Path Group:             clk_out1_xlnx_clk_gen
  Path Type:              Hold (Min at Fast Process Corner)
  Requirement:            0.000ns  (clk_out1_xlnx_clk_gen rise@0.000ns - tck rise@0.000ns)
  Data Path Delay:        0.243ns  (logic 0.141ns (58.024%)  route 0.102ns (41.976%))
  Logic Levels:           0  
  Clock Path Skew:        -3.254ns (DCD - SCD - CPR)
    Destination Clock Delay (DCD):    -0.810ns
    Source Clock Delay      (SCD):    2.444ns
    Clock Pessimism Removal (CPR):    -0.000ns
  Clock Uncertainty:      0.603ns  ((TSJ^2 + TIJ^2 + DJ^2)^1/2) / 2 + PE
    Total System Jitter     (TSJ):    0.071ns
    Total Input Jitter      (TIJ):    1.000ns
    Discrete Jitter          (DJ):    0.142ns
    Phase Error              (PE):    0.097ns
  Clock Domain Crossing:  Inter clock paths are considered valid unless explicitly excluded by timing constraints such as set_clock_groups or set_false_path.

    Location             Delay type                Incr(ns)  Path(ns)    Netlist Resource(s)
  -------------------------------------------------------------------    -------------------
                         (clock tck rise edge)        0.000     0.000 r  
    H15                                               0.000     0.000 r  tck (IN)
                         net (fo=0)                   0.000     0.000    tck
    H15                  IBUF (Prop_ibuf_I_O)         0.268     0.268 r  tck_IBUF_inst/O
                         net (fo=1, routed)           1.516     1.784    tck_IBUF
    BUFGCTRL_X0Y0        BUFG (Prop_bufg_I_O)         0.026     1.810 r  tck_IBUF_BUFG_inst/O
                         net (fo=258, routed)         0.634     2.444    i_dmi_jtag/i_dmi_cdc/i_cdc_req/i_src/CLK
    SLICE_X107Y33        FDCE                                         r  i_dmi_jtag/i_dmi_cdc/i_cdc_req/i_src/data_src_q_reg[data][2]/C
  -------------------------------------------------------------------    -------------------
    SLICE_X107Y33        FDCE (Prop_fdce_C_Q)         0.141     2.585 r  i_dmi_jtag/i_dmi_cdc/i_cdc_req/i_src/data_src_q_reg[data][2]/Q
                         net (fo=1, routed)           0.102     2.687    i_dmi_jtag/i_dmi_cdc/i_cdc_req/i_dst/data_dst_q_reg[data][31]_2[2]
    SLICE_X108Y33        FDCE                                         r  i_dmi_jtag/i_dmi_cdc/i_cdc_req/i_dst/data_dst_q_reg[data][2]/D
  -------------------------------------------------------------------    -------------------

                         (clock clk_out1_xlnx_clk_gen rise edge)
                                                      0.000     0.000 r  
    K17                                               0.000     0.000 r  clk_sys (IN)
                         net (fo=0)                   0.000     0.000    i_xlnx_clk_gen/inst/clk_in1
    K17                  IBUF (Prop_ibuf_I_O)         0.431     0.431 r  i_xlnx_clk_gen/inst/clkin1_ibufg/O
                         net (fo=1, routed)           0.480     0.911    i_xlnx_clk_gen/inst/clk_in1_xlnx_clk_gen
    MMCME2_ADV_X1Y2      MMCME2_ADV (Prop_mmcme2_adv_CLKIN1_CLKOUT0)
                                                     -3.407    -2.496 r  i_xlnx_clk_gen/inst/mmcm_adv_inst/CLKOUT0
                         net (fo=1, routed)           0.752    -1.744    i_xlnx_clk_gen/inst/clk_out1_xlnx_clk_gen
    BUFGCTRL_X0Y16       BUFG (Prop_bufg_I_O)         0.029    -1.715 r  i_xlnx_clk_gen/inst/clkout1_buf/O
                         net (fo=20038, routed)       0.905    -0.810    i_dmi_jtag/i_dmi_cdc/i_cdc_req/i_dst/clk_out1
    SLICE_X108Y33        FDCE                                         r  i_dmi_jtag/i_dmi_cdc/i_cdc_req/i_dst/data_dst_q_reg[data][2]/C
                         clock pessimism              0.000    -0.810    
                         clock uncertainty            0.603    -0.207    
    SLICE_X108Y33        FDCE (Hold_fdce_C_D)         0.064    -0.143    i_dmi_jtag/i_dmi_cdc/i_cdc_req/i_dst/data_dst_q_reg[data][2]
  -------------------------------------------------------------------
                         required time                          0.143    
                         arrival time                           2.687    
  -------------------------------------------------------------------
                         slack                                  2.830    

Slack (MET) :             2.830ns  (arrival time - required time)
  Source:                 i_dmi_jtag/i_dmi_cdc/i_cdc_req/i_src/data_src_q_reg[data][8]/C
                            (rising edge-triggered cell FDCE clocked by tck  {rise@0.000ns fall@50.000ns period=100.000ns})
  Destination:            i_dmi_jtag/i_dmi_cdc/i_cdc_req/i_dst/data_dst_q_reg[data][8]/D
                            (rising edge-triggered cell FDCE clocked by clk_out1_xlnx_clk_gen  {rise@0.000ns fall@10.000ns period=20.000ns})
  Path Group:             clk_out1_xlnx_clk_gen
  Path Type:              Hold (Min at Fast Process Corner)
  Requirement:            0.000ns  (clk_out1_xlnx_clk_gen rise@0.000ns - tck rise@0.000ns)
  Data Path Delay:        0.243ns  (logic 0.141ns (58.024%)  route 0.102ns (41.976%))
  Logic Levels:           0  
  Clock Path Skew:        -3.254ns (DCD - SCD - CPR)
    Destination Clock Delay (DCD):    -0.810ns
    Source Clock Delay      (SCD):    2.444ns
    Clock Pessimism Removal (CPR):    -0.000ns
  Clock Uncertainty:      0.603ns  ((TSJ^2 + TIJ^2 + DJ^2)^1/2) / 2 + PE
    Total System Jitter     (TSJ):    0.071ns
    Total Input Jitter      (TIJ):    1.000ns
    Discrete Jitter          (DJ):    0.142ns
    Phase Error              (PE):    0.097ns
  Clock Domain Crossing:  Inter clock paths are considered valid unless explicitly excluded by timing constraints such as set_clock_groups or set_false_path.

    Location             Delay type                Incr(ns)  Path(ns)    Netlist Resource(s)
  -------------------------------------------------------------------    -------------------
                         (clock tck rise edge)        0.000     0.000 r  
    H15                                               0.000     0.000 r  tck (IN)
                         net (fo=0)                   0.000     0.000    tck
    H15                  IBUF (Prop_ibuf_I_O)         0.268     0.268 r  tck_IBUF_inst/O
                         net (fo=1, routed)           1.516     1.784    tck_IBUF
    BUFGCTRL_X0Y0        BUFG (Prop_bufg_I_O)         0.026     1.810 r  tck_IBUF_BUFG_inst/O
                         net (fo=258, routed)         0.634     2.444    i_dmi_jtag/i_dmi_cdc/i_cdc_req/i_src/CLK
    SLICE_X107Y33        FDCE                                         r  i_dmi_jtag/i_dmi_cdc/i_cdc_req/i_src/data_src_q_reg[data][8]/C
  -------------------------------------------------------------------    -------------------
    SLICE_X107Y33        FDCE (Prop_fdce_C_Q)         0.141     2.585 r  i_dmi_jtag/i_dmi_cdc/i_cdc_req/i_src/data_src_q_reg[data][8]/Q
                         net (fo=1, routed)           0.102     2.687    i_dmi_jtag/i_dmi_cdc/i_cdc_req/i_dst/data_dst_q_reg[data][31]_2[8]
    SLICE_X108Y33        FDCE                                         r  i_dmi_jtag/i_dmi_cdc/i_cdc_req/i_dst/data_dst_q_reg[data][8]/D
  -------------------------------------------------------------------    -------------------

                         (clock clk_out1_xlnx_clk_gen rise edge)
                                                      0.000     0.000 r  
    K17                                               0.000     0.000 r  clk_sys (IN)
                         net (fo=0)                   0.000     0.000    i_xlnx_clk_gen/inst/clk_in1
    K17                  IBUF (Prop_ibuf_I_O)         0.431     0.431 r  i_xlnx_clk_gen/inst/clkin1_ibufg/O
                         net (fo=1, routed)           0.480     0.911    i_xlnx_clk_gen/inst/clk_in1_xlnx_clk_gen
    MMCME2_ADV_X1Y2      MMCME2_ADV (Prop_mmcme2_adv_CLKIN1_CLKOUT0)
                                                     -3.407    -2.496 r  i_xlnx_clk_gen/inst/mmcm_adv_inst/CLKOUT0
                         net (fo=1, routed)           0.752    -1.744    i_xlnx_clk_gen/inst/clk_out1_xlnx_clk_gen
    BUFGCTRL_X0Y16       BUFG (Prop_bufg_I_O)         0.029    -1.715 r  i_xlnx_clk_gen/inst/clkout1_buf/O
                         net (fo=20038, routed)       0.905    -0.810    i_dmi_jtag/i_dmi_cdc/i_cdc_req/i_dst/clk_out1
    SLICE_X108Y33        FDCE                                         r  i_dmi_jtag/i_dmi_cdc/i_cdc_req/i_dst/data_dst_q_reg[data][8]/C
                         clock pessimism              0.000    -0.810    
                         clock uncertainty            0.603    -0.207    
    SLICE_X108Y33        FDCE (Hold_fdce_C_D)         0.064    -0.143    i_dmi_jtag/i_dmi_cdc/i_cdc_req/i_dst/data_dst_q_reg[data][8]
  -------------------------------------------------------------------
                         required time                          0.143    
                         arrival time                           2.687    
  -------------------------------------------------------------------
                         slack                                  2.830    

Slack (MET) :             2.831ns  (arrival time - required time)
  Source:                 i_dmi_jtag/i_dmi_cdc/i_cdc_req/i_src/data_src_q_reg[data][12]/C
                            (rising edge-triggered cell FDCE clocked by tck  {rise@0.000ns fall@50.000ns period=100.000ns})
  Destination:            i_dmi_jtag/i_dmi_cdc/i_cdc_req/i_dst/data_dst_q_reg[data][12]/D
                            (rising edge-triggered cell FDCE clocked by clk_out1_xlnx_clk_gen  {rise@0.000ns fall@10.000ns period=20.000ns})
  Path Group:             clk_out1_xlnx_clk_gen
  Path Type:              Hold (Min at Fast Process Corner)
  Requirement:            0.000ns  (clk_out1_xlnx_clk_gen rise@0.000ns - tck rise@0.000ns)
  Data Path Delay:        0.255ns  (logic 0.141ns (55.205%)  route 0.114ns (44.795%))
  Logic Levels:           0  
  Clock Path Skew:        -3.255ns (DCD - SCD - CPR)
    Destination Clock Delay (DCD):    -0.810ns
    Source Clock Delay      (SCD):    2.445ns
    Clock Pessimism Removal (CPR):    -0.000ns
  Clock Uncertainty:      0.603ns  ((TSJ^2 + TIJ^2 + DJ^2)^1/2) / 2 + PE
    Total System Jitter     (TSJ):    0.071ns
    Total Input Jitter      (TIJ):    1.000ns
    Discrete Jitter          (DJ):    0.142ns
    Phase Error              (PE):    0.097ns
  Clock Domain Crossing:  Inter clock paths are considered valid unless explicitly excluded by timing constraints such as set_clock_groups or set_false_path.

    Location             Delay type                Incr(ns)  Path(ns)    Netlist Resource(s)
  -------------------------------------------------------------------    -------------------
                         (clock tck rise edge)        0.000     0.000 r  
    H15                                               0.000     0.000 r  tck (IN)
                         net (fo=0)                   0.000     0.000    tck
    H15                  IBUF (Prop_ibuf_I_O)         0.268     0.268 r  tck_IBUF_inst/O
                         net (fo=1, routed)           1.516     1.784    tck_IBUF
    BUFGCTRL_X0Y0        BUFG (Prop_bufg_I_O)         0.026     1.810 r  tck_IBUF_BUFG_inst/O
                         net (fo=258, routed)         0.635     2.445    i_dmi_jtag/i_dmi_cdc/i_cdc_req/i_src/CLK
    SLICE_X109Y35        FDCE                                         r  i_dmi_jtag/i_dmi_cdc/i_cdc_req/i_src/data_src_q_reg[data][12]/C
  -------------------------------------------------------------------    -------------------
    SLICE_X109Y35        FDCE (Prop_fdce_C_Q)         0.141     2.586 r  i_dmi_jtag/i_dmi_cdc/i_cdc_req/i_src/data_src_q_reg[data][12]/Q
                         net (fo=1, routed)           0.114     2.700    i_dmi_jtag/i_dmi_cdc/i_cdc_req/i_dst/data_dst_q_reg[data][31]_2[12]
    SLICE_X108Y33        FDCE                                         r  i_dmi_jtag/i_dmi_cdc/i_cdc_req/i_dst/data_dst_q_reg[data][12]/D
  -------------------------------------------------------------------    -------------------

                         (clock clk_out1_xlnx_clk_gen rise edge)
                                                      0.000     0.000 r  
    K17                                               0.000     0.000 r  clk_sys (IN)
                         net (fo=0)                   0.000     0.000    i_xlnx_clk_gen/inst/clk_in1
    K17                  IBUF (Prop_ibuf_I_O)         0.431     0.431 r  i_xlnx_clk_gen/inst/clkin1_ibufg/O
                         net (fo=1, routed)           0.480     0.911    i_xlnx_clk_gen/inst/clk_in1_xlnx_clk_gen
    MMCME2_ADV_X1Y2      MMCME2_ADV (Prop_mmcme2_adv_CLKIN1_CLKOUT0)
                                                     -3.407    -2.496 r  i_xlnx_clk_gen/inst/mmcm_adv_inst/CLKOUT0
                         net (fo=1, routed)           0.752    -1.744    i_xlnx_clk_gen/inst/clk_out1_xlnx_clk_gen
    BUFGCTRL_X0Y16       BUFG (Prop_bufg_I_O)         0.029    -1.715 r  i_xlnx_clk_gen/inst/clkout1_buf/O
                         net (fo=20038, routed)       0.905    -0.810    i_dmi_jtag/i_dmi_cdc/i_cdc_req/i_dst/clk_out1
    SLICE_X108Y33        FDCE                                         r  i_dmi_jtag/i_dmi_cdc/i_cdc_req/i_dst/data_dst_q_reg[data][12]/C
                         clock pessimism              0.000    -0.810    
                         clock uncertainty            0.603    -0.207    
    SLICE_X108Y33        FDCE (Hold_fdce_C_D)         0.076    -0.131    i_dmi_jtag/i_dmi_cdc/i_cdc_req/i_dst/data_dst_q_reg[data][12]
  -------------------------------------------------------------------
                         required time                          0.131    
                         arrival time                           2.700    
  -------------------------------------------------------------------
                         slack                                  2.831    

Slack (MET) :             2.840ns  (arrival time - required time)
  Source:                 i_dmi_jtag/i_dmi_cdc/i_cdc_req/i_src/data_src_q_reg[data][5]/C
                            (rising edge-triggered cell FDCE clocked by tck  {rise@0.000ns fall@50.000ns period=100.000ns})
  Destination:            i_dmi_jtag/i_dmi_cdc/i_cdc_req/i_dst/data_dst_q_reg[data][5]/D
                            (rising edge-triggered cell FDCE clocked by clk_out1_xlnx_clk_gen  {rise@0.000ns fall@10.000ns period=20.000ns})
  Path Group:             clk_out1_xlnx_clk_gen
  Path Type:              Hold (Min at Fast Process Corner)
  Requirement:            0.000ns  (clk_out1_xlnx_clk_gen rise@0.000ns - tck rise@0.000ns)
  Data Path Delay:        0.260ns  (logic 0.141ns (54.189%)  route 0.119ns (45.811%))
  Logic Levels:           0  
  Clock Path Skew:        -3.255ns (DCD - SCD - CPR)
    Destination Clock Delay (DCD):    -0.812ns
    Source Clock Delay      (SCD):    2.443ns
    Clock Pessimism Removal (CPR):    -0.000ns
  Clock Uncertainty:      0.603ns  ((TSJ^2 + TIJ^2 + DJ^2)^1/2) / 2 + PE
    Total System Jitter     (TSJ):    0.071ns
    Total Input Jitter      (TIJ):    1.000ns
    Discrete Jitter          (DJ):    0.142ns
    Phase Error              (PE):    0.097ns
  Clock Domain Crossing:  Inter clock paths are considered valid unless explicitly excluded by timing constraints such as set_clock_groups or set_false_path.

    Location             Delay type                Incr(ns)  Path(ns)    Netlist Resource(s)
  -------------------------------------------------------------------    -------------------
                         (clock tck rise edge)        0.000     0.000 r  
    H15                                               0.000     0.000 r  tck (IN)
                         net (fo=0)                   0.000     0.000    tck
    H15                  IBUF (Prop_ibuf_I_O)         0.268     0.268 r  tck_IBUF_inst/O
                         net (fo=1, routed)           1.516     1.784    tck_IBUF
    BUFGCTRL_X0Y0        BUFG (Prop_bufg_I_O)         0.026     1.810 r  tck_IBUF_BUFG_inst/O
                         net (fo=258, routed)         0.633     2.443    i_dmi_jtag/i_dmi_cdc/i_cdc_req/i_src/CLK
    SLICE_X110Y31        FDCE                                         r  i_dmi_jtag/i_dmi_cdc/i_cdc_req/i_src/data_src_q_reg[data][5]/C
  -------------------------------------------------------------------    -------------------
    SLICE_X110Y31        FDCE (Prop_fdce_C_Q)         0.141     2.584 r  i_dmi_jtag/i_dmi_cdc/i_cdc_req/i_src/data_src_q_reg[data][5]/Q
                         net (fo=1, routed)           0.119     2.703    i_dmi_jtag/i_dmi_cdc/i_cdc_req/i_dst/data_dst_q_reg[data][31]_2[5]
    SLICE_X109Y31        FDCE                                         r  i_dmi_jtag/i_dmi_cdc/i_cdc_req/i_dst/data_dst_q_reg[data][5]/D
  -------------------------------------------------------------------    -------------------

                         (clock clk_out1_xlnx_clk_gen rise edge)
                                                      0.000     0.000 r  
    K17                                               0.000     0.000 r  clk_sys (IN)
                         net (fo=0)                   0.000     0.000    i_xlnx_clk_gen/inst/clk_in1
    K17                  IBUF (Prop_ibuf_I_O)         0.431     0.431 r  i_xlnx_clk_gen/inst/clkin1_ibufg/O
                         net (fo=1, routed)           0.480     0.911    i_xlnx_clk_gen/inst/clk_in1_xlnx_clk_gen
    MMCME2_ADV_X1Y2      MMCME2_ADV (Prop_mmcme2_adv_CLKIN1_CLKOUT0)
                                                     -3.407    -2.496 r  i_xlnx_clk_gen/inst/mmcm_adv_inst/CLKOUT0
                         net (fo=1, routed)           0.752    -1.744    i_xlnx_clk_gen/inst/clk_out1_xlnx_clk_gen
    BUFGCTRL_X0Y16       BUFG (Prop_bufg_I_O)         0.029    -1.715 r  i_xlnx_clk_gen/inst/clkout1_buf/O
                         net (fo=20038, routed)       0.903    -0.812    i_dmi_jtag/i_dmi_cdc/i_cdc_req/i_dst/clk_out1
    SLICE_X109Y31        FDCE                                         r  i_dmi_jtag/i_dmi_cdc/i_cdc_req/i_dst/data_dst_q_reg[data][5]/C
                         clock pessimism              0.000    -0.812    
                         clock uncertainty            0.603    -0.209    
    SLICE_X109Y31        FDCE (Hold_fdce_C_D)         0.072    -0.137    i_dmi_jtag/i_dmi_cdc/i_cdc_req/i_dst/data_dst_q_reg[data][5]
  -------------------------------------------------------------------
                         required time                          0.137    
                         arrival time                           2.703    
  -------------------------------------------------------------------
                         slack                                  2.840    

Slack (MET) :             2.842ns  (arrival time - required time)
  Source:                 i_dmi_jtag/i_dmi_cdc/i_cdc_req/i_src/data_src_q_reg[data][18]/C
                            (rising edge-triggered cell FDCE clocked by tck  {rise@0.000ns fall@50.000ns period=100.000ns})
  Destination:            i_dmi_jtag/i_dmi_cdc/i_cdc_req/i_dst/data_dst_q_reg[data][18]/D
                            (rising edge-triggered cell FDCE clocked by clk_out1_xlnx_clk_gen  {rise@0.000ns fall@10.000ns period=20.000ns})
  Path Group:             clk_out1_xlnx_clk_gen
  Path Type:              Hold (Min at Fast Process Corner)
  Requirement:            0.000ns  (clk_out1_xlnx_clk_gen rise@0.000ns - tck rise@0.000ns)
  Data Path Delay:        0.253ns  (logic 0.141ns (55.730%)  route 0.112ns (44.270%))
  Logic Levels:           0  
  Clock Path Skew:        -3.252ns (DCD - SCD - CPR)
    Destination Clock Delay (DCD):    -0.805ns
    Source Clock Delay      (SCD):    2.447ns
    Clock Pessimism Removal (CPR):    -0.000ns
  Clock Uncertainty:      0.603ns  ((TSJ^2 + TIJ^2 + DJ^2)^1/2) / 2 + PE
    Total System Jitter     (TSJ):    0.071ns
    Total Input Jitter      (TIJ):    1.000ns
    Discrete Jitter          (DJ):    0.142ns
    Phase Error              (PE):    0.097ns
  Clock Domain Crossing:  Inter clock paths are considered valid unless explicitly excluded by timing constraints such as set_clock_groups or set_false_path.

    Location             Delay type                Incr(ns)  Path(ns)    Netlist Resource(s)
  -------------------------------------------------------------------    -------------------
                         (clock tck rise edge)        0.000     0.000 r  
    H15                                               0.000     0.000 r  tck (IN)
                         net (fo=0)                   0.000     0.000    tck
    H15                  IBUF (Prop_ibuf_I_O)         0.268     0.268 r  tck_IBUF_inst/O
                         net (fo=1, routed)           1.516     1.784    tck_IBUF
    BUFGCTRL_X0Y0        BUFG (Prop_bufg_I_O)         0.026     1.810 r  tck_IBUF_BUFG_inst/O
                         net (fo=258, routed)         0.637     2.447    i_dmi_jtag/i_dmi_cdc/i_cdc_req/i_src/CLK
    SLICE_X109Y38        FDCE                                         r  i_dmi_jtag/i_dmi_cdc/i_cdc_req/i_src/data_src_q_reg[data][18]/C
  -------------------------------------------------------------------    -------------------
    SLICE_X109Y38        FDCE (Prop_fdce_C_Q)         0.141     2.588 r  i_dmi_jtag/i_dmi_cdc/i_cdc_req/i_src/data_src_q_reg[data][18]/Q
                         net (fo=1, routed)           0.112     2.700    i_dmi_jtag/i_dmi_cdc/i_cdc_req/i_dst/data_dst_q_reg[data][31]_2[18]
    SLICE_X108Y38        FDCE                                         r  i_dmi_jtag/i_dmi_cdc/i_cdc_req/i_dst/data_dst_q_reg[data][18]/D
  -------------------------------------------------------------------    -------------------

                         (clock clk_out1_xlnx_clk_gen rise edge)
                                                      0.000     0.000 r  
    K17                                               0.000     0.000 r  clk_sys (IN)
                         net (fo=0)                   0.000     0.000    i_xlnx_clk_gen/inst/clk_in1
    K17                  IBUF (Prop_ibuf_I_O)         0.431     0.431 r  i_xlnx_clk_gen/inst/clkin1_ibufg/O
                         net (fo=1, routed)           0.480     0.911    i_xlnx_clk_gen/inst/clk_in1_xlnx_clk_gen
    MMCME2_ADV_X1Y2      MMCME2_ADV (Prop_mmcme2_adv_CLKIN1_CLKOUT0)
                                                     -3.407    -2.496 r  i_xlnx_clk_gen/inst/mmcm_adv_inst/CLKOUT0
                         net (fo=1, routed)           0.752    -1.744    i_xlnx_clk_gen/inst/clk_out1_xlnx_clk_gen
    BUFGCTRL_X0Y16       BUFG (Prop_bufg_I_O)         0.029    -1.715 r  i_xlnx_clk_gen/inst/clkout1_buf/O
                         net (fo=20038, routed)       0.910    -0.805    i_dmi_jtag/i_dmi_cdc/i_cdc_req/i_dst/clk_out1
    SLICE_X108Y38        FDCE                                         r  i_dmi_jtag/i_dmi_cdc/i_cdc_req/i_dst/data_dst_q_reg[data][18]/C
                         clock pessimism              0.000    -0.805    
                         clock uncertainty            0.603    -0.202    
    SLICE_X108Y38        FDCE (Hold_fdce_C_D)         0.060    -0.142    i_dmi_jtag/i_dmi_cdc/i_cdc_req/i_dst/data_dst_q_reg[data][18]
  -------------------------------------------------------------------
                         required time                          0.142    
                         arrival time                           2.700    
  -------------------------------------------------------------------
                         slack                                  2.842    

Slack (MET) :             2.842ns  (arrival time - required time)
  Source:                 i_dmi_jtag/i_dmi_cdc/i_cdc_req/i_src/data_src_q_reg[addr][5]/C
                            (rising edge-triggered cell FDCE clocked by tck  {rise@0.000ns fall@50.000ns period=100.000ns})
  Destination:            i_dmi_jtag/i_dmi_cdc/i_cdc_req/i_dst/data_dst_q_reg[addr][5]/D
                            (rising edge-triggered cell FDCE clocked by clk_out1_xlnx_clk_gen  {rise@0.000ns fall@10.000ns period=20.000ns})
  Path Group:             clk_out1_xlnx_clk_gen
  Path Type:              Hold (Min at Fast Process Corner)
  Requirement:            0.000ns  (clk_out1_xlnx_clk_gen rise@0.000ns - tck rise@0.000ns)
  Data Path Delay:        0.253ns  (logic 0.141ns (55.730%)  route 0.112ns (44.270%))
  Logic Levels:           0  
  Clock Path Skew:        -3.252ns (DCD - SCD - CPR)
    Destination Clock Delay (DCD):    -0.804ns
    Source Clock Delay      (SCD):    2.448ns
    Clock Pessimism Removal (CPR):    -0.000ns
  Clock Uncertainty:      0.603ns  ((TSJ^2 + TIJ^2 + DJ^2)^1/2) / 2 + PE
    Total System Jitter     (TSJ):    0.071ns
    Total Input Jitter      (TIJ):    1.000ns
    Discrete Jitter          (DJ):    0.142ns
    Phase Error              (PE):    0.097ns
  Clock Domain Crossing:  Inter clock paths are considered valid unless explicitly excluded by timing constraints such as set_clock_groups or set_false_path.

    Location             Delay type                Incr(ns)  Path(ns)    Netlist Resource(s)
  -------------------------------------------------------------------    -------------------
                         (clock tck rise edge)        0.000     0.000 r  
    H15                                               0.000     0.000 r  tck (IN)
                         net (fo=0)                   0.000     0.000    tck
    H15                  IBUF (Prop_ibuf_I_O)         0.268     0.268 r  tck_IBUF_inst/O
                         net (fo=1, routed)           1.516     1.784    tck_IBUF
    BUFGCTRL_X0Y0        BUFG (Prop_bufg_I_O)         0.026     1.810 r  tck_IBUF_BUFG_inst/O
                         net (fo=258, routed)         0.638     2.448    i_dmi_jtag/i_dmi_cdc/i_cdc_req/i_src/CLK
    SLICE_X109Y42        FDCE                                         r  i_dmi_jtag/i_dmi_cdc/i_cdc_req/i_src/data_src_q_reg[addr][5]/C
  -------------------------------------------------------------------    -------------------
    SLICE_X109Y42        FDCE (Prop_fdce_C_Q)         0.141     2.589 r  i_dmi_jtag/i_dmi_cdc/i_cdc_req/i_src/data_src_q_reg[addr][5]/Q
                         net (fo=1, routed)           0.112     2.701    i_dmi_jtag/i_dmi_cdc/i_cdc_req/i_dst/data_dst_q_reg[addr][6]_1[5]
    SLICE_X108Y42        FDCE                                         r  i_dmi_jtag/i_dmi_cdc/i_cdc_req/i_dst/data_dst_q_reg[addr][5]/D
  -------------------------------------------------------------------    -------------------

                         (clock clk_out1_xlnx_clk_gen rise edge)
                                                      0.000     0.000 r  
    K17                                               0.000     0.000 r  clk_sys (IN)
                         net (fo=0)                   0.000     0.000    i_xlnx_clk_gen/inst/clk_in1
    K17                  IBUF (Prop_ibuf_I_O)         0.431     0.431 r  i_xlnx_clk_gen/inst/clkin1_ibufg/O
                         net (fo=1, routed)           0.480     0.911    i_xlnx_clk_gen/inst/clk_in1_xlnx_clk_gen
    MMCME2_ADV_X1Y2      MMCME2_ADV (Prop_mmcme2_adv_CLKIN1_CLKOUT0)
                                                     -3.407    -2.496 r  i_xlnx_clk_gen/inst/mmcm_adv_inst/CLKOUT0
                         net (fo=1, routed)           0.752    -1.744    i_xlnx_clk_gen/inst/clk_out1_xlnx_clk_gen
    BUFGCTRL_X0Y16       BUFG (Prop_bufg_I_O)         0.029    -1.715 r  i_xlnx_clk_gen/inst/clkout1_buf/O
                         net (fo=20038, routed)       0.911    -0.804    i_dmi_jtag/i_dmi_cdc/i_cdc_req/i_dst/clk_out1
    SLICE_X108Y42        FDCE                                         r  i_dmi_jtag/i_dmi_cdc/i_cdc_req/i_dst/data_dst_q_reg[addr][5]/C
                         clock pessimism              0.000    -0.804    
                         clock uncertainty            0.603    -0.201    
    SLICE_X108Y42        FDCE (Hold_fdce_C_D)         0.060    -0.141    i_dmi_jtag/i_dmi_cdc/i_cdc_req/i_dst/data_dst_q_reg[addr][5]
  -------------------------------------------------------------------
                         required time                          0.141    
                         arrival time                           2.701    
  -------------------------------------------------------------------
                         slack                                  2.842    





---------------------------------------------------------------------------------------------------
From Clock:  clk_out1_xlnx_clk_gen
  To Clock:  tck

Setup :            0  Failing Endpoints,  Worst Slack       18.310ns,  Total Violation        0.000ns
Hold  :           NA  Failing Endpoints,  Worst Slack           NA  ,  Total Violation           NA
---------------------------------------------------------------------------------------------------


Max Delay Paths
--------------------------------------------------------------------------------------
Slack (MET) :             18.310ns  (required time - arrival time)
  Source:                 i_dmi_jtag/i_dmi_cdc/i_cdc_resp/i_src/data_src_q_reg[data][16]/C
                            (rising edge-triggered cell FDCE clocked by clk_out1_xlnx_clk_gen  {rise@0.000ns fall@10.000ns period=20.000ns})
  Destination:            i_dmi_jtag/i_dmi_cdc/i_cdc_resp/i_dst/data_dst_q_reg[data][16]/D
                            (rising edge-triggered cell FDCE clocked by tck  {rise@0.000ns fall@50.000ns period=100.000ns})
  Path Group:             tck
  Path Type:              Setup (Max at Slow Process Corner)
  Requirement:            20.000ns  (MaxDelay Path 20.000ns)
  Data Path Delay:        1.415ns  (logic 0.478ns (33.780%)  route 0.937ns (66.220%))
  Logic Levels:           0  
  Timing Exception:       MaxDelay Path 20.000ns -datapath_only

    Location             Delay type                Incr(ns)  Path(ns)    Netlist Resource(s)
  -------------------------------------------------------------------    -------------------
    SLICE_X104Y34                                     0.000     0.000 r  i_dmi_jtag/i_dmi_cdc/i_cdc_resp/i_src/data_src_q_reg[data][16]/C
    SLICE_X104Y34        FDCE (Prop_fdce_C_Q)         0.478     0.478 r  i_dmi_jtag/i_dmi_cdc/i_cdc_resp/i_src/data_src_q_reg[data][16]/Q
                         net (fo=1, routed)           0.937     1.415    i_dmi_jtag/i_dmi_cdc/i_cdc_resp/i_dst/D[16]
    SLICE_X109Y37        FDCE                                         r  i_dmi_jtag/i_dmi_cdc/i_cdc_resp/i_dst/data_dst_q_reg[data][16]/D
  -------------------------------------------------------------------    -------------------

                         max delay                   20.000    20.000    
    SLICE_X109Y37        FDCE (Setup_fdce_C_D)       -0.275    19.725    i_dmi_jtag/i_dmi_cdc/i_cdc_resp/i_dst/data_dst_q_reg[data][16]
  -------------------------------------------------------------------
                         required time                         19.725    
                         arrival time                          -1.415    
  -------------------------------------------------------------------
                         slack                                 18.310    

Slack (MET) :             18.519ns  (required time - arrival time)
  Source:                 i_dmi_jtag/i_dmi_cdc/i_cdc_req/i_dst/ack_dst_q_reg/C
                            (rising edge-triggered cell FDCE clocked by clk_out1_xlnx_clk_gen  {rise@0.000ns fall@10.000ns period=20.000ns})
  Destination:            i_dmi_jtag/i_dmi_cdc/i_cdc_req/i_src/ack_src_q_reg/D
                            (rising edge-triggered cell FDCE clocked by tck  {rise@0.000ns fall@50.000ns period=100.000ns})
  Path Group:             tck
  Path Type:              Setup (Max at Slow Process Corner)
  Requirement:            20.000ns  (MaxDelay Path 20.000ns)
  Data Path Delay:        1.453ns  (logic 0.456ns (31.387%)  route 0.997ns (68.613%))
  Logic Levels:           0  
  Timing Exception:       MaxDelay Path 20.000ns -datapath_only

    Location             Delay type                Incr(ns)  Path(ns)    Netlist Resource(s)
  -------------------------------------------------------------------    -------------------
    SLICE_X106Y42                                     0.000     0.000 r  i_dmi_jtag/i_dmi_cdc/i_cdc_req/i_dst/ack_dst_q_reg/C
    SLICE_X106Y42        FDCE (Prop_fdce_C_Q)         0.456     0.456 r  i_dmi_jtag/i_dmi_cdc/i_cdc_req/i_dst/ack_dst_q_reg/Q
                         net (fo=11, routed)          0.997     1.453    i_dmi_jtag/i_dmi_cdc/i_cdc_req/i_src/ack_src_q_reg_0
    SLICE_X108Y44        FDCE                                         r  i_dmi_jtag/i_dmi_cdc/i_cdc_req/i_src/ack_src_q_reg/D
  -------------------------------------------------------------------    -------------------

                         max delay                   20.000    20.000    
    SLICE_X108Y44        FDCE (Setup_fdce_C_D)       -0.028    19.972    i_dmi_jtag/i_dmi_cdc/i_cdc_req/i_src/ack_src_q_reg
  -------------------------------------------------------------------
                         required time                         19.972    
                         arrival time                          -1.453    
  -------------------------------------------------------------------
                         slack                                 18.519    

Slack (MET) :             18.540ns  (required time - arrival time)
  Source:                 i_dmi_jtag/i_dmi_cdc/i_cdc_resp/i_src/data_src_q_reg[data][18]/C
                            (rising edge-triggered cell FDCE clocked by clk_out1_xlnx_clk_gen  {rise@0.000ns fall@10.000ns period=20.000ns})
  Destination:            i_dmi_jtag/i_dmi_cdc/i_cdc_resp/i_dst/data_dst_q_reg[data][18]/D
                            (rising edge-triggered cell FDCE clocked by tck  {rise@0.000ns fall@50.000ns period=100.000ns})
  Path Group:             tck
  Path Type:              Setup (Max at Slow Process Corner)
  Requirement:            20.000ns  (MaxDelay Path 20.000ns)
  Data Path Delay:        1.208ns  (logic 0.478ns (39.562%)  route 0.730ns (60.438%))
  Logic Levels:           0  
  Timing Exception:       MaxDelay Path 20.000ns -datapath_only

    Location             Delay type                Incr(ns)  Path(ns)    Netlist Resource(s)
  -------------------------------------------------------------------    -------------------
    SLICE_X104Y38                                     0.000     0.000 r  i_dmi_jtag/i_dmi_cdc/i_cdc_resp/i_src/data_src_q_reg[data][18]/C
    SLICE_X104Y38        FDCE (Prop_fdce_C_Q)         0.478     0.478 r  i_dmi_jtag/i_dmi_cdc/i_cdc_resp/i_src/data_src_q_reg[data][18]/Q
                         net (fo=1, routed)           0.730     1.208    i_dmi_jtag/i_dmi_cdc/i_cdc_resp/i_dst/D[18]
    SLICE_X109Y37        FDCE                                         r  i_dmi_jtag/i_dmi_cdc/i_cdc_resp/i_dst/data_dst_q_reg[data][18]/D
  -------------------------------------------------------------------    -------------------

                         max delay                   20.000    20.000    
    SLICE_X109Y37        FDCE (Setup_fdce_C_D)       -0.252    19.748    i_dmi_jtag/i_dmi_cdc/i_cdc_resp/i_dst/data_dst_q_reg[data][18]
  -------------------------------------------------------------------
                         required time                         19.748    
                         arrival time                          -1.208    
  -------------------------------------------------------------------
                         slack                                 18.540    

Slack (MET) :             18.580ns  (required time - arrival time)
  Source:                 i_dmi_jtag/i_dmi_cdc/i_cdc_resp/i_src/data_src_q_reg[data][22]/C
                            (rising edge-triggered cell FDCE clocked by clk_out1_xlnx_clk_gen  {rise@0.000ns fall@10.000ns period=20.000ns})
  Destination:            i_dmi_jtag/i_dmi_cdc/i_cdc_resp/i_dst/data_dst_q_reg[data][22]/D
                            (rising edge-triggered cell FDCE clocked by tck  {rise@0.000ns fall@50.000ns period=100.000ns})
  Path Group:             tck
  Path Type:              Setup (Max at Slow Process Corner)
  Requirement:            20.000ns  (MaxDelay Path 20.000ns)
  Data Path Delay:        1.155ns  (logic 0.478ns (41.391%)  route 0.677ns (58.609%))
  Logic Levels:           0  
  Timing Exception:       MaxDelay Path 20.000ns -datapath_only

    Location             Delay type                Incr(ns)  Path(ns)    Netlist Resource(s)
  -------------------------------------------------------------------    -------------------
    SLICE_X104Y38                                     0.000     0.000 r  i_dmi_jtag/i_dmi_cdc/i_cdc_resp/i_src/data_src_q_reg[data][22]/C
    SLICE_X104Y38        FDCE (Prop_fdce_C_Q)         0.478     0.478 r  i_dmi_jtag/i_dmi_cdc/i_cdc_resp/i_src/data_src_q_reg[data][22]/Q
                         net (fo=1, routed)           0.677     1.155    i_dmi_jtag/i_dmi_cdc/i_cdc_resp/i_dst/D[22]
    SLICE_X106Y39        FDCE                                         r  i_dmi_jtag/i_dmi_cdc/i_cdc_resp/i_dst/data_dst_q_reg[data][22]/D
  -------------------------------------------------------------------    -------------------

                         max delay                   20.000    20.000    
    SLICE_X106Y39        FDCE (Setup_fdce_C_D)       -0.265    19.735    i_dmi_jtag/i_dmi_cdc/i_cdc_resp/i_dst/data_dst_q_reg[data][22]
  -------------------------------------------------------------------
                         required time                         19.735    
                         arrival time                          -1.155    
  -------------------------------------------------------------------
                         slack                                 18.580    

Slack (MET) :             18.585ns  (required time - arrival time)
  Source:                 i_dmi_jtag/i_dmi_cdc/i_cdc_resp/i_src/data_src_q_reg[data][6]/C
                            (rising edge-triggered cell FDCE clocked by clk_out1_xlnx_clk_gen  {rise@0.000ns fall@10.000ns period=20.000ns})
  Destination:            i_dmi_jtag/i_dmi_cdc/i_cdc_resp/i_dst/data_dst_q_reg[data][6]/D
                            (rising edge-triggered cell FDCE clocked by tck  {rise@0.000ns fall@50.000ns period=100.000ns})
  Path Group:             tck
  Path Type:              Setup (Max at Slow Process Corner)
  Requirement:            20.000ns  (MaxDelay Path 20.000ns)
  Data Path Delay:        1.183ns  (logic 0.478ns (40.416%)  route 0.705ns (59.584%))
  Logic Levels:           0  
  Timing Exception:       MaxDelay Path 20.000ns -datapath_only

    Location             Delay type                Incr(ns)  Path(ns)    Netlist Resource(s)
  -------------------------------------------------------------------    -------------------
    SLICE_X104Y31                                     0.000     0.000 r  i_dmi_jtag/i_dmi_cdc/i_cdc_resp/i_src/data_src_q_reg[data][6]/C
    SLICE_X104Y31        FDCE (Prop_fdce_C_Q)         0.478     0.478 r  i_dmi_jtag/i_dmi_cdc/i_cdc_resp/i_src/data_src_q_reg[data][6]/Q
                         net (fo=1, routed)           0.705     1.183    i_dmi_jtag/i_dmi_cdc/i_cdc_resp/i_dst/D[6]
    SLICE_X107Y32        FDCE                                         r  i_dmi_jtag/i_dmi_cdc/i_cdc_resp/i_dst/data_dst_q_reg[data][6]/D
  -------------------------------------------------------------------    -------------------

                         max delay                   20.000    20.000    
    SLICE_X107Y32        FDCE (Setup_fdce_C_D)       -0.232    19.768    i_dmi_jtag/i_dmi_cdc/i_cdc_resp/i_dst/data_dst_q_reg[data][6]
  -------------------------------------------------------------------
                         required time                         19.768    
                         arrival time                          -1.183    
  -------------------------------------------------------------------
                         slack                                 18.585    

Slack (MET) :             18.587ns  (required time - arrival time)
  Source:                 i_dmi_jtag/i_dmi_cdc/i_cdc_resp/i_src/data_src_q_reg[data][31]/C
                            (rising edge-triggered cell FDCE clocked by clk_out1_xlnx_clk_gen  {rise@0.000ns fall@10.000ns period=20.000ns})
  Destination:            i_dmi_jtag/i_dmi_cdc/i_cdc_resp/i_dst/data_dst_q_reg[data][31]/D
                            (rising edge-triggered cell FDCE clocked by tck  {rise@0.000ns fall@50.000ns period=100.000ns})
  Path Group:             tck
  Path Type:              Setup (Max at Slow Process Corner)
  Requirement:            20.000ns  (MaxDelay Path 20.000ns)
  Data Path Delay:        1.194ns  (logic 0.478ns (40.050%)  route 0.716ns (59.950%))
  Logic Levels:           0  
  Timing Exception:       MaxDelay Path 20.000ns -datapath_only

    Location             Delay type                Incr(ns)  Path(ns)    Netlist Resource(s)
  -------------------------------------------------------------------    -------------------
    SLICE_X104Y37                                     0.000     0.000 r  i_dmi_jtag/i_dmi_cdc/i_cdc_resp/i_src/data_src_q_reg[data][31]/C
    SLICE_X104Y37        FDCE (Prop_fdce_C_Q)         0.478     0.478 r  i_dmi_jtag/i_dmi_cdc/i_cdc_resp/i_src/data_src_q_reg[data][31]/Q
                         net (fo=1, routed)           0.716     1.194    i_dmi_jtag/i_dmi_cdc/i_cdc_resp/i_dst/D[31]
    SLICE_X109Y37        FDCE                                         r  i_dmi_jtag/i_dmi_cdc/i_cdc_resp/i_dst/data_dst_q_reg[data][31]/D
  -------------------------------------------------------------------    -------------------

                         max delay                   20.000    20.000    
    SLICE_X109Y37        FDCE (Setup_fdce_C_D)       -0.219    19.781    i_dmi_jtag/i_dmi_cdc/i_cdc_resp/i_dst/data_dst_q_reg[data][31]
  -------------------------------------------------------------------
                         required time                         19.781    
                         arrival time                          -1.194    
  -------------------------------------------------------------------
                         slack                                 18.587    

Slack (MET) :             18.596ns  (required time - arrival time)
  Source:                 i_dmi_jtag/i_dmi_cdc/i_cdc_resp/i_src/data_src_q_reg[data][24]/C
                            (rising edge-triggered cell FDCE clocked by clk_out1_xlnx_clk_gen  {rise@0.000ns fall@10.000ns period=20.000ns})
  Destination:            i_dmi_jtag/i_dmi_cdc/i_cdc_resp/i_dst/data_dst_q_reg[data][24]/D
                            (rising edge-triggered cell FDCE clocked by tck  {rise@0.000ns fall@50.000ns period=100.000ns})
  Path Group:             tck
  Path Type:              Setup (Max at Slow Process Corner)
  Requirement:            20.000ns  (MaxDelay Path 20.000ns)
  Data Path Delay:        1.138ns  (logic 0.478ns (42.018%)  route 0.660ns (57.982%))
  Logic Levels:           0  
  Timing Exception:       MaxDelay Path 20.000ns -datapath_only

    Location             Delay type                Incr(ns)  Path(ns)    Netlist Resource(s)
  -------------------------------------------------------------------    -------------------
    SLICE_X104Y40                                     0.000     0.000 r  i_dmi_jtag/i_dmi_cdc/i_cdc_resp/i_src/data_src_q_reg[data][24]/C
    SLICE_X104Y40        FDCE (Prop_fdce_C_Q)         0.478     0.478 r  i_dmi_jtag/i_dmi_cdc/i_cdc_resp/i_src/data_src_q_reg[data][24]/Q
                         net (fo=1, routed)           0.660     1.138    i_dmi_jtag/i_dmi_cdc/i_cdc_resp/i_dst/D[24]
    SLICE_X107Y41        FDCE                                         r  i_dmi_jtag/i_dmi_cdc/i_cdc_resp/i_dst/data_dst_q_reg[data][24]/D
  -------------------------------------------------------------------    -------------------

                         max delay                   20.000    20.000    
    SLICE_X107Y41        FDCE (Setup_fdce_C_D)       -0.266    19.734    i_dmi_jtag/i_dmi_cdc/i_cdc_resp/i_dst/data_dst_q_reg[data][24]
  -------------------------------------------------------------------
                         required time                         19.734    
                         arrival time                          -1.138    
  -------------------------------------------------------------------
                         slack                                 18.596    

Slack (MET) :             18.618ns  (required time - arrival time)
  Source:                 i_dmi_jtag/i_dmi_cdc/i_cdc_resp/i_src/data_src_q_reg[data][0]/C
                            (rising edge-triggered cell FDCE clocked by clk_out1_xlnx_clk_gen  {rise@0.000ns fall@10.000ns period=20.000ns})
  Destination:            i_dmi_jtag/i_dmi_cdc/i_cdc_resp/i_dst/data_dst_q_reg[data][0]/D
                            (rising edge-triggered cell FDCE clocked by tck  {rise@0.000ns fall@50.000ns period=100.000ns})
  Path Group:             tck
  Path Type:              Setup (Max at Slow Process Corner)
  Requirement:            20.000ns  (MaxDelay Path 20.000ns)
  Data Path Delay:        1.164ns  (logic 0.478ns (41.075%)  route 0.686ns (58.925%))
  Logic Levels:           0  
  Timing Exception:       MaxDelay Path 20.000ns -datapath_only

    Location             Delay type                Incr(ns)  Path(ns)    Netlist Resource(s)
  -------------------------------------------------------------------    -------------------
    SLICE_X104Y32                                     0.000     0.000 r  i_dmi_jtag/i_dmi_cdc/i_cdc_resp/i_src/data_src_q_reg[data][0]/C
    SLICE_X104Y32        FDCE (Prop_fdce_C_Q)         0.478     0.478 r  i_dmi_jtag/i_dmi_cdc/i_cdc_resp/i_src/data_src_q_reg[data][0]/Q
                         net (fo=1, routed)           0.686     1.164    i_dmi_jtag/i_dmi_cdc/i_cdc_resp/i_dst/D[0]
    SLICE_X108Y34        FDCE                                         r  i_dmi_jtag/i_dmi_cdc/i_cdc_resp/i_dst/data_dst_q_reg[data][0]/D
  -------------------------------------------------------------------    -------------------

                         max delay                   20.000    20.000    
    SLICE_X108Y34        FDCE (Setup_fdce_C_D)       -0.218    19.782    i_dmi_jtag/i_dmi_cdc/i_cdc_resp/i_dst/data_dst_q_reg[data][0]
  -------------------------------------------------------------------
                         required time                         19.782    
                         arrival time                          -1.164    
  -------------------------------------------------------------------
                         slack                                 18.618    

Slack (MET) :             18.621ns  (required time - arrival time)
  Source:                 i_dmi_jtag/i_dmi_cdc/i_cdc_resp/i_src/data_src_q_reg[data][2]/C
                            (rising edge-triggered cell FDCE clocked by clk_out1_xlnx_clk_gen  {rise@0.000ns fall@10.000ns period=20.000ns})
  Destination:            i_dmi_jtag/i_dmi_cdc/i_cdc_resp/i_dst/data_dst_q_reg[data][2]/D
                            (rising edge-triggered cell FDCE clocked by tck  {rise@0.000ns fall@50.000ns period=100.000ns})
  Path Group:             tck
  Path Type:              Setup (Max at Slow Process Corner)
  Requirement:            20.000ns  (MaxDelay Path 20.000ns)
  Data Path Delay:        1.189ns  (logic 0.478ns (40.193%)  route 0.711ns (59.807%))
  Logic Levels:           0  
  Timing Exception:       MaxDelay Path 20.000ns -datapath_only

    Location             Delay type                Incr(ns)  Path(ns)    Netlist Resource(s)
  -------------------------------------------------------------------    -------------------
    SLICE_X104Y32                                     0.000     0.000 r  i_dmi_jtag/i_dmi_cdc/i_cdc_resp/i_src/data_src_q_reg[data][2]/C
    SLICE_X104Y32        FDCE (Prop_fdce_C_Q)         0.478     0.478 r  i_dmi_jtag/i_dmi_cdc/i_cdc_resp/i_src/data_src_q_reg[data][2]/Q
                         net (fo=1, routed)           0.711     1.189    i_dmi_jtag/i_dmi_cdc/i_cdc_resp/i_dst/D[2]
    SLICE_X108Y34        FDCE                                         r  i_dmi_jtag/i_dmi_cdc/i_cdc_resp/i_dst/data_dst_q_reg[data][2]/D
  -------------------------------------------------------------------    -------------------

                         max delay                   20.000    20.000    
    SLICE_X108Y34        FDCE (Setup_fdce_C_D)       -0.190    19.810    i_dmi_jtag/i_dmi_cdc/i_cdc_resp/i_dst/data_dst_q_reg[data][2]
  -------------------------------------------------------------------
                         required time                         19.810    
                         arrival time                          -1.189    
  -------------------------------------------------------------------
                         slack                                 18.621    

Slack (MET) :             18.625ns  (required time - arrival time)
  Source:                 i_dmi_jtag/i_dmi_cdc/i_cdc_resp/i_src/data_src_q_reg[data][12]/C
                            (rising edge-triggered cell FDCE clocked by clk_out1_xlnx_clk_gen  {rise@0.000ns fall@10.000ns period=20.000ns})
  Destination:            i_dmi_jtag/i_dmi_cdc/i_cdc_resp/i_dst/data_dst_q_reg[data][12]/D
                            (rising edge-triggered cell FDCE clocked by tck  {rise@0.000ns fall@50.000ns period=100.000ns})
  Path Group:             tck
  Path Type:              Setup (Max at Slow Process Corner)
  Requirement:            20.000ns  (MaxDelay Path 20.000ns)
  Data Path Delay:        1.161ns  (logic 0.478ns (41.176%)  route 0.683ns (58.824%))
  Logic Levels:           0  
  Timing Exception:       MaxDelay Path 20.000ns -datapath_only

    Location             Delay type                Incr(ns)  Path(ns)    Netlist Resource(s)
  -------------------------------------------------------------------    -------------------
    SLICE_X104Y34                                     0.000     0.000 r  i_dmi_jtag/i_dmi_cdc/i_cdc_resp/i_src/data_src_q_reg[data][12]/C
    SLICE_X104Y34        FDCE (Prop_fdce_C_Q)         0.478     0.478 r  i_dmi_jtag/i_dmi_cdc/i_cdc_resp/i_src/data_src_q_reg[data][12]/Q
                         net (fo=1, routed)           0.683     1.161    i_dmi_jtag/i_dmi_cdc/i_cdc_resp/i_dst/D[12]
    SLICE_X108Y34        FDCE                                         r  i_dmi_jtag/i_dmi_cdc/i_cdc_resp/i_dst/data_dst_q_reg[data][12]/D
  -------------------------------------------------------------------    -------------------

                         max delay                   20.000    20.000    
    SLICE_X108Y34        FDCE (Setup_fdce_C_D)       -0.214    19.786    i_dmi_jtag/i_dmi_cdc/i_cdc_resp/i_dst/data_dst_q_reg[data][12]
  -------------------------------------------------------------------
                         required time                         19.786    
                         arrival time                          -1.161    
  -------------------------------------------------------------------
                         slack                                 18.625    





---------------------------------------------------------------------------------------------------
Path Group:  **async_default**
From Clock:  clk_out1_xlnx_clk_gen
  To Clock:  clk_out1_xlnx_clk_gen

Setup :            0  Failing Endpoints,  Worst Slack       15.987ns,  Total Violation        0.000ns
Hold  :            0  Failing Endpoints,  Worst Slack        0.522ns,  Total Violation        0.000ns
---------------------------------------------------------------------------------------------------


Max Delay Paths
--------------------------------------------------------------------------------------
Slack (MET) :             15.987ns  (required time - arrival time)
  Source:                 i_axi_dwidth_converter_dm_slave/inst/gen_downsizer.gen_simple_downsizer.axi_downsizer_inst/USE_READ.read_addr_inst/cmd_queue/inst/fifo_gen_inst/inst_fifo_gen/gconvfifo.rf/grf.rf/rstblk/ngwrdrst.grst.g7serrst.gnsckt_wrst.gcc_rst.sckt_wr_rst_cc_reg[0]/C
                            (rising edge-triggered cell FDRE clocked by clk_out1_xlnx_clk_gen  {rise@0.000ns fall@10.000ns period=20.000ns})
  Destination:            i_axi_dwidth_converter_dm_slave/inst/gen_downsizer.gen_simple_downsizer.axi_downsizer_inst/USE_READ.read_addr_inst/cmd_queue/inst/fifo_gen_inst/inst_fifo_gen/gconvfifo.rf/grf.rf/gntv_or_sync_fifo.gl0.rd/rpntr/gc0.count_d1_reg[1]/CLR
                            (recovery check against rising-edge clock clk_out1_xlnx_clk_gen  {rise@0.000ns fall@10.000ns period=20.000ns})
  Path Group:             **async_default**
  Path Type:              Recovery (Max at Slow Process Corner)
  Requirement:            20.000ns  (clk_out1_xlnx_clk_gen rise@20.000ns - clk_out1_xlnx_clk_gen rise@0.000ns)
  Data Path Delay:        3.386ns  (logic 0.642ns (18.961%)  route 2.744ns (81.039%))
  Logic Levels:           1  (LUT3=1)
  Clock Path Skew:        -0.143ns (DCD - SCD + CPR)
    Destination Clock Delay (DCD):    -1.534ns = ( 18.466 - 20.000 ) 
    Source Clock Delay      (SCD):    -0.823ns
    Clock Pessimism Removal (CPR):    0.567ns
  Clock Uncertainty:      0.079ns  ((TSJ^2 + DJ^2)^1/2) / 2 + PE
    Total System Jitter     (TSJ):    0.071ns
    Discrete Jitter          (DJ):    0.142ns
    Phase Error              (PE):    0.000ns

    Location             Delay type                Incr(ns)  Path(ns)    Netlist Resource(s)
  -------------------------------------------------------------------    -------------------
                         (clock clk_out1_xlnx_clk_gen rise edge)
                                                      0.000     0.000 r  
    K17                                               0.000     0.000 r  clk_sys (IN)
                         net (fo=0)                   0.000     0.000    i_xlnx_clk_gen/inst/clk_in1
    K17                  IBUF (Prop_ibuf_I_O)         1.475     1.475 r  i_xlnx_clk_gen/inst/clkin1_ibufg/O
                         net (fo=1, routed)           1.285     2.760    i_xlnx_clk_gen/inst/clk_in1_xlnx_clk_gen
    MMCME2_ADV_X1Y2      MMCME2_ADV (Prop_mmcme2_adv_CLKIN1_CLKOUT0)
                                                     -7.759    -4.999 r  i_xlnx_clk_gen/inst/mmcm_adv_inst/CLKOUT0
                         net (fo=1, routed)           2.206    -2.793    i_xlnx_clk_gen/inst/clk_out1_xlnx_clk_gen
    BUFGCTRL_X0Y16       BUFG (Prop_bufg_I_O)         0.101    -2.692 r  i_xlnx_clk_gen/inst/clkout1_buf/O
                         net (fo=20038, routed)       1.869    -0.823    i_axi_dwidth_converter_dm_slave/inst/gen_downsizer.gen_simple_downsizer.axi_downsizer_inst/USE_READ.read_addr_inst/cmd_queue/inst/fifo_gen_inst/inst_fifo_gen/gconvfifo.rf/grf.rf/rstblk/clk
    SLICE_X108Y19        FDRE                                         r  i_axi_dwidth_converter_dm_slave/inst/gen_downsizer.gen_simple_downsizer.axi_downsizer_inst/USE_READ.read_addr_inst/cmd_queue/inst/fifo_gen_inst/inst_fifo_gen/gconvfifo.rf/grf.rf/rstblk/ngwrdrst.grst.g7serrst.gnsckt_wrst.gcc_rst.sckt_wr_rst_cc_reg[0]/C
  -------------------------------------------------------------------    -------------------
    SLICE_X108Y19        FDRE (Prop_fdre_C_Q)         0.518    -0.305 f  i_axi_dwidth_converter_dm_slave/inst/gen_downsizer.gen_simple_downsizer.axi_downsizer_inst/USE_READ.read_addr_inst/cmd_queue/inst/fifo_gen_inst/inst_fifo_gen/gconvfifo.rf/grf.rf/rstblk/ngwrdrst.grst.g7serrst.gnsckt_wrst.gcc_rst.sckt_wr_rst_cc_reg[0]/Q
                         net (fo=3, routed)           0.826     0.521    i_axi_dwidth_converter_dm_slave/inst/gen_downsizer.gen_simple_downsizer.axi_downsizer_inst/USE_READ.read_addr_inst/cmd_queue/inst/fifo_gen_inst/inst_fifo_gen/gconvfifo.rf/grf.rf/rstblk/ngwrdrst.grst.g7serrst.gnsckt_wrst.gcc_rst.sckt_wr_rst_cc[0]
    SLICE_X107Y19        LUT3 (Prop_lut3_I1_O)        0.124     0.645 f  i_axi_dwidth_converter_dm_slave/inst/gen_downsizer.gen_simple_downsizer.axi_downsizer_inst/USE_READ.read_addr_inst/cmd_queue/inst/fifo_gen_inst/inst_fifo_gen/gconvfifo.rf/grf.rf/rstblk/gpregsm1.curr_fwft_state[1]_i_2/O
                         net (fo=32, routed)          1.917     2.563    i_axi_dwidth_converter_dm_slave/inst/gen_downsizer.gen_simple_downsizer.axi_downsizer_inst/USE_READ.read_addr_inst/cmd_queue/inst/fifo_gen_inst/inst_fifo_gen/gconvfifo.rf/grf.rf/gntv_or_sync_fifo.gl0.rd/rpntr/gc0.count_d1_reg[4]_1
    SLICE_X103Y22        FDCE                                         f  i_axi_dwidth_converter_dm_slave/inst/gen_downsizer.gen_simple_downsizer.axi_downsizer_inst/USE_READ.read_addr_inst/cmd_queue/inst/fifo_gen_inst/inst_fifo_gen/gconvfifo.rf/grf.rf/gntv_or_sync_fifo.gl0.rd/rpntr/gc0.count_d1_reg[1]/CLR
  -------------------------------------------------------------------    -------------------

                         (clock clk_out1_xlnx_clk_gen rise edge)
                                                     20.000    20.000 r  
    K17                                               0.000    20.000 r  clk_sys (IN)
                         net (fo=0)                   0.000    20.000    i_xlnx_clk_gen/inst/clk_in1
    K17                  IBUF (Prop_ibuf_I_O)         1.404    21.404 r  i_xlnx_clk_gen/inst/clkin1_ibufg/O
                         net (fo=1, routed)           1.162    22.566    i_xlnx_clk_gen/inst/clk_in1_xlnx_clk_gen
    MMCME2_ADV_X1Y2      MMCME2_ADV (Prop_mmcme2_adv_CLKIN1_CLKOUT0)
                                                     -7.814    14.752 r  i_xlnx_clk_gen/inst/mmcm_adv_inst/CLKOUT0
                         net (fo=1, routed)           2.012    16.764    i_xlnx_clk_gen/inst/clk_out1_xlnx_clk_gen
    BUFGCTRL_X0Y16       BUFG (Prop_bufg_I_O)         0.091    16.855 r  i_xlnx_clk_gen/inst/clkout1_buf/O
                         net (fo=20038, routed)       1.611    18.466    i_axi_dwidth_converter_dm_slave/inst/gen_downsizer.gen_simple_downsizer.axi_downsizer_inst/USE_READ.read_addr_inst/cmd_queue/inst/fifo_gen_inst/inst_fifo_gen/gconvfifo.rf/grf.rf/gntv_or_sync_fifo.gl0.rd/rpntr/clk
    SLICE_X103Y22        FDCE                                         r  i_axi_dwidth_converter_dm_slave/inst/gen_downsizer.gen_simple_downsizer.axi_downsizer_inst/USE_READ.read_addr_inst/cmd_queue/inst/fifo_gen_inst/inst_fifo_gen/gconvfifo.rf/grf.rf/gntv_or_sync_fifo.gl0.rd/rpntr/gc0.count_d1_reg[1]/C
                         clock pessimism              0.567    19.034    
                         clock uncertainty           -0.079    18.954    
    SLICE_X103Y22        FDCE (Recov_fdce_C_CLR)     -0.405    18.549    i_axi_dwidth_converter_dm_slave/inst/gen_downsizer.gen_simple_downsizer.axi_downsizer_inst/USE_READ.read_addr_inst/cmd_queue/inst/fifo_gen_inst/inst_fifo_gen/gconvfifo.rf/grf.rf/gntv_or_sync_fifo.gl0.rd/rpntr/gc0.count_d1_reg[1]
  -------------------------------------------------------------------
                         required time                         18.549    
                         arrival time                          -2.563    
  -------------------------------------------------------------------
                         slack                                 15.987    

Slack (MET) :             15.987ns  (required time - arrival time)
  Source:                 i_axi_dwidth_converter_dm_slave/inst/gen_downsizer.gen_simple_downsizer.axi_downsizer_inst/USE_READ.read_addr_inst/cmd_queue/inst/fifo_gen_inst/inst_fifo_gen/gconvfifo.rf/grf.rf/rstblk/ngwrdrst.grst.g7serrst.gnsckt_wrst.gcc_rst.sckt_wr_rst_cc_reg[0]/C
                            (rising edge-triggered cell FDRE clocked by clk_out1_xlnx_clk_gen  {rise@0.000ns fall@10.000ns period=20.000ns})
  Destination:            i_axi_dwidth_converter_dm_slave/inst/gen_downsizer.gen_simple_downsizer.axi_downsizer_inst/USE_READ.read_addr_inst/cmd_queue/inst/fifo_gen_inst/inst_fifo_gen/gconvfifo.rf/grf.rf/gntv_or_sync_fifo.gl0.rd/rpntr/gc0.count_d1_reg[2]/CLR
                            (recovery check against rising-edge clock clk_out1_xlnx_clk_gen  {rise@0.000ns fall@10.000ns period=20.000ns})
  Path Group:             **async_default**
  Path Type:              Recovery (Max at Slow Process Corner)
  Requirement:            20.000ns  (clk_out1_xlnx_clk_gen rise@20.000ns - clk_out1_xlnx_clk_gen rise@0.000ns)
  Data Path Delay:        3.386ns  (logic 0.642ns (18.961%)  route 2.744ns (81.039%))
  Logic Levels:           1  (LUT3=1)
  Clock Path Skew:        -0.143ns (DCD - SCD + CPR)
    Destination Clock Delay (DCD):    -1.534ns = ( 18.466 - 20.000 ) 
    Source Clock Delay      (SCD):    -0.823ns
    Clock Pessimism Removal (CPR):    0.567ns
  Clock Uncertainty:      0.079ns  ((TSJ^2 + DJ^2)^1/2) / 2 + PE
    Total System Jitter     (TSJ):    0.071ns
    Discrete Jitter          (DJ):    0.142ns
    Phase Error              (PE):    0.000ns

    Location             Delay type                Incr(ns)  Path(ns)    Netlist Resource(s)
  -------------------------------------------------------------------    -------------------
                         (clock clk_out1_xlnx_clk_gen rise edge)
                                                      0.000     0.000 r  
    K17                                               0.000     0.000 r  clk_sys (IN)
                         net (fo=0)                   0.000     0.000    i_xlnx_clk_gen/inst/clk_in1
    K17                  IBUF (Prop_ibuf_I_O)         1.475     1.475 r  i_xlnx_clk_gen/inst/clkin1_ibufg/O
                         net (fo=1, routed)           1.285     2.760    i_xlnx_clk_gen/inst/clk_in1_xlnx_clk_gen
    MMCME2_ADV_X1Y2      MMCME2_ADV (Prop_mmcme2_adv_CLKIN1_CLKOUT0)
                                                     -7.759    -4.999 r  i_xlnx_clk_gen/inst/mmcm_adv_inst/CLKOUT0
                         net (fo=1, routed)           2.206    -2.793    i_xlnx_clk_gen/inst/clk_out1_xlnx_clk_gen
    BUFGCTRL_X0Y16       BUFG (Prop_bufg_I_O)         0.101    -2.692 r  i_xlnx_clk_gen/inst/clkout1_buf/O
                         net (fo=20038, routed)       1.869    -0.823    i_axi_dwidth_converter_dm_slave/inst/gen_downsizer.gen_simple_downsizer.axi_downsizer_inst/USE_READ.read_addr_inst/cmd_queue/inst/fifo_gen_inst/inst_fifo_gen/gconvfifo.rf/grf.rf/rstblk/clk
    SLICE_X108Y19        FDRE                                         r  i_axi_dwidth_converter_dm_slave/inst/gen_downsizer.gen_simple_downsizer.axi_downsizer_inst/USE_READ.read_addr_inst/cmd_queue/inst/fifo_gen_inst/inst_fifo_gen/gconvfifo.rf/grf.rf/rstblk/ngwrdrst.grst.g7serrst.gnsckt_wrst.gcc_rst.sckt_wr_rst_cc_reg[0]/C
  -------------------------------------------------------------------    -------------------
    SLICE_X108Y19        FDRE (Prop_fdre_C_Q)         0.518    -0.305 f  i_axi_dwidth_converter_dm_slave/inst/gen_downsizer.gen_simple_downsizer.axi_downsizer_inst/USE_READ.read_addr_inst/cmd_queue/inst/fifo_gen_inst/inst_fifo_gen/gconvfifo.rf/grf.rf/rstblk/ngwrdrst.grst.g7serrst.gnsckt_wrst.gcc_rst.sckt_wr_rst_cc_reg[0]/Q
                         net (fo=3, routed)           0.826     0.521    i_axi_dwidth_converter_dm_slave/inst/gen_downsizer.gen_simple_downsizer.axi_downsizer_inst/USE_READ.read_addr_inst/cmd_queue/inst/fifo_gen_inst/inst_fifo_gen/gconvfifo.rf/grf.rf/rstblk/ngwrdrst.grst.g7serrst.gnsckt_wrst.gcc_rst.sckt_wr_rst_cc[0]
    SLICE_X107Y19        LUT3 (Prop_lut3_I1_O)        0.124     0.645 f  i_axi_dwidth_converter_dm_slave/inst/gen_downsizer.gen_simple_downsizer.axi_downsizer_inst/USE_READ.read_addr_inst/cmd_queue/inst/fifo_gen_inst/inst_fifo_gen/gconvfifo.rf/grf.rf/rstblk/gpregsm1.curr_fwft_state[1]_i_2/O
                         net (fo=32, routed)          1.917     2.563    i_axi_dwidth_converter_dm_slave/inst/gen_downsizer.gen_simple_downsizer.axi_downsizer_inst/USE_READ.read_addr_inst/cmd_queue/inst/fifo_gen_inst/inst_fifo_gen/gconvfifo.rf/grf.rf/gntv_or_sync_fifo.gl0.rd/rpntr/gc0.count_d1_reg[4]_1
    SLICE_X103Y22        FDCE                                         f  i_axi_dwidth_converter_dm_slave/inst/gen_downsizer.gen_simple_downsizer.axi_downsizer_inst/USE_READ.read_addr_inst/cmd_queue/inst/fifo_gen_inst/inst_fifo_gen/gconvfifo.rf/grf.rf/gntv_or_sync_fifo.gl0.rd/rpntr/gc0.count_d1_reg[2]/CLR
  -------------------------------------------------------------------    -------------------

                         (clock clk_out1_xlnx_clk_gen rise edge)
                                                     20.000    20.000 r  
    K17                                               0.000    20.000 r  clk_sys (IN)
                         net (fo=0)                   0.000    20.000    i_xlnx_clk_gen/inst/clk_in1
    K17                  IBUF (Prop_ibuf_I_O)         1.404    21.404 r  i_xlnx_clk_gen/inst/clkin1_ibufg/O
                         net (fo=1, routed)           1.162    22.566    i_xlnx_clk_gen/inst/clk_in1_xlnx_clk_gen
    MMCME2_ADV_X1Y2      MMCME2_ADV (Prop_mmcme2_adv_CLKIN1_CLKOUT0)
                                                     -7.814    14.752 r  i_xlnx_clk_gen/inst/mmcm_adv_inst/CLKOUT0
                         net (fo=1, routed)           2.012    16.764    i_xlnx_clk_gen/inst/clk_out1_xlnx_clk_gen
    BUFGCTRL_X0Y16       BUFG (Prop_bufg_I_O)         0.091    16.855 r  i_xlnx_clk_gen/inst/clkout1_buf/O
                         net (fo=20038, routed)       1.611    18.466    i_axi_dwidth_converter_dm_slave/inst/gen_downsizer.gen_simple_downsizer.axi_downsizer_inst/USE_READ.read_addr_inst/cmd_queue/inst/fifo_gen_inst/inst_fifo_gen/gconvfifo.rf/grf.rf/gntv_or_sync_fifo.gl0.rd/rpntr/clk
    SLICE_X103Y22        FDCE                                         r  i_axi_dwidth_converter_dm_slave/inst/gen_downsizer.gen_simple_downsizer.axi_downsizer_inst/USE_READ.read_addr_inst/cmd_queue/inst/fifo_gen_inst/inst_fifo_gen/gconvfifo.rf/grf.rf/gntv_or_sync_fifo.gl0.rd/rpntr/gc0.count_d1_reg[2]/C
                         clock pessimism              0.567    19.034    
                         clock uncertainty           -0.079    18.954    
    SLICE_X103Y22        FDCE (Recov_fdce_C_CLR)     -0.405    18.549    i_axi_dwidth_converter_dm_slave/inst/gen_downsizer.gen_simple_downsizer.axi_downsizer_inst/USE_READ.read_addr_inst/cmd_queue/inst/fifo_gen_inst/inst_fifo_gen/gconvfifo.rf/grf.rf/gntv_or_sync_fifo.gl0.rd/rpntr/gc0.count_d1_reg[2]
  -------------------------------------------------------------------
                         required time                         18.549    
                         arrival time                          -2.563    
  -------------------------------------------------------------------
                         slack                                 15.987    

Slack (MET) :             15.987ns  (required time - arrival time)
  Source:                 i_axi_dwidth_converter_dm_slave/inst/gen_downsizer.gen_simple_downsizer.axi_downsizer_inst/USE_READ.read_addr_inst/cmd_queue/inst/fifo_gen_inst/inst_fifo_gen/gconvfifo.rf/grf.rf/rstblk/ngwrdrst.grst.g7serrst.gnsckt_wrst.gcc_rst.sckt_wr_rst_cc_reg[0]/C
                            (rising edge-triggered cell FDRE clocked by clk_out1_xlnx_clk_gen  {rise@0.000ns fall@10.000ns period=20.000ns})
  Destination:            i_axi_dwidth_converter_dm_slave/inst/gen_downsizer.gen_simple_downsizer.axi_downsizer_inst/USE_READ.read_addr_inst/cmd_queue/inst/fifo_gen_inst/inst_fifo_gen/gconvfifo.rf/grf.rf/gntv_or_sync_fifo.gl0.rd/rpntr/gc0.count_d1_reg[3]/CLR
                            (recovery check against rising-edge clock clk_out1_xlnx_clk_gen  {rise@0.000ns fall@10.000ns period=20.000ns})
  Path Group:             **async_default**
  Path Type:              Recovery (Max at Slow Process Corner)
  Requirement:            20.000ns  (clk_out1_xlnx_clk_gen rise@20.000ns - clk_out1_xlnx_clk_gen rise@0.000ns)
  Data Path Delay:        3.386ns  (logic 0.642ns (18.961%)  route 2.744ns (81.039%))
  Logic Levels:           1  (LUT3=1)
  Clock Path Skew:        -0.143ns (DCD - SCD + CPR)
    Destination Clock Delay (DCD):    -1.534ns = ( 18.466 - 20.000 ) 
    Source Clock Delay      (SCD):    -0.823ns
    Clock Pessimism Removal (CPR):    0.567ns
  Clock Uncertainty:      0.079ns  ((TSJ^2 + DJ^2)^1/2) / 2 + PE
    Total System Jitter     (TSJ):    0.071ns
    Discrete Jitter          (DJ):    0.142ns
    Phase Error              (PE):    0.000ns

    Location             Delay type                Incr(ns)  Path(ns)    Netlist Resource(s)
  -------------------------------------------------------------------    -------------------
                         (clock clk_out1_xlnx_clk_gen rise edge)
                                                      0.000     0.000 r  
    K17                                               0.000     0.000 r  clk_sys (IN)
                         net (fo=0)                   0.000     0.000    i_xlnx_clk_gen/inst/clk_in1
    K17                  IBUF (Prop_ibuf_I_O)         1.475     1.475 r  i_xlnx_clk_gen/inst/clkin1_ibufg/O
                         net (fo=1, routed)           1.285     2.760    i_xlnx_clk_gen/inst/clk_in1_xlnx_clk_gen
    MMCME2_ADV_X1Y2      MMCME2_ADV (Prop_mmcme2_adv_CLKIN1_CLKOUT0)
                                                     -7.759    -4.999 r  i_xlnx_clk_gen/inst/mmcm_adv_inst/CLKOUT0
                         net (fo=1, routed)           2.206    -2.793    i_xlnx_clk_gen/inst/clk_out1_xlnx_clk_gen
    BUFGCTRL_X0Y16       BUFG (Prop_bufg_I_O)         0.101    -2.692 r  i_xlnx_clk_gen/inst/clkout1_buf/O
                         net (fo=20038, routed)       1.869    -0.823    i_axi_dwidth_converter_dm_slave/inst/gen_downsizer.gen_simple_downsizer.axi_downsizer_inst/USE_READ.read_addr_inst/cmd_queue/inst/fifo_gen_inst/inst_fifo_gen/gconvfifo.rf/grf.rf/rstblk/clk
    SLICE_X108Y19        FDRE                                         r  i_axi_dwidth_converter_dm_slave/inst/gen_downsizer.gen_simple_downsizer.axi_downsizer_inst/USE_READ.read_addr_inst/cmd_queue/inst/fifo_gen_inst/inst_fifo_gen/gconvfifo.rf/grf.rf/rstblk/ngwrdrst.grst.g7serrst.gnsckt_wrst.gcc_rst.sckt_wr_rst_cc_reg[0]/C
  -------------------------------------------------------------------    -------------------
    SLICE_X108Y19        FDRE (Prop_fdre_C_Q)         0.518    -0.305 f  i_axi_dwidth_converter_dm_slave/inst/gen_downsizer.gen_simple_downsizer.axi_downsizer_inst/USE_READ.read_addr_inst/cmd_queue/inst/fifo_gen_inst/inst_fifo_gen/gconvfifo.rf/grf.rf/rstblk/ngwrdrst.grst.g7serrst.gnsckt_wrst.gcc_rst.sckt_wr_rst_cc_reg[0]/Q
                         net (fo=3, routed)           0.826     0.521    i_axi_dwidth_converter_dm_slave/inst/gen_downsizer.gen_simple_downsizer.axi_downsizer_inst/USE_READ.read_addr_inst/cmd_queue/inst/fifo_gen_inst/inst_fifo_gen/gconvfifo.rf/grf.rf/rstblk/ngwrdrst.grst.g7serrst.gnsckt_wrst.gcc_rst.sckt_wr_rst_cc[0]
    SLICE_X107Y19        LUT3 (Prop_lut3_I1_O)        0.124     0.645 f  i_axi_dwidth_converter_dm_slave/inst/gen_downsizer.gen_simple_downsizer.axi_downsizer_inst/USE_READ.read_addr_inst/cmd_queue/inst/fifo_gen_inst/inst_fifo_gen/gconvfifo.rf/grf.rf/rstblk/gpregsm1.curr_fwft_state[1]_i_2/O
                         net (fo=32, routed)          1.917     2.563    i_axi_dwidth_converter_dm_slave/inst/gen_downsizer.gen_simple_downsizer.axi_downsizer_inst/USE_READ.read_addr_inst/cmd_queue/inst/fifo_gen_inst/inst_fifo_gen/gconvfifo.rf/grf.rf/gntv_or_sync_fifo.gl0.rd/rpntr/gc0.count_d1_reg[4]_1
    SLICE_X103Y22        FDCE                                         f  i_axi_dwidth_converter_dm_slave/inst/gen_downsizer.gen_simple_downsizer.axi_downsizer_inst/USE_READ.read_addr_inst/cmd_queue/inst/fifo_gen_inst/inst_fifo_gen/gconvfifo.rf/grf.rf/gntv_or_sync_fifo.gl0.rd/rpntr/gc0.count_d1_reg[3]/CLR
  -------------------------------------------------------------------    -------------------

                         (clock clk_out1_xlnx_clk_gen rise edge)
                                                     20.000    20.000 r  
    K17                                               0.000    20.000 r  clk_sys (IN)
                         net (fo=0)                   0.000    20.000    i_xlnx_clk_gen/inst/clk_in1
    K17                  IBUF (Prop_ibuf_I_O)         1.404    21.404 r  i_xlnx_clk_gen/inst/clkin1_ibufg/O
                         net (fo=1, routed)           1.162    22.566    i_xlnx_clk_gen/inst/clk_in1_xlnx_clk_gen
    MMCME2_ADV_X1Y2      MMCME2_ADV (Prop_mmcme2_adv_CLKIN1_CLKOUT0)
                                                     -7.814    14.752 r  i_xlnx_clk_gen/inst/mmcm_adv_inst/CLKOUT0
                         net (fo=1, routed)           2.012    16.764    i_xlnx_clk_gen/inst/clk_out1_xlnx_clk_gen
    BUFGCTRL_X0Y16       BUFG (Prop_bufg_I_O)         0.091    16.855 r  i_xlnx_clk_gen/inst/clkout1_buf/O
                         net (fo=20038, routed)       1.611    18.466    i_axi_dwidth_converter_dm_slave/inst/gen_downsizer.gen_simple_downsizer.axi_downsizer_inst/USE_READ.read_addr_inst/cmd_queue/inst/fifo_gen_inst/inst_fifo_gen/gconvfifo.rf/grf.rf/gntv_or_sync_fifo.gl0.rd/rpntr/clk
    SLICE_X103Y22        FDCE                                         r  i_axi_dwidth_converter_dm_slave/inst/gen_downsizer.gen_simple_downsizer.axi_downsizer_inst/USE_READ.read_addr_inst/cmd_queue/inst/fifo_gen_inst/inst_fifo_gen/gconvfifo.rf/grf.rf/gntv_or_sync_fifo.gl0.rd/rpntr/gc0.count_d1_reg[3]/C
                         clock pessimism              0.567    19.034    
                         clock uncertainty           -0.079    18.954    
    SLICE_X103Y22        FDCE (Recov_fdce_C_CLR)     -0.405    18.549    i_axi_dwidth_converter_dm_slave/inst/gen_downsizer.gen_simple_downsizer.axi_downsizer_inst/USE_READ.read_addr_inst/cmd_queue/inst/fifo_gen_inst/inst_fifo_gen/gconvfifo.rf/grf.rf/gntv_or_sync_fifo.gl0.rd/rpntr/gc0.count_d1_reg[3]
  -------------------------------------------------------------------
                         required time                         18.549    
                         arrival time                          -2.563    
  -------------------------------------------------------------------
                         slack                                 15.987    

Slack (MET) :             15.987ns  (required time - arrival time)
  Source:                 i_axi_dwidth_converter_dm_slave/inst/gen_downsizer.gen_simple_downsizer.axi_downsizer_inst/USE_READ.read_addr_inst/cmd_queue/inst/fifo_gen_inst/inst_fifo_gen/gconvfifo.rf/grf.rf/rstblk/ngwrdrst.grst.g7serrst.gnsckt_wrst.gcc_rst.sckt_wr_rst_cc_reg[0]/C
                            (rising edge-triggered cell FDRE clocked by clk_out1_xlnx_clk_gen  {rise@0.000ns fall@10.000ns period=20.000ns})
  Destination:            i_axi_dwidth_converter_dm_slave/inst/gen_downsizer.gen_simple_downsizer.axi_downsizer_inst/USE_READ.read_addr_inst/cmd_queue/inst/fifo_gen_inst/inst_fifo_gen/gconvfifo.rf/grf.rf/gntv_or_sync_fifo.gl0.rd/rpntr/gc0.count_d1_reg[4]/CLR
                            (recovery check against rising-edge clock clk_out1_xlnx_clk_gen  {rise@0.000ns fall@10.000ns period=20.000ns})
  Path Group:             **async_default**
  Path Type:              Recovery (Max at Slow Process Corner)
  Requirement:            20.000ns  (clk_out1_xlnx_clk_gen rise@20.000ns - clk_out1_xlnx_clk_gen rise@0.000ns)
  Data Path Delay:        3.386ns  (logic 0.642ns (18.961%)  route 2.744ns (81.039%))
  Logic Levels:           1  (LUT3=1)
  Clock Path Skew:        -0.143ns (DCD - SCD + CPR)
    Destination Clock Delay (DCD):    -1.534ns = ( 18.466 - 20.000 ) 
    Source Clock Delay      (SCD):    -0.823ns
    Clock Pessimism Removal (CPR):    0.567ns
  Clock Uncertainty:      0.079ns  ((TSJ^2 + DJ^2)^1/2) / 2 + PE
    Total System Jitter     (TSJ):    0.071ns
    Discrete Jitter          (DJ):    0.142ns
    Phase Error              (PE):    0.000ns

    Location             Delay type                Incr(ns)  Path(ns)    Netlist Resource(s)
  -------------------------------------------------------------------    -------------------
                         (clock clk_out1_xlnx_clk_gen rise edge)
                                                      0.000     0.000 r  
    K17                                               0.000     0.000 r  clk_sys (IN)
                         net (fo=0)                   0.000     0.000    i_xlnx_clk_gen/inst/clk_in1
    K17                  IBUF (Prop_ibuf_I_O)         1.475     1.475 r  i_xlnx_clk_gen/inst/clkin1_ibufg/O
                         net (fo=1, routed)           1.285     2.760    i_xlnx_clk_gen/inst/clk_in1_xlnx_clk_gen
    MMCME2_ADV_X1Y2      MMCME2_ADV (Prop_mmcme2_adv_CLKIN1_CLKOUT0)
                                                     -7.759    -4.999 r  i_xlnx_clk_gen/inst/mmcm_adv_inst/CLKOUT0
                         net (fo=1, routed)           2.206    -2.793    i_xlnx_clk_gen/inst/clk_out1_xlnx_clk_gen
    BUFGCTRL_X0Y16       BUFG (Prop_bufg_I_O)         0.101    -2.692 r  i_xlnx_clk_gen/inst/clkout1_buf/O
                         net (fo=20038, routed)       1.869    -0.823    i_axi_dwidth_converter_dm_slave/inst/gen_downsizer.gen_simple_downsizer.axi_downsizer_inst/USE_READ.read_addr_inst/cmd_queue/inst/fifo_gen_inst/inst_fifo_gen/gconvfifo.rf/grf.rf/rstblk/clk
    SLICE_X108Y19        FDRE                                         r  i_axi_dwidth_converter_dm_slave/inst/gen_downsizer.gen_simple_downsizer.axi_downsizer_inst/USE_READ.read_addr_inst/cmd_queue/inst/fifo_gen_inst/inst_fifo_gen/gconvfifo.rf/grf.rf/rstblk/ngwrdrst.grst.g7serrst.gnsckt_wrst.gcc_rst.sckt_wr_rst_cc_reg[0]/C
  -------------------------------------------------------------------    -------------------
    SLICE_X108Y19        FDRE (Prop_fdre_C_Q)         0.518    -0.305 f  i_axi_dwidth_converter_dm_slave/inst/gen_downsizer.gen_simple_downsizer.axi_downsizer_inst/USE_READ.read_addr_inst/cmd_queue/inst/fifo_gen_inst/inst_fifo_gen/gconvfifo.rf/grf.rf/rstblk/ngwrdrst.grst.g7serrst.gnsckt_wrst.gcc_rst.sckt_wr_rst_cc_reg[0]/Q
                         net (fo=3, routed)           0.826     0.521    i_axi_dwidth_converter_dm_slave/inst/gen_downsizer.gen_simple_downsizer.axi_downsizer_inst/USE_READ.read_addr_inst/cmd_queue/inst/fifo_gen_inst/inst_fifo_gen/gconvfifo.rf/grf.rf/rstblk/ngwrdrst.grst.g7serrst.gnsckt_wrst.gcc_rst.sckt_wr_rst_cc[0]
    SLICE_X107Y19        LUT3 (Prop_lut3_I1_O)        0.124     0.645 f  i_axi_dwidth_converter_dm_slave/inst/gen_downsizer.gen_simple_downsizer.axi_downsizer_inst/USE_READ.read_addr_inst/cmd_queue/inst/fifo_gen_inst/inst_fifo_gen/gconvfifo.rf/grf.rf/rstblk/gpregsm1.curr_fwft_state[1]_i_2/O
                         net (fo=32, routed)          1.917     2.563    i_axi_dwidth_converter_dm_slave/inst/gen_downsizer.gen_simple_downsizer.axi_downsizer_inst/USE_READ.read_addr_inst/cmd_queue/inst/fifo_gen_inst/inst_fifo_gen/gconvfifo.rf/grf.rf/gntv_or_sync_fifo.gl0.rd/rpntr/gc0.count_d1_reg[4]_1
    SLICE_X103Y22        FDCE                                         f  i_axi_dwidth_converter_dm_slave/inst/gen_downsizer.gen_simple_downsizer.axi_downsizer_inst/USE_READ.read_addr_inst/cmd_queue/inst/fifo_gen_inst/inst_fifo_gen/gconvfifo.rf/grf.rf/gntv_or_sync_fifo.gl0.rd/rpntr/gc0.count_d1_reg[4]/CLR
  -------------------------------------------------------------------    -------------------

                         (clock clk_out1_xlnx_clk_gen rise edge)
                                                     20.000    20.000 r  
    K17                                               0.000    20.000 r  clk_sys (IN)
                         net (fo=0)                   0.000    20.000    i_xlnx_clk_gen/inst/clk_in1
    K17                  IBUF (Prop_ibuf_I_O)         1.404    21.404 r  i_xlnx_clk_gen/inst/clkin1_ibufg/O
                         net (fo=1, routed)           1.162    22.566    i_xlnx_clk_gen/inst/clk_in1_xlnx_clk_gen
    MMCME2_ADV_X1Y2      MMCME2_ADV (Prop_mmcme2_adv_CLKIN1_CLKOUT0)
                                                     -7.814    14.752 r  i_xlnx_clk_gen/inst/mmcm_adv_inst/CLKOUT0
                         net (fo=1, routed)           2.012    16.764    i_xlnx_clk_gen/inst/clk_out1_xlnx_clk_gen
    BUFGCTRL_X0Y16       BUFG (Prop_bufg_I_O)         0.091    16.855 r  i_xlnx_clk_gen/inst/clkout1_buf/O
                         net (fo=20038, routed)       1.611    18.466    i_axi_dwidth_converter_dm_slave/inst/gen_downsizer.gen_simple_downsizer.axi_downsizer_inst/USE_READ.read_addr_inst/cmd_queue/inst/fifo_gen_inst/inst_fifo_gen/gconvfifo.rf/grf.rf/gntv_or_sync_fifo.gl0.rd/rpntr/clk
    SLICE_X103Y22        FDCE                                         r  i_axi_dwidth_converter_dm_slave/inst/gen_downsizer.gen_simple_downsizer.axi_downsizer_inst/USE_READ.read_addr_inst/cmd_queue/inst/fifo_gen_inst/inst_fifo_gen/gconvfifo.rf/grf.rf/gntv_or_sync_fifo.gl0.rd/rpntr/gc0.count_d1_reg[4]/C
                         clock pessimism              0.567    19.034    
                         clock uncertainty           -0.079    18.954    
    SLICE_X103Y22        FDCE (Recov_fdce_C_CLR)     -0.405    18.549    i_axi_dwidth_converter_dm_slave/inst/gen_downsizer.gen_simple_downsizer.axi_downsizer_inst/USE_READ.read_addr_inst/cmd_queue/inst/fifo_gen_inst/inst_fifo_gen/gconvfifo.rf/grf.rf/gntv_or_sync_fifo.gl0.rd/rpntr/gc0.count_d1_reg[4]
  -------------------------------------------------------------------
                         required time                         18.549    
                         arrival time                          -2.563    
  -------------------------------------------------------------------
                         slack                                 15.987    

Slack (MET) :             15.987ns  (required time - arrival time)
  Source:                 i_axi_dwidth_converter_dm_slave/inst/gen_downsizer.gen_simple_downsizer.axi_downsizer_inst/USE_READ.read_addr_inst/cmd_queue/inst/fifo_gen_inst/inst_fifo_gen/gconvfifo.rf/grf.rf/rstblk/ngwrdrst.grst.g7serrst.gnsckt_wrst.gcc_rst.sckt_wr_rst_cc_reg[0]/C
                            (rising edge-triggered cell FDRE clocked by clk_out1_xlnx_clk_gen  {rise@0.000ns fall@10.000ns period=20.000ns})
  Destination:            i_axi_dwidth_converter_dm_slave/inst/gen_downsizer.gen_simple_downsizer.axi_downsizer_inst/USE_READ.read_addr_inst/cmd_queue/inst/fifo_gen_inst/inst_fifo_gen/gconvfifo.rf/grf.rf/gntv_or_sync_fifo.gl0.rd/rpntr/gc0.count_reg[3]/CLR
                            (recovery check against rising-edge clock clk_out1_xlnx_clk_gen  {rise@0.000ns fall@10.000ns period=20.000ns})
  Path Group:             **async_default**
  Path Type:              Recovery (Max at Slow Process Corner)
  Requirement:            20.000ns  (clk_out1_xlnx_clk_gen rise@20.000ns - clk_out1_xlnx_clk_gen rise@0.000ns)
  Data Path Delay:        3.386ns  (logic 0.642ns (18.961%)  route 2.744ns (81.039%))
  Logic Levels:           1  (LUT3=1)
  Clock Path Skew:        -0.143ns (DCD - SCD + CPR)
    Destination Clock Delay (DCD):    -1.534ns = ( 18.466 - 20.000 ) 
    Source Clock Delay      (SCD):    -0.823ns
    Clock Pessimism Removal (CPR):    0.567ns
  Clock Uncertainty:      0.079ns  ((TSJ^2 + DJ^2)^1/2) / 2 + PE
    Total System Jitter     (TSJ):    0.071ns
    Discrete Jitter          (DJ):    0.142ns
    Phase Error              (PE):    0.000ns

    Location             Delay type                Incr(ns)  Path(ns)    Netlist Resource(s)
  -------------------------------------------------------------------    -------------------
                         (clock clk_out1_xlnx_clk_gen rise edge)
                                                      0.000     0.000 r  
    K17                                               0.000     0.000 r  clk_sys (IN)
                         net (fo=0)                   0.000     0.000    i_xlnx_clk_gen/inst/clk_in1
    K17                  IBUF (Prop_ibuf_I_O)         1.475     1.475 r  i_xlnx_clk_gen/inst/clkin1_ibufg/O
                         net (fo=1, routed)           1.285     2.760    i_xlnx_clk_gen/inst/clk_in1_xlnx_clk_gen
    MMCME2_ADV_X1Y2      MMCME2_ADV (Prop_mmcme2_adv_CLKIN1_CLKOUT0)
                                                     -7.759    -4.999 r  i_xlnx_clk_gen/inst/mmcm_adv_inst/CLKOUT0
                         net (fo=1, routed)           2.206    -2.793    i_xlnx_clk_gen/inst/clk_out1_xlnx_clk_gen
    BUFGCTRL_X0Y16       BUFG (Prop_bufg_I_O)         0.101    -2.692 r  i_xlnx_clk_gen/inst/clkout1_buf/O
                         net (fo=20038, routed)       1.869    -0.823    i_axi_dwidth_converter_dm_slave/inst/gen_downsizer.gen_simple_downsizer.axi_downsizer_inst/USE_READ.read_addr_inst/cmd_queue/inst/fifo_gen_inst/inst_fifo_gen/gconvfifo.rf/grf.rf/rstblk/clk
    SLICE_X108Y19        FDRE                                         r  i_axi_dwidth_converter_dm_slave/inst/gen_downsizer.gen_simple_downsizer.axi_downsizer_inst/USE_READ.read_addr_inst/cmd_queue/inst/fifo_gen_inst/inst_fifo_gen/gconvfifo.rf/grf.rf/rstblk/ngwrdrst.grst.g7serrst.gnsckt_wrst.gcc_rst.sckt_wr_rst_cc_reg[0]/C
  -------------------------------------------------------------------    -------------------
    SLICE_X108Y19        FDRE (Prop_fdre_C_Q)         0.518    -0.305 f  i_axi_dwidth_converter_dm_slave/inst/gen_downsizer.gen_simple_downsizer.axi_downsizer_inst/USE_READ.read_addr_inst/cmd_queue/inst/fifo_gen_inst/inst_fifo_gen/gconvfifo.rf/grf.rf/rstblk/ngwrdrst.grst.g7serrst.gnsckt_wrst.gcc_rst.sckt_wr_rst_cc_reg[0]/Q
                         net (fo=3, routed)           0.826     0.521    i_axi_dwidth_converter_dm_slave/inst/gen_downsizer.gen_simple_downsizer.axi_downsizer_inst/USE_READ.read_addr_inst/cmd_queue/inst/fifo_gen_inst/inst_fifo_gen/gconvfifo.rf/grf.rf/rstblk/ngwrdrst.grst.g7serrst.gnsckt_wrst.gcc_rst.sckt_wr_rst_cc[0]
    SLICE_X107Y19        LUT3 (Prop_lut3_I1_O)        0.124     0.645 f  i_axi_dwidth_converter_dm_slave/inst/gen_downsizer.gen_simple_downsizer.axi_downsizer_inst/USE_READ.read_addr_inst/cmd_queue/inst/fifo_gen_inst/inst_fifo_gen/gconvfifo.rf/grf.rf/rstblk/gpregsm1.curr_fwft_state[1]_i_2/O
                         net (fo=32, routed)          1.917     2.563    i_axi_dwidth_converter_dm_slave/inst/gen_downsizer.gen_simple_downsizer.axi_downsizer_inst/USE_READ.read_addr_inst/cmd_queue/inst/fifo_gen_inst/inst_fifo_gen/gconvfifo.rf/grf.rf/gntv_or_sync_fifo.gl0.rd/rpntr/gc0.count_d1_reg[4]_1
    SLICE_X103Y22        FDCE                                         f  i_axi_dwidth_converter_dm_slave/inst/gen_downsizer.gen_simple_downsizer.axi_downsizer_inst/USE_READ.read_addr_inst/cmd_queue/inst/fifo_gen_inst/inst_fifo_gen/gconvfifo.rf/grf.rf/gntv_or_sync_fifo.gl0.rd/rpntr/gc0.count_reg[3]/CLR
  -------------------------------------------------------------------    -------------------

                         (clock clk_out1_xlnx_clk_gen rise edge)
                                                     20.000    20.000 r  
    K17                                               0.000    20.000 r  clk_sys (IN)
                         net (fo=0)                   0.000    20.000    i_xlnx_clk_gen/inst/clk_in1
    K17                  IBUF (Prop_ibuf_I_O)         1.404    21.404 r  i_xlnx_clk_gen/inst/clkin1_ibufg/O
                         net (fo=1, routed)           1.162    22.566    i_xlnx_clk_gen/inst/clk_in1_xlnx_clk_gen
    MMCME2_ADV_X1Y2      MMCME2_ADV (Prop_mmcme2_adv_CLKIN1_CLKOUT0)
                                                     -7.814    14.752 r  i_xlnx_clk_gen/inst/mmcm_adv_inst/CLKOUT0
                         net (fo=1, routed)           2.012    16.764    i_xlnx_clk_gen/inst/clk_out1_xlnx_clk_gen
    BUFGCTRL_X0Y16       BUFG (Prop_bufg_I_O)         0.091    16.855 r  i_xlnx_clk_gen/inst/clkout1_buf/O
                         net (fo=20038, routed)       1.611    18.466    i_axi_dwidth_converter_dm_slave/inst/gen_downsizer.gen_simple_downsizer.axi_downsizer_inst/USE_READ.read_addr_inst/cmd_queue/inst/fifo_gen_inst/inst_fifo_gen/gconvfifo.rf/grf.rf/gntv_or_sync_fifo.gl0.rd/rpntr/clk
    SLICE_X103Y22        FDCE                                         r  i_axi_dwidth_converter_dm_slave/inst/gen_downsizer.gen_simple_downsizer.axi_downsizer_inst/USE_READ.read_addr_inst/cmd_queue/inst/fifo_gen_inst/inst_fifo_gen/gconvfifo.rf/grf.rf/gntv_or_sync_fifo.gl0.rd/rpntr/gc0.count_reg[3]/C
                         clock pessimism              0.567    19.034    
                         clock uncertainty           -0.079    18.954    
    SLICE_X103Y22        FDCE (Recov_fdce_C_CLR)     -0.405    18.549    i_axi_dwidth_converter_dm_slave/inst/gen_downsizer.gen_simple_downsizer.axi_downsizer_inst/USE_READ.read_addr_inst/cmd_queue/inst/fifo_gen_inst/inst_fifo_gen/gconvfifo.rf/grf.rf/gntv_or_sync_fifo.gl0.rd/rpntr/gc0.count_reg[3]
  -------------------------------------------------------------------
                         required time                         18.549    
                         arrival time                          -2.563    
  -------------------------------------------------------------------
                         slack                                 15.987    

Slack (MET) :             15.987ns  (required time - arrival time)
  Source:                 i_axi_dwidth_converter_dm_slave/inst/gen_downsizer.gen_simple_downsizer.axi_downsizer_inst/USE_READ.read_addr_inst/cmd_queue/inst/fifo_gen_inst/inst_fifo_gen/gconvfifo.rf/grf.rf/rstblk/ngwrdrst.grst.g7serrst.gnsckt_wrst.gcc_rst.sckt_wr_rst_cc_reg[0]/C
                            (rising edge-triggered cell FDRE clocked by clk_out1_xlnx_clk_gen  {rise@0.000ns fall@10.000ns period=20.000ns})
  Destination:            i_axi_dwidth_converter_dm_slave/inst/gen_downsizer.gen_simple_downsizer.axi_downsizer_inst/USE_READ.read_addr_inst/cmd_queue/inst/fifo_gen_inst/inst_fifo_gen/gconvfifo.rf/grf.rf/gntv_or_sync_fifo.gl0.rd/rpntr/gc0.count_reg[4]/CLR
                            (recovery check against rising-edge clock clk_out1_xlnx_clk_gen  {rise@0.000ns fall@10.000ns period=20.000ns})
  Path Group:             **async_default**
  Path Type:              Recovery (Max at Slow Process Corner)
  Requirement:            20.000ns  (clk_out1_xlnx_clk_gen rise@20.000ns - clk_out1_xlnx_clk_gen rise@0.000ns)
  Data Path Delay:        3.386ns  (logic 0.642ns (18.961%)  route 2.744ns (81.039%))
  Logic Levels:           1  (LUT3=1)
  Clock Path Skew:        -0.143ns (DCD - SCD + CPR)
    Destination Clock Delay (DCD):    -1.534ns = ( 18.466 - 20.000 ) 
    Source Clock Delay      (SCD):    -0.823ns
    Clock Pessimism Removal (CPR):    0.567ns
  Clock Uncertainty:      0.079ns  ((TSJ^2 + DJ^2)^1/2) / 2 + PE
    Total System Jitter     (TSJ):    0.071ns
    Discrete Jitter          (DJ):    0.142ns
    Phase Error              (PE):    0.000ns

    Location             Delay type                Incr(ns)  Path(ns)    Netlist Resource(s)
  -------------------------------------------------------------------    -------------------
                         (clock clk_out1_xlnx_clk_gen rise edge)
                                                      0.000     0.000 r  
    K17                                               0.000     0.000 r  clk_sys (IN)
                         net (fo=0)                   0.000     0.000    i_xlnx_clk_gen/inst/clk_in1
    K17                  IBUF (Prop_ibuf_I_O)         1.475     1.475 r  i_xlnx_clk_gen/inst/clkin1_ibufg/O
                         net (fo=1, routed)           1.285     2.760    i_xlnx_clk_gen/inst/clk_in1_xlnx_clk_gen
    MMCME2_ADV_X1Y2      MMCME2_ADV (Prop_mmcme2_adv_CLKIN1_CLKOUT0)
                                                     -7.759    -4.999 r  i_xlnx_clk_gen/inst/mmcm_adv_inst/CLKOUT0
                         net (fo=1, routed)           2.206    -2.793    i_xlnx_clk_gen/inst/clk_out1_xlnx_clk_gen
    BUFGCTRL_X0Y16       BUFG (Prop_bufg_I_O)         0.101    -2.692 r  i_xlnx_clk_gen/inst/clkout1_buf/O
                         net (fo=20038, routed)       1.869    -0.823    i_axi_dwidth_converter_dm_slave/inst/gen_downsizer.gen_simple_downsizer.axi_downsizer_inst/USE_READ.read_addr_inst/cmd_queue/inst/fifo_gen_inst/inst_fifo_gen/gconvfifo.rf/grf.rf/rstblk/clk
    SLICE_X108Y19        FDRE                                         r  i_axi_dwidth_converter_dm_slave/inst/gen_downsizer.gen_simple_downsizer.axi_downsizer_inst/USE_READ.read_addr_inst/cmd_queue/inst/fifo_gen_inst/inst_fifo_gen/gconvfifo.rf/grf.rf/rstblk/ngwrdrst.grst.g7serrst.gnsckt_wrst.gcc_rst.sckt_wr_rst_cc_reg[0]/C
  -------------------------------------------------------------------    -------------------
    SLICE_X108Y19        FDRE (Prop_fdre_C_Q)         0.518    -0.305 f  i_axi_dwidth_converter_dm_slave/inst/gen_downsizer.gen_simple_downsizer.axi_downsizer_inst/USE_READ.read_addr_inst/cmd_queue/inst/fifo_gen_inst/inst_fifo_gen/gconvfifo.rf/grf.rf/rstblk/ngwrdrst.grst.g7serrst.gnsckt_wrst.gcc_rst.sckt_wr_rst_cc_reg[0]/Q
                         net (fo=3, routed)           0.826     0.521    i_axi_dwidth_converter_dm_slave/inst/gen_downsizer.gen_simple_downsizer.axi_downsizer_inst/USE_READ.read_addr_inst/cmd_queue/inst/fifo_gen_inst/inst_fifo_gen/gconvfifo.rf/grf.rf/rstblk/ngwrdrst.grst.g7serrst.gnsckt_wrst.gcc_rst.sckt_wr_rst_cc[0]
    SLICE_X107Y19        LUT3 (Prop_lut3_I1_O)        0.124     0.645 f  i_axi_dwidth_converter_dm_slave/inst/gen_downsizer.gen_simple_downsizer.axi_downsizer_inst/USE_READ.read_addr_inst/cmd_queue/inst/fifo_gen_inst/inst_fifo_gen/gconvfifo.rf/grf.rf/rstblk/gpregsm1.curr_fwft_state[1]_i_2/O
                         net (fo=32, routed)          1.917     2.563    i_axi_dwidth_converter_dm_slave/inst/gen_downsizer.gen_simple_downsizer.axi_downsizer_inst/USE_READ.read_addr_inst/cmd_queue/inst/fifo_gen_inst/inst_fifo_gen/gconvfifo.rf/grf.rf/gntv_or_sync_fifo.gl0.rd/rpntr/gc0.count_d1_reg[4]_1
    SLICE_X103Y22        FDCE                                         f  i_axi_dwidth_converter_dm_slave/inst/gen_downsizer.gen_simple_downsizer.axi_downsizer_inst/USE_READ.read_addr_inst/cmd_queue/inst/fifo_gen_inst/inst_fifo_gen/gconvfifo.rf/grf.rf/gntv_or_sync_fifo.gl0.rd/rpntr/gc0.count_reg[4]/CLR
  -------------------------------------------------------------------    -------------------

                         (clock clk_out1_xlnx_clk_gen rise edge)
                                                     20.000    20.000 r  
    K17                                               0.000    20.000 r  clk_sys (IN)
                         net (fo=0)                   0.000    20.000    i_xlnx_clk_gen/inst/clk_in1
    K17                  IBUF (Prop_ibuf_I_O)         1.404    21.404 r  i_xlnx_clk_gen/inst/clkin1_ibufg/O
                         net (fo=1, routed)           1.162    22.566    i_xlnx_clk_gen/inst/clk_in1_xlnx_clk_gen
    MMCME2_ADV_X1Y2      MMCME2_ADV (Prop_mmcme2_adv_CLKIN1_CLKOUT0)
                                                     -7.814    14.752 r  i_xlnx_clk_gen/inst/mmcm_adv_inst/CLKOUT0
                         net (fo=1, routed)           2.012    16.764    i_xlnx_clk_gen/inst/clk_out1_xlnx_clk_gen
    BUFGCTRL_X0Y16       BUFG (Prop_bufg_I_O)         0.091    16.855 r  i_xlnx_clk_gen/inst/clkout1_buf/O
                         net (fo=20038, routed)       1.611    18.466    i_axi_dwidth_converter_dm_slave/inst/gen_downsizer.gen_simple_downsizer.axi_downsizer_inst/USE_READ.read_addr_inst/cmd_queue/inst/fifo_gen_inst/inst_fifo_gen/gconvfifo.rf/grf.rf/gntv_or_sync_fifo.gl0.rd/rpntr/clk
    SLICE_X103Y22        FDCE                                         r  i_axi_dwidth_converter_dm_slave/inst/gen_downsizer.gen_simple_downsizer.axi_downsizer_inst/USE_READ.read_addr_inst/cmd_queue/inst/fifo_gen_inst/inst_fifo_gen/gconvfifo.rf/grf.rf/gntv_or_sync_fifo.gl0.rd/rpntr/gc0.count_reg[4]/C
                         clock pessimism              0.567    19.034    
                         clock uncertainty           -0.079    18.954    
    SLICE_X103Y22        FDCE (Recov_fdce_C_CLR)     -0.405    18.549    i_axi_dwidth_converter_dm_slave/inst/gen_downsizer.gen_simple_downsizer.axi_downsizer_inst/USE_READ.read_addr_inst/cmd_queue/inst/fifo_gen_inst/inst_fifo_gen/gconvfifo.rf/grf.rf/gntv_or_sync_fifo.gl0.rd/rpntr/gc0.count_reg[4]
  -------------------------------------------------------------------
                         required time                         18.549    
                         arrival time                          -2.563    
  -------------------------------------------------------------------
                         slack                                 15.987    

Slack (MET) :             16.100ns  (required time - arrival time)
  Source:                 i_dm_top/i_dm_csrs/dmcontrol_q_reg[ndmreset]/C
                            (rising edge-triggered cell FDCE clocked by clk_out1_xlnx_clk_gen  {rise@0.000ns fall@10.000ns period=20.000ns})
  Destination:            i_rstgen_main/i_rstgen_bypass/synch_regs_q_reg[2]/CLR
                            (recovery check against rising-edge clock clk_out1_xlnx_clk_gen  {rise@0.000ns fall@10.000ns period=20.000ns})
  Path Group:             **async_default**
  Path Type:              Recovery (Max at Slow Process Corner)
  Requirement:            20.000ns  (clk_out1_xlnx_clk_gen rise@20.000ns - clk_out1_xlnx_clk_gen rise@0.000ns)
  Data Path Delay:        3.209ns  (logic 0.580ns (18.073%)  route 2.629ns (81.927%))
  Logic Levels:           1  (LUT2=1)
  Clock Path Skew:        -0.206ns (DCD - SCD + CPR)
    Destination Clock Delay (DCD):    -1.592ns = ( 18.408 - 20.000 ) 
    Source Clock Delay      (SCD):    -0.818ns
    Clock Pessimism Removal (CPR):    0.567ns
  Clock Uncertainty:      0.079ns  ((TSJ^2 + DJ^2)^1/2) / 2 + PE
    Total System Jitter     (TSJ):    0.071ns
    Discrete Jitter          (DJ):    0.142ns
    Phase Error              (PE):    0.000ns

    Location             Delay type                Incr(ns)  Path(ns)    Netlist Resource(s)
  -------------------------------------------------------------------    -------------------
                         (clock clk_out1_xlnx_clk_gen rise edge)
                                                      0.000     0.000 r  
    K17                                               0.000     0.000 r  clk_sys (IN)
                         net (fo=0)                   0.000     0.000    i_xlnx_clk_gen/inst/clk_in1
    K17                  IBUF (Prop_ibuf_I_O)         1.475     1.475 r  i_xlnx_clk_gen/inst/clkin1_ibufg/O
                         net (fo=1, routed)           1.285     2.760    i_xlnx_clk_gen/inst/clk_in1_xlnx_clk_gen
    MMCME2_ADV_X1Y2      MMCME2_ADV (Prop_mmcme2_adv_CLKIN1_CLKOUT0)
                                                     -7.759    -4.999 r  i_xlnx_clk_gen/inst/mmcm_adv_inst/CLKOUT0
                         net (fo=1, routed)           2.206    -2.793    i_xlnx_clk_gen/inst/clk_out1_xlnx_clk_gen
    BUFGCTRL_X0Y16       BUFG (Prop_bufg_I_O)         0.101    -2.692 r  i_xlnx_clk_gen/inst/clkout1_buf/O
                         net (fo=20038, routed)       1.874    -0.818    i_dm_top/i_dm_csrs/clk_out1
    SLICE_X107Y34        FDCE                                         r  i_dm_top/i_dm_csrs/dmcontrol_q_reg[ndmreset]/C
  -------------------------------------------------------------------    -------------------
    SLICE_X107Y34        FDCE (Prop_fdce_C_Q)         0.456    -0.362 f  i_dm_top/i_dm_csrs/dmcontrol_q_reg[ndmreset]/Q
                         net (fo=3, routed)           0.658     0.295    i_dm_top/i_dm_csrs/ndmreset
    SLICE_X109Y35        LUT2 (Prop_lut2_I0_O)        0.124     0.419 f  i_dm_top/i_dm_csrs/synch_regs_q[3]_i_1/O
                         net (fo=4, routed)           1.972     2.391    i_rstgen_main/i_rstgen_bypass/synch_regs_q_reg[3]_1
    SLICE_X88Y18         FDCE                                         f  i_rstgen_main/i_rstgen_bypass/synch_regs_q_reg[2]/CLR
  -------------------------------------------------------------------    -------------------

                         (clock clk_out1_xlnx_clk_gen rise edge)
                                                     20.000    20.000 r  
    K17                                               0.000    20.000 r  clk_sys (IN)
                         net (fo=0)                   0.000    20.000    i_xlnx_clk_gen/inst/clk_in1
    K17                  IBUF (Prop_ibuf_I_O)         1.404    21.404 r  i_xlnx_clk_gen/inst/clkin1_ibufg/O
                         net (fo=1, routed)           1.162    22.566    i_xlnx_clk_gen/inst/clk_in1_xlnx_clk_gen
    MMCME2_ADV_X1Y2      MMCME2_ADV (Prop_mmcme2_adv_CLKIN1_CLKOUT0)
                                                     -7.814    14.752 r  i_xlnx_clk_gen/inst/mmcm_adv_inst/CLKOUT0
                         net (fo=1, routed)           2.012    16.764    i_xlnx_clk_gen/inst/clk_out1_xlnx_clk_gen
    BUFGCTRL_X0Y16       BUFG (Prop_bufg_I_O)         0.091    16.855 r  i_xlnx_clk_gen/inst/clkout1_buf/O
                         net (fo=20038, routed)       1.553    18.408    i_rstgen_main/i_rstgen_bypass/clk_out1
    SLICE_X88Y18         FDCE                                         r  i_rstgen_main/i_rstgen_bypass/synch_regs_q_reg[2]/C
                         clock pessimism              0.567    18.976    
                         clock uncertainty           -0.079    18.896    
    SLICE_X88Y18         FDCE (Recov_fdce_C_CLR)     -0.405    18.491    i_rstgen_main/i_rstgen_bypass/synch_regs_q_reg[2]
  -------------------------------------------------------------------
                         required time                         18.491    
                         arrival time                          -2.391    
  -------------------------------------------------------------------
                         slack                                 16.100    

Slack (MET) :             16.100ns  (required time - arrival time)
  Source:                 i_dm_top/i_dm_csrs/dmcontrol_q_reg[ndmreset]/C
                            (rising edge-triggered cell FDCE clocked by clk_out1_xlnx_clk_gen  {rise@0.000ns fall@10.000ns period=20.000ns})
  Destination:            i_rstgen_main/i_rstgen_bypass/synch_regs_q_reg[3]/CLR
                            (recovery check against rising-edge clock clk_out1_xlnx_clk_gen  {rise@0.000ns fall@10.000ns period=20.000ns})
  Path Group:             **async_default**
  Path Type:              Recovery (Max at Slow Process Corner)
  Requirement:            20.000ns  (clk_out1_xlnx_clk_gen rise@20.000ns - clk_out1_xlnx_clk_gen rise@0.000ns)
  Data Path Delay:        3.209ns  (logic 0.580ns (18.073%)  route 2.629ns (81.927%))
  Logic Levels:           1  (LUT2=1)
  Clock Path Skew:        -0.206ns (DCD - SCD + CPR)
    Destination Clock Delay (DCD):    -1.592ns = ( 18.408 - 20.000 ) 
    Source Clock Delay      (SCD):    -0.818ns
    Clock Pessimism Removal (CPR):    0.567ns
  Clock Uncertainty:      0.079ns  ((TSJ^2 + DJ^2)^1/2) / 2 + PE
    Total System Jitter     (TSJ):    0.071ns
    Discrete Jitter          (DJ):    0.142ns
    Phase Error              (PE):    0.000ns

    Location             Delay type                Incr(ns)  Path(ns)    Netlist Resource(s)
  -------------------------------------------------------------------    -------------------
                         (clock clk_out1_xlnx_clk_gen rise edge)
                                                      0.000     0.000 r  
    K17                                               0.000     0.000 r  clk_sys (IN)
                         net (fo=0)                   0.000     0.000    i_xlnx_clk_gen/inst/clk_in1
    K17                  IBUF (Prop_ibuf_I_O)         1.475     1.475 r  i_xlnx_clk_gen/inst/clkin1_ibufg/O
                         net (fo=1, routed)           1.285     2.760    i_xlnx_clk_gen/inst/clk_in1_xlnx_clk_gen
    MMCME2_ADV_X1Y2      MMCME2_ADV (Prop_mmcme2_adv_CLKIN1_CLKOUT0)
                                                     -7.759    -4.999 r  i_xlnx_clk_gen/inst/mmcm_adv_inst/CLKOUT0
                         net (fo=1, routed)           2.206    -2.793    i_xlnx_clk_gen/inst/clk_out1_xlnx_clk_gen
    BUFGCTRL_X0Y16       BUFG (Prop_bufg_I_O)         0.101    -2.692 r  i_xlnx_clk_gen/inst/clkout1_buf/O
                         net (fo=20038, routed)       1.874    -0.818    i_dm_top/i_dm_csrs/clk_out1
    SLICE_X107Y34        FDCE                                         r  i_dm_top/i_dm_csrs/dmcontrol_q_reg[ndmreset]/C
  -------------------------------------------------------------------    -------------------
    SLICE_X107Y34        FDCE (Prop_fdce_C_Q)         0.456    -0.362 f  i_dm_top/i_dm_csrs/dmcontrol_q_reg[ndmreset]/Q
                         net (fo=3, routed)           0.658     0.295    i_dm_top/i_dm_csrs/ndmreset
    SLICE_X109Y35        LUT2 (Prop_lut2_I0_O)        0.124     0.419 f  i_dm_top/i_dm_csrs/synch_regs_q[3]_i_1/O
                         net (fo=4, routed)           1.972     2.391    i_rstgen_main/i_rstgen_bypass/synch_regs_q_reg[3]_1
    SLICE_X88Y18         FDCE                                         f  i_rstgen_main/i_rstgen_bypass/synch_regs_q_reg[3]/CLR
  -------------------------------------------------------------------    -------------------

                         (clock clk_out1_xlnx_clk_gen rise edge)
                                                     20.000    20.000 r  
    K17                                               0.000    20.000 r  clk_sys (IN)
                         net (fo=0)                   0.000    20.000    i_xlnx_clk_gen/inst/clk_in1
    K17                  IBUF (Prop_ibuf_I_O)         1.404    21.404 r  i_xlnx_clk_gen/inst/clkin1_ibufg/O
                         net (fo=1, routed)           1.162    22.566    i_xlnx_clk_gen/inst/clk_in1_xlnx_clk_gen
    MMCME2_ADV_X1Y2      MMCME2_ADV (Prop_mmcme2_adv_CLKIN1_CLKOUT0)
                                                     -7.814    14.752 r  i_xlnx_clk_gen/inst/mmcm_adv_inst/CLKOUT0
                         net (fo=1, routed)           2.012    16.764    i_xlnx_clk_gen/inst/clk_out1_xlnx_clk_gen
    BUFGCTRL_X0Y16       BUFG (Prop_bufg_I_O)         0.091    16.855 r  i_xlnx_clk_gen/inst/clkout1_buf/O
                         net (fo=20038, routed)       1.553    18.408    i_rstgen_main/i_rstgen_bypass/clk_out1
    SLICE_X88Y18         FDCE                                         r  i_rstgen_main/i_rstgen_bypass/synch_regs_q_reg[3]/C
                         clock pessimism              0.567    18.976    
                         clock uncertainty           -0.079    18.896    
    SLICE_X88Y18         FDCE (Recov_fdce_C_CLR)     -0.405    18.491    i_rstgen_main/i_rstgen_bypass/synch_regs_q_reg[3]
  -------------------------------------------------------------------
                         required time                         18.491    
                         arrival time                          -2.391    
  -------------------------------------------------------------------
                         slack                                 16.100    

Slack (MET) :             16.270ns  (required time - arrival time)
  Source:                 i_axi_dwidth_converter_dm_slave/inst/gen_downsizer.gen_simple_downsizer.axi_downsizer_inst/USE_READ.read_addr_inst/cmd_queue/inst/fifo_gen_inst/inst_fifo_gen/gconvfifo.rf/grf.rf/rstblk/ngwrdrst.grst.g7serrst.gnsckt_wrst.gcc_rst.sckt_wr_rst_cc_reg[0]/C
                            (rising edge-triggered cell FDRE clocked by clk_out1_xlnx_clk_gen  {rise@0.000ns fall@10.000ns period=20.000ns})
  Destination:            i_axi_dwidth_converter_dm_slave/inst/gen_downsizer.gen_simple_downsizer.axi_downsizer_inst/USE_READ.read_addr_inst/cmd_queue/inst/fifo_gen_inst/inst_fifo_gen/gconvfifo.rf/grf.rf/gntv_or_sync_fifo.gl0.rd/rpntr/gc0.count_reg[1]/CLR
                            (recovery check against rising-edge clock clk_out1_xlnx_clk_gen  {rise@0.000ns fall@10.000ns period=20.000ns})
  Path Group:             **async_default**
  Path Type:              Recovery (Max at Slow Process Corner)
  Requirement:            20.000ns  (clk_out1_xlnx_clk_gen rise@20.000ns - clk_out1_xlnx_clk_gen rise@0.000ns)
  Data Path Delay:        3.103ns  (logic 0.642ns (20.687%)  route 2.461ns (79.313%))
  Logic Levels:           1  (LUT3=1)
  Clock Path Skew:        -0.142ns (DCD - SCD + CPR)
    Destination Clock Delay (DCD):    -1.533ns = ( 18.467 - 20.000 ) 
    Source Clock Delay      (SCD):    -0.823ns
    Clock Pessimism Removal (CPR):    0.567ns
  Clock Uncertainty:      0.079ns  ((TSJ^2 + DJ^2)^1/2) / 2 + PE
    Total System Jitter     (TSJ):    0.071ns
    Discrete Jitter          (DJ):    0.142ns
    Phase Error              (PE):    0.000ns

    Location             Delay type                Incr(ns)  Path(ns)    Netlist Resource(s)
  -------------------------------------------------------------------    -------------------
                         (clock clk_out1_xlnx_clk_gen rise edge)
                                                      0.000     0.000 r  
    K17                                               0.000     0.000 r  clk_sys (IN)
                         net (fo=0)                   0.000     0.000    i_xlnx_clk_gen/inst/clk_in1
    K17                  IBUF (Prop_ibuf_I_O)         1.475     1.475 r  i_xlnx_clk_gen/inst/clkin1_ibufg/O
                         net (fo=1, routed)           1.285     2.760    i_xlnx_clk_gen/inst/clk_in1_xlnx_clk_gen
    MMCME2_ADV_X1Y2      MMCME2_ADV (Prop_mmcme2_adv_CLKIN1_CLKOUT0)
                                                     -7.759    -4.999 r  i_xlnx_clk_gen/inst/mmcm_adv_inst/CLKOUT0
                         net (fo=1, routed)           2.206    -2.793    i_xlnx_clk_gen/inst/clk_out1_xlnx_clk_gen
    BUFGCTRL_X0Y16       BUFG (Prop_bufg_I_O)         0.101    -2.692 r  i_xlnx_clk_gen/inst/clkout1_buf/O
                         net (fo=20038, routed)       1.869    -0.823    i_axi_dwidth_converter_dm_slave/inst/gen_downsizer.gen_simple_downsizer.axi_downsizer_inst/USE_READ.read_addr_inst/cmd_queue/inst/fifo_gen_inst/inst_fifo_gen/gconvfifo.rf/grf.rf/rstblk/clk
    SLICE_X108Y19        FDRE                                         r  i_axi_dwidth_converter_dm_slave/inst/gen_downsizer.gen_simple_downsizer.axi_downsizer_inst/USE_READ.read_addr_inst/cmd_queue/inst/fifo_gen_inst/inst_fifo_gen/gconvfifo.rf/grf.rf/rstblk/ngwrdrst.grst.g7serrst.gnsckt_wrst.gcc_rst.sckt_wr_rst_cc_reg[0]/C
  -------------------------------------------------------------------    -------------------
    SLICE_X108Y19        FDRE (Prop_fdre_C_Q)         0.518    -0.305 f  i_axi_dwidth_converter_dm_slave/inst/gen_downsizer.gen_simple_downsizer.axi_downsizer_inst/USE_READ.read_addr_inst/cmd_queue/inst/fifo_gen_inst/inst_fifo_gen/gconvfifo.rf/grf.rf/rstblk/ngwrdrst.grst.g7serrst.gnsckt_wrst.gcc_rst.sckt_wr_rst_cc_reg[0]/Q
                         net (fo=3, routed)           0.826     0.521    i_axi_dwidth_converter_dm_slave/inst/gen_downsizer.gen_simple_downsizer.axi_downsizer_inst/USE_READ.read_addr_inst/cmd_queue/inst/fifo_gen_inst/inst_fifo_gen/gconvfifo.rf/grf.rf/rstblk/ngwrdrst.grst.g7serrst.gnsckt_wrst.gcc_rst.sckt_wr_rst_cc[0]
    SLICE_X107Y19        LUT3 (Prop_lut3_I1_O)        0.124     0.645 f  i_axi_dwidth_converter_dm_slave/inst/gen_downsizer.gen_simple_downsizer.axi_downsizer_inst/USE_READ.read_addr_inst/cmd_queue/inst/fifo_gen_inst/inst_fifo_gen/gconvfifo.rf/grf.rf/rstblk/gpregsm1.curr_fwft_state[1]_i_2/O
                         net (fo=32, routed)          1.635     2.280    i_axi_dwidth_converter_dm_slave/inst/gen_downsizer.gen_simple_downsizer.axi_downsizer_inst/USE_READ.read_addr_inst/cmd_queue/inst/fifo_gen_inst/inst_fifo_gen/gconvfifo.rf/grf.rf/gntv_or_sync_fifo.gl0.rd/rpntr/gc0.count_d1_reg[4]_1
    SLICE_X105Y22        FDCE                                         f  i_axi_dwidth_converter_dm_slave/inst/gen_downsizer.gen_simple_downsizer.axi_downsizer_inst/USE_READ.read_addr_inst/cmd_queue/inst/fifo_gen_inst/inst_fifo_gen/gconvfifo.rf/grf.rf/gntv_or_sync_fifo.gl0.rd/rpntr/gc0.count_reg[1]/CLR
  -------------------------------------------------------------------    -------------------

                         (clock clk_out1_xlnx_clk_gen rise edge)
                                                     20.000    20.000 r  
    K17                                               0.000    20.000 r  clk_sys (IN)
                         net (fo=0)                   0.000    20.000    i_xlnx_clk_gen/inst/clk_in1
    K17                  IBUF (Prop_ibuf_I_O)         1.404    21.404 r  i_xlnx_clk_gen/inst/clkin1_ibufg/O
                         net (fo=1, routed)           1.162    22.566    i_xlnx_clk_gen/inst/clk_in1_xlnx_clk_gen
    MMCME2_ADV_X1Y2      MMCME2_ADV (Prop_mmcme2_adv_CLKIN1_CLKOUT0)
                                                     -7.814    14.752 r  i_xlnx_clk_gen/inst/mmcm_adv_inst/CLKOUT0
                         net (fo=1, routed)           2.012    16.764    i_xlnx_clk_gen/inst/clk_out1_xlnx_clk_gen
    BUFGCTRL_X0Y16       BUFG (Prop_bufg_I_O)         0.091    16.855 r  i_xlnx_clk_gen/inst/clkout1_buf/O
                         net (fo=20038, routed)       1.612    18.467    i_axi_dwidth_converter_dm_slave/inst/gen_downsizer.gen_simple_downsizer.axi_downsizer_inst/USE_READ.read_addr_inst/cmd_queue/inst/fifo_gen_inst/inst_fifo_gen/gconvfifo.rf/grf.rf/gntv_or_sync_fifo.gl0.rd/rpntr/clk
    SLICE_X105Y22        FDCE                                         r  i_axi_dwidth_converter_dm_slave/inst/gen_downsizer.gen_simple_downsizer.axi_downsizer_inst/USE_READ.read_addr_inst/cmd_queue/inst/fifo_gen_inst/inst_fifo_gen/gconvfifo.rf/grf.rf/gntv_or_sync_fifo.gl0.rd/rpntr/gc0.count_reg[1]/C
                         clock pessimism              0.567    19.035    
                         clock uncertainty           -0.079    18.955    
    SLICE_X105Y22        FDCE (Recov_fdce_C_CLR)     -0.405    18.550    i_axi_dwidth_converter_dm_slave/inst/gen_downsizer.gen_simple_downsizer.axi_downsizer_inst/USE_READ.read_addr_inst/cmd_queue/inst/fifo_gen_inst/inst_fifo_gen/gconvfifo.rf/grf.rf/gntv_or_sync_fifo.gl0.rd/rpntr/gc0.count_reg[1]
  -------------------------------------------------------------------
                         required time                         18.550    
                         arrival time                          -2.280    
  -------------------------------------------------------------------
                         slack                                 16.270    

Slack (MET) :             16.270ns  (required time - arrival time)
  Source:                 i_axi_dwidth_converter_dm_slave/inst/gen_downsizer.gen_simple_downsizer.axi_downsizer_inst/USE_READ.read_addr_inst/cmd_queue/inst/fifo_gen_inst/inst_fifo_gen/gconvfifo.rf/grf.rf/rstblk/ngwrdrst.grst.g7serrst.gnsckt_wrst.gcc_rst.sckt_wr_rst_cc_reg[0]/C
                            (rising edge-triggered cell FDRE clocked by clk_out1_xlnx_clk_gen  {rise@0.000ns fall@10.000ns period=20.000ns})
  Destination:            i_axi_dwidth_converter_dm_slave/inst/gen_downsizer.gen_simple_downsizer.axi_downsizer_inst/USE_READ.read_addr_inst/cmd_queue/inst/fifo_gen_inst/inst_fifo_gen/gconvfifo.rf/grf.rf/gntv_or_sync_fifo.gl0.rd/rpntr/gc0.count_reg[2]/CLR
                            (recovery check against rising-edge clock clk_out1_xlnx_clk_gen  {rise@0.000ns fall@10.000ns period=20.000ns})
  Path Group:             **async_default**
  Path Type:              Recovery (Max at Slow Process Corner)
  Requirement:            20.000ns  (clk_out1_xlnx_clk_gen rise@20.000ns - clk_out1_xlnx_clk_gen rise@0.000ns)
  Data Path Delay:        3.103ns  (logic 0.642ns (20.687%)  route 2.461ns (79.313%))
  Logic Levels:           1  (LUT3=1)
  Clock Path Skew:        -0.142ns (DCD - SCD + CPR)
    Destination Clock Delay (DCD):    -1.533ns = ( 18.467 - 20.000 ) 
    Source Clock Delay      (SCD):    -0.823ns
    Clock Pessimism Removal (CPR):    0.567ns
  Clock Uncertainty:      0.079ns  ((TSJ^2 + DJ^2)^1/2) / 2 + PE
    Total System Jitter     (TSJ):    0.071ns
    Discrete Jitter          (DJ):    0.142ns
    Phase Error              (PE):    0.000ns

    Location             Delay type                Incr(ns)  Path(ns)    Netlist Resource(s)
  -------------------------------------------------------------------    -------------------
                         (clock clk_out1_xlnx_clk_gen rise edge)
                                                      0.000     0.000 r  
    K17                                               0.000     0.000 r  clk_sys (IN)
                         net (fo=0)                   0.000     0.000    i_xlnx_clk_gen/inst/clk_in1
    K17                  IBUF (Prop_ibuf_I_O)         1.475     1.475 r  i_xlnx_clk_gen/inst/clkin1_ibufg/O
                         net (fo=1, routed)           1.285     2.760    i_xlnx_clk_gen/inst/clk_in1_xlnx_clk_gen
    MMCME2_ADV_X1Y2      MMCME2_ADV (Prop_mmcme2_adv_CLKIN1_CLKOUT0)
                                                     -7.759    -4.999 r  i_xlnx_clk_gen/inst/mmcm_adv_inst/CLKOUT0
                         net (fo=1, routed)           2.206    -2.793    i_xlnx_clk_gen/inst/clk_out1_xlnx_clk_gen
    BUFGCTRL_X0Y16       BUFG (Prop_bufg_I_O)         0.101    -2.692 r  i_xlnx_clk_gen/inst/clkout1_buf/O
                         net (fo=20038, routed)       1.869    -0.823    i_axi_dwidth_converter_dm_slave/inst/gen_downsizer.gen_simple_downsizer.axi_downsizer_inst/USE_READ.read_addr_inst/cmd_queue/inst/fifo_gen_inst/inst_fifo_gen/gconvfifo.rf/grf.rf/rstblk/clk
    SLICE_X108Y19        FDRE                                         r  i_axi_dwidth_converter_dm_slave/inst/gen_downsizer.gen_simple_downsizer.axi_downsizer_inst/USE_READ.read_addr_inst/cmd_queue/inst/fifo_gen_inst/inst_fifo_gen/gconvfifo.rf/grf.rf/rstblk/ngwrdrst.grst.g7serrst.gnsckt_wrst.gcc_rst.sckt_wr_rst_cc_reg[0]/C
  -------------------------------------------------------------------    -------------------
    SLICE_X108Y19        FDRE (Prop_fdre_C_Q)         0.518    -0.305 f  i_axi_dwidth_converter_dm_slave/inst/gen_downsizer.gen_simple_downsizer.axi_downsizer_inst/USE_READ.read_addr_inst/cmd_queue/inst/fifo_gen_inst/inst_fifo_gen/gconvfifo.rf/grf.rf/rstblk/ngwrdrst.grst.g7serrst.gnsckt_wrst.gcc_rst.sckt_wr_rst_cc_reg[0]/Q
                         net (fo=3, routed)           0.826     0.521    i_axi_dwidth_converter_dm_slave/inst/gen_downsizer.gen_simple_downsizer.axi_downsizer_inst/USE_READ.read_addr_inst/cmd_queue/inst/fifo_gen_inst/inst_fifo_gen/gconvfifo.rf/grf.rf/rstblk/ngwrdrst.grst.g7serrst.gnsckt_wrst.gcc_rst.sckt_wr_rst_cc[0]
    SLICE_X107Y19        LUT3 (Prop_lut3_I1_O)        0.124     0.645 f  i_axi_dwidth_converter_dm_slave/inst/gen_downsizer.gen_simple_downsizer.axi_downsizer_inst/USE_READ.read_addr_inst/cmd_queue/inst/fifo_gen_inst/inst_fifo_gen/gconvfifo.rf/grf.rf/rstblk/gpregsm1.curr_fwft_state[1]_i_2/O
                         net (fo=32, routed)          1.635     2.280    i_axi_dwidth_converter_dm_slave/inst/gen_downsizer.gen_simple_downsizer.axi_downsizer_inst/USE_READ.read_addr_inst/cmd_queue/inst/fifo_gen_inst/inst_fifo_gen/gconvfifo.rf/grf.rf/gntv_or_sync_fifo.gl0.rd/rpntr/gc0.count_d1_reg[4]_1
    SLICE_X105Y22        FDCE                                         f  i_axi_dwidth_converter_dm_slave/inst/gen_downsizer.gen_simple_downsizer.axi_downsizer_inst/USE_READ.read_addr_inst/cmd_queue/inst/fifo_gen_inst/inst_fifo_gen/gconvfifo.rf/grf.rf/gntv_or_sync_fifo.gl0.rd/rpntr/gc0.count_reg[2]/CLR
  -------------------------------------------------------------------    -------------------

                         (clock clk_out1_xlnx_clk_gen rise edge)
                                                     20.000    20.000 r  
    K17                                               0.000    20.000 r  clk_sys (IN)
                         net (fo=0)                   0.000    20.000    i_xlnx_clk_gen/inst/clk_in1
    K17                  IBUF (Prop_ibuf_I_O)         1.404    21.404 r  i_xlnx_clk_gen/inst/clkin1_ibufg/O
                         net (fo=1, routed)           1.162    22.566    i_xlnx_clk_gen/inst/clk_in1_xlnx_clk_gen
    MMCME2_ADV_X1Y2      MMCME2_ADV (Prop_mmcme2_adv_CLKIN1_CLKOUT0)
                                                     -7.814    14.752 r  i_xlnx_clk_gen/inst/mmcm_adv_inst/CLKOUT0
                         net (fo=1, routed)           2.012    16.764    i_xlnx_clk_gen/inst/clk_out1_xlnx_clk_gen
    BUFGCTRL_X0Y16       BUFG (Prop_bufg_I_O)         0.091    16.855 r  i_xlnx_clk_gen/inst/clkout1_buf/O
                         net (fo=20038, routed)       1.612    18.467    i_axi_dwidth_converter_dm_slave/inst/gen_downsizer.gen_simple_downsizer.axi_downsizer_inst/USE_READ.read_addr_inst/cmd_queue/inst/fifo_gen_inst/inst_fifo_gen/gconvfifo.rf/grf.rf/gntv_or_sync_fifo.gl0.rd/rpntr/clk
    SLICE_X105Y22        FDCE                                         r  i_axi_dwidth_converter_dm_slave/inst/gen_downsizer.gen_simple_downsizer.axi_downsizer_inst/USE_READ.read_addr_inst/cmd_queue/inst/fifo_gen_inst/inst_fifo_gen/gconvfifo.rf/grf.rf/gntv_or_sync_fifo.gl0.rd/rpntr/gc0.count_reg[2]/C
                         clock pessimism              0.567    19.035    
                         clock uncertainty           -0.079    18.955    
    SLICE_X105Y22        FDCE (Recov_fdce_C_CLR)     -0.405    18.550    i_axi_dwidth_converter_dm_slave/inst/gen_downsizer.gen_simple_downsizer.axi_downsizer_inst/USE_READ.read_addr_inst/cmd_queue/inst/fifo_gen_inst/inst_fifo_gen/gconvfifo.rf/grf.rf/gntv_or_sync_fifo.gl0.rd/rpntr/gc0.count_reg[2]
  -------------------------------------------------------------------
                         required time                         18.550    
                         arrival time                          -2.280    
  -------------------------------------------------------------------
                         slack                                 16.270    





Min Delay Paths
--------------------------------------------------------------------------------------
Slack (MET) :             0.522ns  (arrival time - required time)
  Source:                 i_axi_dwidth_converter_dm_slave/inst/gen_downsizer.gen_simple_downsizer.axi_downsizer_inst/USE_WRITE.write_addr_inst/cmd_queue/inst/fifo_gen_inst/inst_fifo_gen/gconvfifo.rf/grf.rf/rstblk/ngwrdrst.grst.g7serrst.gnsckt_wrst.gcc_rst.sckt_wr_rst_cc_reg[0]/C
                            (rising edge-triggered cell FDRE clocked by clk_out1_xlnx_clk_gen  {rise@0.000ns fall@10.000ns period=20.000ns})
  Destination:            i_axi_dwidth_converter_dm_slave/inst/gen_downsizer.gen_simple_downsizer.axi_downsizer_inst/USE_WRITE.write_addr_inst/cmd_queue/inst/fifo_gen_inst/inst_fifo_gen/gconvfifo.rf/grf.rf/gntv_or_sync_fifo.gl0.rd/gr1.gr1_int.rfwft/aempty_fwft_fb_i_reg/PRE
                            (removal check against rising-edge clock clk_out1_xlnx_clk_gen  {rise@0.000ns fall@10.000ns period=20.000ns})
  Path Group:             **async_default**
  Path Type:              Removal (Min at Fast Process Corner)
  Requirement:            0.000ns  (clk_out1_xlnx_clk_gen rise@0.000ns - clk_out1_xlnx_clk_gen rise@0.000ns)
  Data Path Delay:        0.442ns  (logic 0.186ns (42.089%)  route 0.256ns (57.911%))
  Logic Levels:           1  (LUT3=1)
  Clock Path Skew:        0.015ns (DCD - SCD - CPR)
    Destination Clock Delay (DCD):    -0.810ns
    Source Clock Delay      (SCD):    -0.573ns
    Clock Pessimism Removal (CPR):    -0.253ns

    Location             Delay type                Incr(ns)  Path(ns)    Netlist Resource(s)
  -------------------------------------------------------------------    -------------------
                         (clock clk_out1_xlnx_clk_gen rise edge)
                                                      0.000     0.000 r  
    K17                                               0.000     0.000 r  clk_sys (IN)
                         net (fo=0)                   0.000     0.000    i_xlnx_clk_gen/inst/clk_in1
    K17                  IBUF (Prop_ibuf_I_O)         0.243     0.243 r  i_xlnx_clk_gen/inst/clkin1_ibufg/O
                         net (fo=1, routed)           0.440     0.683    i_xlnx_clk_gen/inst/clk_in1_xlnx_clk_gen
    MMCME2_ADV_X1Y2      MMCME2_ADV (Prop_mmcme2_adv_CLKIN1_CLKOUT0)
                                                     -2.613    -1.930 r  i_xlnx_clk_gen/inst/mmcm_adv_inst/CLKOUT0
                         net (fo=1, routed)           0.696    -1.233    i_xlnx_clk_gen/inst/clk_out1_xlnx_clk_gen
    BUFGCTRL_X0Y16       BUFG (Prop_bufg_I_O)         0.026    -1.207 r  i_xlnx_clk_gen/inst/clkout1_buf/O
                         net (fo=20038, routed)       0.635    -0.573    i_axi_dwidth_converter_dm_slave/inst/gen_downsizer.gen_simple_downsizer.axi_downsizer_inst/USE_WRITE.write_addr_inst/cmd_queue/inst/fifo_gen_inst/inst_fifo_gen/gconvfifo.rf/grf.rf/rstblk/clk
    SLICE_X111Y18        FDRE                                         r  i_axi_dwidth_converter_dm_slave/inst/gen_downsizer.gen_simple_downsizer.axi_downsizer_inst/USE_WRITE.write_addr_inst/cmd_queue/inst/fifo_gen_inst/inst_fifo_gen/gconvfifo.rf/grf.rf/rstblk/ngwrdrst.grst.g7serrst.gnsckt_wrst.gcc_rst.sckt_wr_rst_cc_reg[0]/C
  -------------------------------------------------------------------    -------------------
    SLICE_X111Y18        FDRE (Prop_fdre_C_Q)         0.141    -0.432 f  i_axi_dwidth_converter_dm_slave/inst/gen_downsizer.gen_simple_downsizer.axi_downsizer_inst/USE_WRITE.write_addr_inst/cmd_queue/inst/fifo_gen_inst/inst_fifo_gen/gconvfifo.rf/grf.rf/rstblk/ngwrdrst.grst.g7serrst.gnsckt_wrst.gcc_rst.sckt_wr_rst_cc_reg[0]/Q
                         net (fo=3, routed)           0.127    -0.304    i_axi_dwidth_converter_dm_slave/inst/gen_downsizer.gen_simple_downsizer.axi_downsizer_inst/USE_WRITE.write_addr_inst/cmd_queue/inst/fifo_gen_inst/inst_fifo_gen/gconvfifo.rf/grf.rf/rstblk/ngwrdrst.grst.g7serrst.gnsckt_wrst.gcc_rst.sckt_wr_rst_cc[0]
    SLICE_X111Y17        LUT3 (Prop_lut3_I1_O)        0.045    -0.259 f  i_axi_dwidth_converter_dm_slave/inst/gen_downsizer.gen_simple_downsizer.axi_downsizer_inst/USE_WRITE.write_addr_inst/cmd_queue/inst/fifo_gen_inst/inst_fifo_gen/gconvfifo.rf/grf.rf/rstblk/gpregsm1.curr_fwft_state[1]_i_2/O
                         net (fo=32, routed)          0.129    -0.131    i_axi_dwidth_converter_dm_slave/inst/gen_downsizer.gen_simple_downsizer.axi_downsizer_inst/USE_WRITE.write_addr_inst/cmd_queue/inst/fifo_gen_inst/inst_fifo_gen/gconvfifo.rf/grf.rf/gntv_or_sync_fifo.gl0.rd/gr1.gr1_int.rfwft/gpregsm1.user_valid_reg_0
    SLICE_X111Y17        FDPE                                         f  i_axi_dwidth_converter_dm_slave/inst/gen_downsizer.gen_simple_downsizer.axi_downsizer_inst/USE_WRITE.write_addr_inst/cmd_queue/inst/fifo_gen_inst/inst_fifo_gen/gconvfifo.rf/grf.rf/gntv_or_sync_fifo.gl0.rd/gr1.gr1_int.rfwft/aempty_fwft_fb_i_reg/PRE
  -------------------------------------------------------------------    -------------------

                         (clock clk_out1_xlnx_clk_gen rise edge)
                                                      0.000     0.000 r  
    K17                                               0.000     0.000 r  clk_sys (IN)
                         net (fo=0)                   0.000     0.000    i_xlnx_clk_gen/inst/clk_in1
    K17                  IBUF (Prop_ibuf_I_O)         0.431     0.431 r  i_xlnx_clk_gen/inst/clkin1_ibufg/O
                         net (fo=1, routed)           0.480     0.911    i_xlnx_clk_gen/inst/clk_in1_xlnx_clk_gen
    MMCME2_ADV_X1Y2      MMCME2_ADV (Prop_mmcme2_adv_CLKIN1_CLKOUT0)
                                                     -3.407    -2.496 r  i_xlnx_clk_gen/inst/mmcm_adv_inst/CLKOUT0
                         net (fo=1, routed)           0.752    -1.744    i_xlnx_clk_gen/inst/clk_out1_xlnx_clk_gen
    BUFGCTRL_X0Y16       BUFG (Prop_bufg_I_O)         0.029    -1.715 r  i_xlnx_clk_gen/inst/clkout1_buf/O
                         net (fo=20038, routed)       0.905    -0.810    i_axi_dwidth_converter_dm_slave/inst/gen_downsizer.gen_simple_downsizer.axi_downsizer_inst/USE_WRITE.write_addr_inst/cmd_queue/inst/fifo_gen_inst/inst_fifo_gen/gconvfifo.rf/grf.rf/gntv_or_sync_fifo.gl0.rd/gr1.gr1_int.rfwft/clk
    SLICE_X111Y17        FDPE                                         r  i_axi_dwidth_converter_dm_slave/inst/gen_downsizer.gen_simple_downsizer.axi_downsizer_inst/USE_WRITE.write_addr_inst/cmd_queue/inst/fifo_gen_inst/inst_fifo_gen/gconvfifo.rf/grf.rf/gntv_or_sync_fifo.gl0.rd/gr1.gr1_int.rfwft/aempty_fwft_fb_i_reg/C
                         clock pessimism              0.253    -0.558    
    SLICE_X111Y17        FDPE (Remov_fdpe_C_PRE)     -0.095    -0.653    i_axi_dwidth_converter_dm_slave/inst/gen_downsizer.gen_simple_downsizer.axi_downsizer_inst/USE_WRITE.write_addr_inst/cmd_queue/inst/fifo_gen_inst/inst_fifo_gen/gconvfifo.rf/grf.rf/gntv_or_sync_fifo.gl0.rd/gr1.gr1_int.rfwft/aempty_fwft_fb_i_reg
  -------------------------------------------------------------------
                         required time                          0.653    
                         arrival time                          -0.131    
  -------------------------------------------------------------------
                         slack                                  0.522    

Slack (MET) :             0.522ns  (arrival time - required time)
  Source:                 i_axi_dwidth_converter_dm_slave/inst/gen_downsizer.gen_simple_downsizer.axi_downsizer_inst/USE_WRITE.write_addr_inst/cmd_queue/inst/fifo_gen_inst/inst_fifo_gen/gconvfifo.rf/grf.rf/rstblk/ngwrdrst.grst.g7serrst.gnsckt_wrst.gcc_rst.sckt_wr_rst_cc_reg[0]/C
                            (rising edge-triggered cell FDRE clocked by clk_out1_xlnx_clk_gen  {rise@0.000ns fall@10.000ns period=20.000ns})
  Destination:            i_axi_dwidth_converter_dm_slave/inst/gen_downsizer.gen_simple_downsizer.axi_downsizer_inst/USE_WRITE.write_addr_inst/cmd_queue/inst/fifo_gen_inst/inst_fifo_gen/gconvfifo.rf/grf.rf/gntv_or_sync_fifo.gl0.rd/gr1.gr1_int.rfwft/aempty_fwft_i_reg/PRE
                            (removal check against rising-edge clock clk_out1_xlnx_clk_gen  {rise@0.000ns fall@10.000ns period=20.000ns})
  Path Group:             **async_default**
  Path Type:              Removal (Min at Fast Process Corner)
  Requirement:            0.000ns  (clk_out1_xlnx_clk_gen rise@0.000ns - clk_out1_xlnx_clk_gen rise@0.000ns)
  Data Path Delay:        0.442ns  (logic 0.186ns (42.089%)  route 0.256ns (57.911%))
  Logic Levels:           1  (LUT3=1)
  Clock Path Skew:        0.015ns (DCD - SCD - CPR)
    Destination Clock Delay (DCD):    -0.810ns
    Source Clock Delay      (SCD):    -0.573ns
    Clock Pessimism Removal (CPR):    -0.253ns

    Location             Delay type                Incr(ns)  Path(ns)    Netlist Resource(s)
  -------------------------------------------------------------------    -------------------
                         (clock clk_out1_xlnx_clk_gen rise edge)
                                                      0.000     0.000 r  
    K17                                               0.000     0.000 r  clk_sys (IN)
                         net (fo=0)                   0.000     0.000    i_xlnx_clk_gen/inst/clk_in1
    K17                  IBUF (Prop_ibuf_I_O)         0.243     0.243 r  i_xlnx_clk_gen/inst/clkin1_ibufg/O
                         net (fo=1, routed)           0.440     0.683    i_xlnx_clk_gen/inst/clk_in1_xlnx_clk_gen
    MMCME2_ADV_X1Y2      MMCME2_ADV (Prop_mmcme2_adv_CLKIN1_CLKOUT0)
                                                     -2.613    -1.930 r  i_xlnx_clk_gen/inst/mmcm_adv_inst/CLKOUT0
                         net (fo=1, routed)           0.696    -1.233    i_xlnx_clk_gen/inst/clk_out1_xlnx_clk_gen
    BUFGCTRL_X0Y16       BUFG (Prop_bufg_I_O)         0.026    -1.207 r  i_xlnx_clk_gen/inst/clkout1_buf/O
                         net (fo=20038, routed)       0.635    -0.573    i_axi_dwidth_converter_dm_slave/inst/gen_downsizer.gen_simple_downsizer.axi_downsizer_inst/USE_WRITE.write_addr_inst/cmd_queue/inst/fifo_gen_inst/inst_fifo_gen/gconvfifo.rf/grf.rf/rstblk/clk
    SLICE_X111Y18        FDRE                                         r  i_axi_dwidth_converter_dm_slave/inst/gen_downsizer.gen_simple_downsizer.axi_downsizer_inst/USE_WRITE.write_addr_inst/cmd_queue/inst/fifo_gen_inst/inst_fifo_gen/gconvfifo.rf/grf.rf/rstblk/ngwrdrst.grst.g7serrst.gnsckt_wrst.gcc_rst.sckt_wr_rst_cc_reg[0]/C
  -------------------------------------------------------------------    -------------------
    SLICE_X111Y18        FDRE (Prop_fdre_C_Q)         0.141    -0.432 f  i_axi_dwidth_converter_dm_slave/inst/gen_downsizer.gen_simple_downsizer.axi_downsizer_inst/USE_WRITE.write_addr_inst/cmd_queue/inst/fifo_gen_inst/inst_fifo_gen/gconvfifo.rf/grf.rf/rstblk/ngwrdrst.grst.g7serrst.gnsckt_wrst.gcc_rst.sckt_wr_rst_cc_reg[0]/Q
                         net (fo=3, routed)           0.127    -0.304    i_axi_dwidth_converter_dm_slave/inst/gen_downsizer.gen_simple_downsizer.axi_downsizer_inst/USE_WRITE.write_addr_inst/cmd_queue/inst/fifo_gen_inst/inst_fifo_gen/gconvfifo.rf/grf.rf/rstblk/ngwrdrst.grst.g7serrst.gnsckt_wrst.gcc_rst.sckt_wr_rst_cc[0]
    SLICE_X111Y17        LUT3 (Prop_lut3_I1_O)        0.045    -0.259 f  i_axi_dwidth_converter_dm_slave/inst/gen_downsizer.gen_simple_downsizer.axi_downsizer_inst/USE_WRITE.write_addr_inst/cmd_queue/inst/fifo_gen_inst/inst_fifo_gen/gconvfifo.rf/grf.rf/rstblk/gpregsm1.curr_fwft_state[1]_i_2/O
                         net (fo=32, routed)          0.129    -0.131    i_axi_dwidth_converter_dm_slave/inst/gen_downsizer.gen_simple_downsizer.axi_downsizer_inst/USE_WRITE.write_addr_inst/cmd_queue/inst/fifo_gen_inst/inst_fifo_gen/gconvfifo.rf/grf.rf/gntv_or_sync_fifo.gl0.rd/gr1.gr1_int.rfwft/gpregsm1.user_valid_reg_0
    SLICE_X111Y17        FDPE                                         f  i_axi_dwidth_converter_dm_slave/inst/gen_downsizer.gen_simple_downsizer.axi_downsizer_inst/USE_WRITE.write_addr_inst/cmd_queue/inst/fifo_gen_inst/inst_fifo_gen/gconvfifo.rf/grf.rf/gntv_or_sync_fifo.gl0.rd/gr1.gr1_int.rfwft/aempty_fwft_i_reg/PRE
  -------------------------------------------------------------------    -------------------

                         (clock clk_out1_xlnx_clk_gen rise edge)
                                                      0.000     0.000 r  
    K17                                               0.000     0.000 r  clk_sys (IN)
                         net (fo=0)                   0.000     0.000    i_xlnx_clk_gen/inst/clk_in1
    K17                  IBUF (Prop_ibuf_I_O)         0.431     0.431 r  i_xlnx_clk_gen/inst/clkin1_ibufg/O
                         net (fo=1, routed)           0.480     0.911    i_xlnx_clk_gen/inst/clk_in1_xlnx_clk_gen
    MMCME2_ADV_X1Y2      MMCME2_ADV (Prop_mmcme2_adv_CLKIN1_CLKOUT0)
                                                     -3.407    -2.496 r  i_xlnx_clk_gen/inst/mmcm_adv_inst/CLKOUT0
                         net (fo=1, routed)           0.752    -1.744    i_xlnx_clk_gen/inst/clk_out1_xlnx_clk_gen
    BUFGCTRL_X0Y16       BUFG (Prop_bufg_I_O)         0.029    -1.715 r  i_xlnx_clk_gen/inst/clkout1_buf/O
                         net (fo=20038, routed)       0.905    -0.810    i_axi_dwidth_converter_dm_slave/inst/gen_downsizer.gen_simple_downsizer.axi_downsizer_inst/USE_WRITE.write_addr_inst/cmd_queue/inst/fifo_gen_inst/inst_fifo_gen/gconvfifo.rf/grf.rf/gntv_or_sync_fifo.gl0.rd/gr1.gr1_int.rfwft/clk
    SLICE_X111Y17        FDPE                                         r  i_axi_dwidth_converter_dm_slave/inst/gen_downsizer.gen_simple_downsizer.axi_downsizer_inst/USE_WRITE.write_addr_inst/cmd_queue/inst/fifo_gen_inst/inst_fifo_gen/gconvfifo.rf/grf.rf/gntv_or_sync_fifo.gl0.rd/gr1.gr1_int.rfwft/aempty_fwft_i_reg/C
                         clock pessimism              0.253    -0.558    
    SLICE_X111Y17        FDPE (Remov_fdpe_C_PRE)     -0.095    -0.653    i_axi_dwidth_converter_dm_slave/inst/gen_downsizer.gen_simple_downsizer.axi_downsizer_inst/USE_WRITE.write_addr_inst/cmd_queue/inst/fifo_gen_inst/inst_fifo_gen/gconvfifo.rf/grf.rf/gntv_or_sync_fifo.gl0.rd/gr1.gr1_int.rfwft/aempty_fwft_i_reg
  -------------------------------------------------------------------
                         required time                          0.653    
                         arrival time                          -0.131    
  -------------------------------------------------------------------
                         slack                                  0.522    

Slack (MET) :             0.522ns  (arrival time - required time)
  Source:                 i_axi_dwidth_converter_dm_slave/inst/gen_downsizer.gen_simple_downsizer.axi_downsizer_inst/USE_WRITE.write_addr_inst/cmd_queue/inst/fifo_gen_inst/inst_fifo_gen/gconvfifo.rf/grf.rf/rstblk/ngwrdrst.grst.g7serrst.gnsckt_wrst.gcc_rst.sckt_wr_rst_cc_reg[0]/C
                            (rising edge-triggered cell FDRE clocked by clk_out1_xlnx_clk_gen  {rise@0.000ns fall@10.000ns period=20.000ns})
  Destination:            i_axi_dwidth_converter_dm_slave/inst/gen_downsizer.gen_simple_downsizer.axi_downsizer_inst/USE_WRITE.write_addr_inst/cmd_queue/inst/fifo_gen_inst/inst_fifo_gen/gconvfifo.rf/grf.rf/gntv_or_sync_fifo.gl0.rd/gr1.gr1_int.rfwft/empty_fwft_fb_o_i_reg/PRE
                            (removal check against rising-edge clock clk_out1_xlnx_clk_gen  {rise@0.000ns fall@10.000ns period=20.000ns})
  Path Group:             **async_default**
  Path Type:              Removal (Min at Fast Process Corner)
  Requirement:            0.000ns  (clk_out1_xlnx_clk_gen rise@0.000ns - clk_out1_xlnx_clk_gen rise@0.000ns)
  Data Path Delay:        0.442ns  (logic 0.186ns (42.089%)  route 0.256ns (57.911%))
  Logic Levels:           1  (LUT3=1)
  Clock Path Skew:        0.015ns (DCD - SCD - CPR)
    Destination Clock Delay (DCD):    -0.810ns
    Source Clock Delay      (SCD):    -0.573ns
    Clock Pessimism Removal (CPR):    -0.253ns

    Location             Delay type                Incr(ns)  Path(ns)    Netlist Resource(s)
  -------------------------------------------------------------------    -------------------
                         (clock clk_out1_xlnx_clk_gen rise edge)
                                                      0.000     0.000 r  
    K17                                               0.000     0.000 r  clk_sys (IN)
                         net (fo=0)                   0.000     0.000    i_xlnx_clk_gen/inst/clk_in1
    K17                  IBUF (Prop_ibuf_I_O)         0.243     0.243 r  i_xlnx_clk_gen/inst/clkin1_ibufg/O
                         net (fo=1, routed)           0.440     0.683    i_xlnx_clk_gen/inst/clk_in1_xlnx_clk_gen
    MMCME2_ADV_X1Y2      MMCME2_ADV (Prop_mmcme2_adv_CLKIN1_CLKOUT0)
                                                     -2.613    -1.930 r  i_xlnx_clk_gen/inst/mmcm_adv_inst/CLKOUT0
                         net (fo=1, routed)           0.696    -1.233    i_xlnx_clk_gen/inst/clk_out1_xlnx_clk_gen
    BUFGCTRL_X0Y16       BUFG (Prop_bufg_I_O)         0.026    -1.207 r  i_xlnx_clk_gen/inst/clkout1_buf/O
                         net (fo=20038, routed)       0.635    -0.573    i_axi_dwidth_converter_dm_slave/inst/gen_downsizer.gen_simple_downsizer.axi_downsizer_inst/USE_WRITE.write_addr_inst/cmd_queue/inst/fifo_gen_inst/inst_fifo_gen/gconvfifo.rf/grf.rf/rstblk/clk
    SLICE_X111Y18        FDRE                                         r  i_axi_dwidth_converter_dm_slave/inst/gen_downsizer.gen_simple_downsizer.axi_downsizer_inst/USE_WRITE.write_addr_inst/cmd_queue/inst/fifo_gen_inst/inst_fifo_gen/gconvfifo.rf/grf.rf/rstblk/ngwrdrst.grst.g7serrst.gnsckt_wrst.gcc_rst.sckt_wr_rst_cc_reg[0]/C
  -------------------------------------------------------------------    -------------------
    SLICE_X111Y18        FDRE (Prop_fdre_C_Q)         0.141    -0.432 f  i_axi_dwidth_converter_dm_slave/inst/gen_downsizer.gen_simple_downsizer.axi_downsizer_inst/USE_WRITE.write_addr_inst/cmd_queue/inst/fifo_gen_inst/inst_fifo_gen/gconvfifo.rf/grf.rf/rstblk/ngwrdrst.grst.g7serrst.gnsckt_wrst.gcc_rst.sckt_wr_rst_cc_reg[0]/Q
                         net (fo=3, routed)           0.127    -0.304    i_axi_dwidth_converter_dm_slave/inst/gen_downsizer.gen_simple_downsizer.axi_downsizer_inst/USE_WRITE.write_addr_inst/cmd_queue/inst/fifo_gen_inst/inst_fifo_gen/gconvfifo.rf/grf.rf/rstblk/ngwrdrst.grst.g7serrst.gnsckt_wrst.gcc_rst.sckt_wr_rst_cc[0]
    SLICE_X111Y17        LUT3 (Prop_lut3_I1_O)        0.045    -0.259 f  i_axi_dwidth_converter_dm_slave/inst/gen_downsizer.gen_simple_downsizer.axi_downsizer_inst/USE_WRITE.write_addr_inst/cmd_queue/inst/fifo_gen_inst/inst_fifo_gen/gconvfifo.rf/grf.rf/rstblk/gpregsm1.curr_fwft_state[1]_i_2/O
                         net (fo=32, routed)          0.129    -0.131    i_axi_dwidth_converter_dm_slave/inst/gen_downsizer.gen_simple_downsizer.axi_downsizer_inst/USE_WRITE.write_addr_inst/cmd_queue/inst/fifo_gen_inst/inst_fifo_gen/gconvfifo.rf/grf.rf/gntv_or_sync_fifo.gl0.rd/gr1.gr1_int.rfwft/gpregsm1.user_valid_reg_0
    SLICE_X111Y17        FDPE                                         f  i_axi_dwidth_converter_dm_slave/inst/gen_downsizer.gen_simple_downsizer.axi_downsizer_inst/USE_WRITE.write_addr_inst/cmd_queue/inst/fifo_gen_inst/inst_fifo_gen/gconvfifo.rf/grf.rf/gntv_or_sync_fifo.gl0.rd/gr1.gr1_int.rfwft/empty_fwft_fb_o_i_reg/PRE
  -------------------------------------------------------------------    -------------------

                         (clock clk_out1_xlnx_clk_gen rise edge)
                                                      0.000     0.000 r  
    K17                                               0.000     0.000 r  clk_sys (IN)
                         net (fo=0)                   0.000     0.000    i_xlnx_clk_gen/inst/clk_in1
    K17                  IBUF (Prop_ibuf_I_O)         0.431     0.431 r  i_xlnx_clk_gen/inst/clkin1_ibufg/O
                         net (fo=1, routed)           0.480     0.911    i_xlnx_clk_gen/inst/clk_in1_xlnx_clk_gen
    MMCME2_ADV_X1Y2      MMCME2_ADV (Prop_mmcme2_adv_CLKIN1_CLKOUT0)
                                                     -3.407    -2.496 r  i_xlnx_clk_gen/inst/mmcm_adv_inst/CLKOUT0
                         net (fo=1, routed)           0.752    -1.744    i_xlnx_clk_gen/inst/clk_out1_xlnx_clk_gen
    BUFGCTRL_X0Y16       BUFG (Prop_bufg_I_O)         0.029    -1.715 r  i_xlnx_clk_gen/inst/clkout1_buf/O
                         net (fo=20038, routed)       0.905    -0.810    i_axi_dwidth_converter_dm_slave/inst/gen_downsizer.gen_simple_downsizer.axi_downsizer_inst/USE_WRITE.write_addr_inst/cmd_queue/inst/fifo_gen_inst/inst_fifo_gen/gconvfifo.rf/grf.rf/gntv_or_sync_fifo.gl0.rd/gr1.gr1_int.rfwft/clk
    SLICE_X111Y17        FDPE                                         r  i_axi_dwidth_converter_dm_slave/inst/gen_downsizer.gen_simple_downsizer.axi_downsizer_inst/USE_WRITE.write_addr_inst/cmd_queue/inst/fifo_gen_inst/inst_fifo_gen/gconvfifo.rf/grf.rf/gntv_or_sync_fifo.gl0.rd/gr1.gr1_int.rfwft/empty_fwft_fb_o_i_reg/C
                         clock pessimism              0.253    -0.558    
    SLICE_X111Y17        FDPE (Remov_fdpe_C_PRE)     -0.095    -0.653    i_axi_dwidth_converter_dm_slave/inst/gen_downsizer.gen_simple_downsizer.axi_downsizer_inst/USE_WRITE.write_addr_inst/cmd_queue/inst/fifo_gen_inst/inst_fifo_gen/gconvfifo.rf/grf.rf/gntv_or_sync_fifo.gl0.rd/gr1.gr1_int.rfwft/empty_fwft_fb_o_i_reg
  -------------------------------------------------------------------
                         required time                          0.653    
                         arrival time                          -0.131    
  -------------------------------------------------------------------
                         slack                                  0.522    

Slack (MET) :             0.522ns  (arrival time - required time)
  Source:                 i_axi_dwidth_converter_dm_slave/inst/gen_downsizer.gen_simple_downsizer.axi_downsizer_inst/USE_WRITE.write_addr_inst/cmd_queue/inst/fifo_gen_inst/inst_fifo_gen/gconvfifo.rf/grf.rf/rstblk/ngwrdrst.grst.g7serrst.gnsckt_wrst.gcc_rst.sckt_wr_rst_cc_reg[0]/C
                            (rising edge-triggered cell FDRE clocked by clk_out1_xlnx_clk_gen  {rise@0.000ns fall@10.000ns period=20.000ns})
  Destination:            i_axi_dwidth_converter_dm_slave/inst/gen_downsizer.gen_simple_downsizer.axi_downsizer_inst/USE_WRITE.write_addr_inst/cmd_queue/inst/fifo_gen_inst/inst_fifo_gen/gconvfifo.rf/grf.rf/gntv_or_sync_fifo.gl0.rd/grss.rsts/ram_empty_fb_i_reg/PRE
                            (removal check against rising-edge clock clk_out1_xlnx_clk_gen  {rise@0.000ns fall@10.000ns period=20.000ns})
  Path Group:             **async_default**
  Path Type:              Removal (Min at Fast Process Corner)
  Requirement:            0.000ns  (clk_out1_xlnx_clk_gen rise@0.000ns - clk_out1_xlnx_clk_gen rise@0.000ns)
  Data Path Delay:        0.442ns  (logic 0.186ns (42.089%)  route 0.256ns (57.911%))
  Logic Levels:           1  (LUT3=1)
  Clock Path Skew:        0.015ns (DCD - SCD - CPR)
    Destination Clock Delay (DCD):    -0.810ns
    Source Clock Delay      (SCD):    -0.573ns
    Clock Pessimism Removal (CPR):    -0.253ns

    Location             Delay type                Incr(ns)  Path(ns)    Netlist Resource(s)
  -------------------------------------------------------------------    -------------------
                         (clock clk_out1_xlnx_clk_gen rise edge)
                                                      0.000     0.000 r  
    K17                                               0.000     0.000 r  clk_sys (IN)
                         net (fo=0)                   0.000     0.000    i_xlnx_clk_gen/inst/clk_in1
    K17                  IBUF (Prop_ibuf_I_O)         0.243     0.243 r  i_xlnx_clk_gen/inst/clkin1_ibufg/O
                         net (fo=1, routed)           0.440     0.683    i_xlnx_clk_gen/inst/clk_in1_xlnx_clk_gen
    MMCME2_ADV_X1Y2      MMCME2_ADV (Prop_mmcme2_adv_CLKIN1_CLKOUT0)
                                                     -2.613    -1.930 r  i_xlnx_clk_gen/inst/mmcm_adv_inst/CLKOUT0
                         net (fo=1, routed)           0.696    -1.233    i_xlnx_clk_gen/inst/clk_out1_xlnx_clk_gen
    BUFGCTRL_X0Y16       BUFG (Prop_bufg_I_O)         0.026    -1.207 r  i_xlnx_clk_gen/inst/clkout1_buf/O
                         net (fo=20038, routed)       0.635    -0.573    i_axi_dwidth_converter_dm_slave/inst/gen_downsizer.gen_simple_downsizer.axi_downsizer_inst/USE_WRITE.write_addr_inst/cmd_queue/inst/fifo_gen_inst/inst_fifo_gen/gconvfifo.rf/grf.rf/rstblk/clk
    SLICE_X111Y18        FDRE                                         r  i_axi_dwidth_converter_dm_slave/inst/gen_downsizer.gen_simple_downsizer.axi_downsizer_inst/USE_WRITE.write_addr_inst/cmd_queue/inst/fifo_gen_inst/inst_fifo_gen/gconvfifo.rf/grf.rf/rstblk/ngwrdrst.grst.g7serrst.gnsckt_wrst.gcc_rst.sckt_wr_rst_cc_reg[0]/C
  -------------------------------------------------------------------    -------------------
    SLICE_X111Y18        FDRE (Prop_fdre_C_Q)         0.141    -0.432 f  i_axi_dwidth_converter_dm_slave/inst/gen_downsizer.gen_simple_downsizer.axi_downsizer_inst/USE_WRITE.write_addr_inst/cmd_queue/inst/fifo_gen_inst/inst_fifo_gen/gconvfifo.rf/grf.rf/rstblk/ngwrdrst.grst.g7serrst.gnsckt_wrst.gcc_rst.sckt_wr_rst_cc_reg[0]/Q
                         net (fo=3, routed)           0.127    -0.304    i_axi_dwidth_converter_dm_slave/inst/gen_downsizer.gen_simple_downsizer.axi_downsizer_inst/USE_WRITE.write_addr_inst/cmd_queue/inst/fifo_gen_inst/inst_fifo_gen/gconvfifo.rf/grf.rf/rstblk/ngwrdrst.grst.g7serrst.gnsckt_wrst.gcc_rst.sckt_wr_rst_cc[0]
    SLICE_X111Y17        LUT3 (Prop_lut3_I1_O)        0.045    -0.259 f  i_axi_dwidth_converter_dm_slave/inst/gen_downsizer.gen_simple_downsizer.axi_downsizer_inst/USE_WRITE.write_addr_inst/cmd_queue/inst/fifo_gen_inst/inst_fifo_gen/gconvfifo.rf/grf.rf/rstblk/gpregsm1.curr_fwft_state[1]_i_2/O
                         net (fo=32, routed)          0.129    -0.131    i_axi_dwidth_converter_dm_slave/inst/gen_downsizer.gen_simple_downsizer.axi_downsizer_inst/USE_WRITE.write_addr_inst/cmd_queue/inst/fifo_gen_inst/inst_fifo_gen/gconvfifo.rf/grf.rf/gntv_or_sync_fifo.gl0.rd/grss.rsts/ram_empty_i_reg_1
    SLICE_X111Y17        FDPE                                         f  i_axi_dwidth_converter_dm_slave/inst/gen_downsizer.gen_simple_downsizer.axi_downsizer_inst/USE_WRITE.write_addr_inst/cmd_queue/inst/fifo_gen_inst/inst_fifo_gen/gconvfifo.rf/grf.rf/gntv_or_sync_fifo.gl0.rd/grss.rsts/ram_empty_fb_i_reg/PRE
  -------------------------------------------------------------------    -------------------

                         (clock clk_out1_xlnx_clk_gen rise edge)
                                                      0.000     0.000 r  
    K17                                               0.000     0.000 r  clk_sys (IN)
                         net (fo=0)                   0.000     0.000    i_xlnx_clk_gen/inst/clk_in1
    K17                  IBUF (Prop_ibuf_I_O)         0.431     0.431 r  i_xlnx_clk_gen/inst/clkin1_ibufg/O
                         net (fo=1, routed)           0.480     0.911    i_xlnx_clk_gen/inst/clk_in1_xlnx_clk_gen
    MMCME2_ADV_X1Y2      MMCME2_ADV (Prop_mmcme2_adv_CLKIN1_CLKOUT0)
                                                     -3.407    -2.496 r  i_xlnx_clk_gen/inst/mmcm_adv_inst/CLKOUT0
                         net (fo=1, routed)           0.752    -1.744    i_xlnx_clk_gen/inst/clk_out1_xlnx_clk_gen
    BUFGCTRL_X0Y16       BUFG (Prop_bufg_I_O)         0.029    -1.715 r  i_xlnx_clk_gen/inst/clkout1_buf/O
                         net (fo=20038, routed)       0.905    -0.810    i_axi_dwidth_converter_dm_slave/inst/gen_downsizer.gen_simple_downsizer.axi_downsizer_inst/USE_WRITE.write_addr_inst/cmd_queue/inst/fifo_gen_inst/inst_fifo_gen/gconvfifo.rf/grf.rf/gntv_or_sync_fifo.gl0.rd/grss.rsts/clk
    SLICE_X111Y17        FDPE                                         r  i_axi_dwidth_converter_dm_slave/inst/gen_downsizer.gen_simple_downsizer.axi_downsizer_inst/USE_WRITE.write_addr_inst/cmd_queue/inst/fifo_gen_inst/inst_fifo_gen/gconvfifo.rf/grf.rf/gntv_or_sync_fifo.gl0.rd/grss.rsts/ram_empty_fb_i_reg/C
                         clock pessimism              0.253    -0.558    
    SLICE_X111Y17        FDPE (Remov_fdpe_C_PRE)     -0.095    -0.653    i_axi_dwidth_converter_dm_slave/inst/gen_downsizer.gen_simple_downsizer.axi_downsizer_inst/USE_WRITE.write_addr_inst/cmd_queue/inst/fifo_gen_inst/inst_fifo_gen/gconvfifo.rf/grf.rf/gntv_or_sync_fifo.gl0.rd/grss.rsts/ram_empty_fb_i_reg
  -------------------------------------------------------------------
                         required time                          0.653    
                         arrival time                          -0.131    
  -------------------------------------------------------------------
                         slack                                  0.522    

Slack (MET) :             0.523ns  (arrival time - required time)
  Source:                 i_axi_dwidth_converter_dm_slave/inst/gen_downsizer.gen_simple_downsizer.axi_downsizer_inst/USE_WRITE.write_addr_inst/cmd_queue/inst/fifo_gen_inst/inst_fifo_gen/gconvfifo.rf/grf.rf/rstblk/ngwrdrst.grst.g7serrst.gnsckt_wrst.gcc_rst.sckt_wr_rst_cc_reg[0]/C
                            (rising edge-triggered cell FDRE clocked by clk_out1_xlnx_clk_gen  {rise@0.000ns fall@10.000ns period=20.000ns})
  Destination:            i_axi_dwidth_converter_dm_slave/inst/gen_downsizer.gen_simple_downsizer.axi_downsizer_inst/USE_WRITE.write_addr_inst/cmd_queue/inst/fifo_gen_inst/inst_fifo_gen/gconvfifo.rf/grf.rf/gntv_or_sync_fifo.gl0.rd/gr1.gr1_int.rfwft/gpregsm1.curr_fwft_state_reg[0]/CLR
                            (removal check against rising-edge clock clk_out1_xlnx_clk_gen  {rise@0.000ns fall@10.000ns period=20.000ns})
  Path Group:             **async_default**
  Path Type:              Removal (Min at Fast Process Corner)
  Requirement:            0.000ns  (clk_out1_xlnx_clk_gen rise@0.000ns - clk_out1_xlnx_clk_gen rise@0.000ns)
  Data Path Delay:        0.446ns  (logic 0.186ns (41.678%)  route 0.260ns (58.322%))
  Logic Levels:           1  (LUT3=1)
  Clock Path Skew:        0.015ns (DCD - SCD - CPR)
    Destination Clock Delay (DCD):    -0.810ns
    Source Clock Delay      (SCD):    -0.573ns
    Clock Pessimism Removal (CPR):    -0.253ns

    Location             Delay type                Incr(ns)  Path(ns)    Netlist Resource(s)
  -------------------------------------------------------------------    -------------------
                         (clock clk_out1_xlnx_clk_gen rise edge)
                                                      0.000     0.000 r  
    K17                                               0.000     0.000 r  clk_sys (IN)
                         net (fo=0)                   0.000     0.000    i_xlnx_clk_gen/inst/clk_in1
    K17                  IBUF (Prop_ibuf_I_O)         0.243     0.243 r  i_xlnx_clk_gen/inst/clkin1_ibufg/O
                         net (fo=1, routed)           0.440     0.683    i_xlnx_clk_gen/inst/clk_in1_xlnx_clk_gen
    MMCME2_ADV_X1Y2      MMCME2_ADV (Prop_mmcme2_adv_CLKIN1_CLKOUT0)
                                                     -2.613    -1.930 r  i_xlnx_clk_gen/inst/mmcm_adv_inst/CLKOUT0
                         net (fo=1, routed)           0.696    -1.233    i_xlnx_clk_gen/inst/clk_out1_xlnx_clk_gen
    BUFGCTRL_X0Y16       BUFG (Prop_bufg_I_O)         0.026    -1.207 r  i_xlnx_clk_gen/inst/clkout1_buf/O
                         net (fo=20038, routed)       0.635    -0.573    i_axi_dwidth_converter_dm_slave/inst/gen_downsizer.gen_simple_downsizer.axi_downsizer_inst/USE_WRITE.write_addr_inst/cmd_queue/inst/fifo_gen_inst/inst_fifo_gen/gconvfifo.rf/grf.rf/rstblk/clk
    SLICE_X111Y18        FDRE                                         r  i_axi_dwidth_converter_dm_slave/inst/gen_downsizer.gen_simple_downsizer.axi_downsizer_inst/USE_WRITE.write_addr_inst/cmd_queue/inst/fifo_gen_inst/inst_fifo_gen/gconvfifo.rf/grf.rf/rstblk/ngwrdrst.grst.g7serrst.gnsckt_wrst.gcc_rst.sckt_wr_rst_cc_reg[0]/C
  -------------------------------------------------------------------    -------------------
    SLICE_X111Y18        FDRE (Prop_fdre_C_Q)         0.141    -0.432 f  i_axi_dwidth_converter_dm_slave/inst/gen_downsizer.gen_simple_downsizer.axi_downsizer_inst/USE_WRITE.write_addr_inst/cmd_queue/inst/fifo_gen_inst/inst_fifo_gen/gconvfifo.rf/grf.rf/rstblk/ngwrdrst.grst.g7serrst.gnsckt_wrst.gcc_rst.sckt_wr_rst_cc_reg[0]/Q
                         net (fo=3, routed)           0.127    -0.304    i_axi_dwidth_converter_dm_slave/inst/gen_downsizer.gen_simple_downsizer.axi_downsizer_inst/USE_WRITE.write_addr_inst/cmd_queue/inst/fifo_gen_inst/inst_fifo_gen/gconvfifo.rf/grf.rf/rstblk/ngwrdrst.grst.g7serrst.gnsckt_wrst.gcc_rst.sckt_wr_rst_cc[0]
    SLICE_X111Y17        LUT3 (Prop_lut3_I1_O)        0.045    -0.259 f  i_axi_dwidth_converter_dm_slave/inst/gen_downsizer.gen_simple_downsizer.axi_downsizer_inst/USE_WRITE.write_addr_inst/cmd_queue/inst/fifo_gen_inst/inst_fifo_gen/gconvfifo.rf/grf.rf/rstblk/gpregsm1.curr_fwft_state[1]_i_2/O
                         net (fo=32, routed)          0.133    -0.126    i_axi_dwidth_converter_dm_slave/inst/gen_downsizer.gen_simple_downsizer.axi_downsizer_inst/USE_WRITE.write_addr_inst/cmd_queue/inst/fifo_gen_inst/inst_fifo_gen/gconvfifo.rf/grf.rf/gntv_or_sync_fifo.gl0.rd/gr1.gr1_int.rfwft/gpregsm1.user_valid_reg_0
    SLICE_X110Y17        FDCE                                         f  i_axi_dwidth_converter_dm_slave/inst/gen_downsizer.gen_simple_downsizer.axi_downsizer_inst/USE_WRITE.write_addr_inst/cmd_queue/inst/fifo_gen_inst/inst_fifo_gen/gconvfifo.rf/grf.rf/gntv_or_sync_fifo.gl0.rd/gr1.gr1_int.rfwft/gpregsm1.curr_fwft_state_reg[0]/CLR
  -------------------------------------------------------------------    -------------------

                         (clock clk_out1_xlnx_clk_gen rise edge)
                                                      0.000     0.000 r  
    K17                                               0.000     0.000 r  clk_sys (IN)
                         net (fo=0)                   0.000     0.000    i_xlnx_clk_gen/inst/clk_in1
    K17                  IBUF (Prop_ibuf_I_O)         0.431     0.431 r  i_xlnx_clk_gen/inst/clkin1_ibufg/O
                         net (fo=1, routed)           0.480     0.911    i_xlnx_clk_gen/inst/clk_in1_xlnx_clk_gen
    MMCME2_ADV_X1Y2      MMCME2_ADV (Prop_mmcme2_adv_CLKIN1_CLKOUT0)
                                                     -3.407    -2.496 r  i_xlnx_clk_gen/inst/mmcm_adv_inst/CLKOUT0
                         net (fo=1, routed)           0.752    -1.744    i_xlnx_clk_gen/inst/clk_out1_xlnx_clk_gen
    BUFGCTRL_X0Y16       BUFG (Prop_bufg_I_O)         0.029    -1.715 r  i_xlnx_clk_gen/inst/clkout1_buf/O
                         net (fo=20038, routed)       0.905    -0.810    i_axi_dwidth_converter_dm_slave/inst/gen_downsizer.gen_simple_downsizer.axi_downsizer_inst/USE_WRITE.write_addr_inst/cmd_queue/inst/fifo_gen_inst/inst_fifo_gen/gconvfifo.rf/grf.rf/gntv_or_sync_fifo.gl0.rd/gr1.gr1_int.rfwft/clk
    SLICE_X110Y17        FDCE                                         r  i_axi_dwidth_converter_dm_slave/inst/gen_downsizer.gen_simple_downsizer.axi_downsizer_inst/USE_WRITE.write_addr_inst/cmd_queue/inst/fifo_gen_inst/inst_fifo_gen/gconvfifo.rf/grf.rf/gntv_or_sync_fifo.gl0.rd/gr1.gr1_int.rfwft/gpregsm1.curr_fwft_state_reg[0]/C
                         clock pessimism              0.253    -0.558    
    SLICE_X110Y17        FDCE (Remov_fdce_C_CLR)     -0.092    -0.650    i_axi_dwidth_converter_dm_slave/inst/gen_downsizer.gen_simple_downsizer.axi_downsizer_inst/USE_WRITE.write_addr_inst/cmd_queue/inst/fifo_gen_inst/inst_fifo_gen/gconvfifo.rf/grf.rf/gntv_or_sync_fifo.gl0.rd/gr1.gr1_int.rfwft/gpregsm1.curr_fwft_state_reg[0]
  -------------------------------------------------------------------
                         required time                          0.650    
                         arrival time                          -0.126    
  -------------------------------------------------------------------
                         slack                                  0.523    

Slack (MET) :             0.523ns  (arrival time - required time)
  Source:                 i_axi_dwidth_converter_dm_slave/inst/gen_downsizer.gen_simple_downsizer.axi_downsizer_inst/USE_WRITE.write_addr_inst/cmd_queue/inst/fifo_gen_inst/inst_fifo_gen/gconvfifo.rf/grf.rf/rstblk/ngwrdrst.grst.g7serrst.gnsckt_wrst.gcc_rst.sckt_wr_rst_cc_reg[0]/C
                            (rising edge-triggered cell FDRE clocked by clk_out1_xlnx_clk_gen  {rise@0.000ns fall@10.000ns period=20.000ns})
  Destination:            i_axi_dwidth_converter_dm_slave/inst/gen_downsizer.gen_simple_downsizer.axi_downsizer_inst/USE_WRITE.write_addr_inst/cmd_queue/inst/fifo_gen_inst/inst_fifo_gen/gconvfifo.rf/grf.rf/gntv_or_sync_fifo.gl0.rd/gr1.gr1_int.rfwft/gpregsm1.curr_fwft_state_reg[1]/CLR
                            (removal check against rising-edge clock clk_out1_xlnx_clk_gen  {rise@0.000ns fall@10.000ns period=20.000ns})
  Path Group:             **async_default**
  Path Type:              Removal (Min at Fast Process Corner)
  Requirement:            0.000ns  (clk_out1_xlnx_clk_gen rise@0.000ns - clk_out1_xlnx_clk_gen rise@0.000ns)
  Data Path Delay:        0.446ns  (logic 0.186ns (41.678%)  route 0.260ns (58.322%))
  Logic Levels:           1  (LUT3=1)
  Clock Path Skew:        0.015ns (DCD - SCD - CPR)
    Destination Clock Delay (DCD):    -0.810ns
    Source Clock Delay      (SCD):    -0.573ns
    Clock Pessimism Removal (CPR):    -0.253ns

    Location             Delay type                Incr(ns)  Path(ns)    Netlist Resource(s)
  -------------------------------------------------------------------    -------------------
                         (clock clk_out1_xlnx_clk_gen rise edge)
                                                      0.000     0.000 r  
    K17                                               0.000     0.000 r  clk_sys (IN)
                         net (fo=0)                   0.000     0.000    i_xlnx_clk_gen/inst/clk_in1
    K17                  IBUF (Prop_ibuf_I_O)         0.243     0.243 r  i_xlnx_clk_gen/inst/clkin1_ibufg/O
                         net (fo=1, routed)           0.440     0.683    i_xlnx_clk_gen/inst/clk_in1_xlnx_clk_gen
    MMCME2_ADV_X1Y2      MMCME2_ADV (Prop_mmcme2_adv_CLKIN1_CLKOUT0)
                                                     -2.613    -1.930 r  i_xlnx_clk_gen/inst/mmcm_adv_inst/CLKOUT0
                         net (fo=1, routed)           0.696    -1.233    i_xlnx_clk_gen/inst/clk_out1_xlnx_clk_gen
    BUFGCTRL_X0Y16       BUFG (Prop_bufg_I_O)         0.026    -1.207 r  i_xlnx_clk_gen/inst/clkout1_buf/O
                         net (fo=20038, routed)       0.635    -0.573    i_axi_dwidth_converter_dm_slave/inst/gen_downsizer.gen_simple_downsizer.axi_downsizer_inst/USE_WRITE.write_addr_inst/cmd_queue/inst/fifo_gen_inst/inst_fifo_gen/gconvfifo.rf/grf.rf/rstblk/clk
    SLICE_X111Y18        FDRE                                         r  i_axi_dwidth_converter_dm_slave/inst/gen_downsizer.gen_simple_downsizer.axi_downsizer_inst/USE_WRITE.write_addr_inst/cmd_queue/inst/fifo_gen_inst/inst_fifo_gen/gconvfifo.rf/grf.rf/rstblk/ngwrdrst.grst.g7serrst.gnsckt_wrst.gcc_rst.sckt_wr_rst_cc_reg[0]/C
  -------------------------------------------------------------------    -------------------
    SLICE_X111Y18        FDRE (Prop_fdre_C_Q)         0.141    -0.432 f  i_axi_dwidth_converter_dm_slave/inst/gen_downsizer.gen_simple_downsizer.axi_downsizer_inst/USE_WRITE.write_addr_inst/cmd_queue/inst/fifo_gen_inst/inst_fifo_gen/gconvfifo.rf/grf.rf/rstblk/ngwrdrst.grst.g7serrst.gnsckt_wrst.gcc_rst.sckt_wr_rst_cc_reg[0]/Q
                         net (fo=3, routed)           0.127    -0.304    i_axi_dwidth_converter_dm_slave/inst/gen_downsizer.gen_simple_downsizer.axi_downsizer_inst/USE_WRITE.write_addr_inst/cmd_queue/inst/fifo_gen_inst/inst_fifo_gen/gconvfifo.rf/grf.rf/rstblk/ngwrdrst.grst.g7serrst.gnsckt_wrst.gcc_rst.sckt_wr_rst_cc[0]
    SLICE_X111Y17        LUT3 (Prop_lut3_I1_O)        0.045    -0.259 f  i_axi_dwidth_converter_dm_slave/inst/gen_downsizer.gen_simple_downsizer.axi_downsizer_inst/USE_WRITE.write_addr_inst/cmd_queue/inst/fifo_gen_inst/inst_fifo_gen/gconvfifo.rf/grf.rf/rstblk/gpregsm1.curr_fwft_state[1]_i_2/O
                         net (fo=32, routed)          0.133    -0.126    i_axi_dwidth_converter_dm_slave/inst/gen_downsizer.gen_simple_downsizer.axi_downsizer_inst/USE_WRITE.write_addr_inst/cmd_queue/inst/fifo_gen_inst/inst_fifo_gen/gconvfifo.rf/grf.rf/gntv_or_sync_fifo.gl0.rd/gr1.gr1_int.rfwft/gpregsm1.user_valid_reg_0
    SLICE_X110Y17        FDCE                                         f  i_axi_dwidth_converter_dm_slave/inst/gen_downsizer.gen_simple_downsizer.axi_downsizer_inst/USE_WRITE.write_addr_inst/cmd_queue/inst/fifo_gen_inst/inst_fifo_gen/gconvfifo.rf/grf.rf/gntv_or_sync_fifo.gl0.rd/gr1.gr1_int.rfwft/gpregsm1.curr_fwft_state_reg[1]/CLR
  -------------------------------------------------------------------    -------------------

                         (clock clk_out1_xlnx_clk_gen rise edge)
                                                      0.000     0.000 r  
    K17                                               0.000     0.000 r  clk_sys (IN)
                         net (fo=0)                   0.000     0.000    i_xlnx_clk_gen/inst/clk_in1
    K17                  IBUF (Prop_ibuf_I_O)         0.431     0.431 r  i_xlnx_clk_gen/inst/clkin1_ibufg/O
                         net (fo=1, routed)           0.480     0.911    i_xlnx_clk_gen/inst/clk_in1_xlnx_clk_gen
    MMCME2_ADV_X1Y2      MMCME2_ADV (Prop_mmcme2_adv_CLKIN1_CLKOUT0)
                                                     -3.407    -2.496 r  i_xlnx_clk_gen/inst/mmcm_adv_inst/CLKOUT0
                         net (fo=1, routed)           0.752    -1.744    i_xlnx_clk_gen/inst/clk_out1_xlnx_clk_gen
    BUFGCTRL_X0Y16       BUFG (Prop_bufg_I_O)         0.029    -1.715 r  i_xlnx_clk_gen/inst/clkout1_buf/O
                         net (fo=20038, routed)       0.905    -0.810    i_axi_dwidth_converter_dm_slave/inst/gen_downsizer.gen_simple_downsizer.axi_downsizer_inst/USE_WRITE.write_addr_inst/cmd_queue/inst/fifo_gen_inst/inst_fifo_gen/gconvfifo.rf/grf.rf/gntv_or_sync_fifo.gl0.rd/gr1.gr1_int.rfwft/clk
    SLICE_X110Y17        FDCE                                         r  i_axi_dwidth_converter_dm_slave/inst/gen_downsizer.gen_simple_downsizer.axi_downsizer_inst/USE_WRITE.write_addr_inst/cmd_queue/inst/fifo_gen_inst/inst_fifo_gen/gconvfifo.rf/grf.rf/gntv_or_sync_fifo.gl0.rd/gr1.gr1_int.rfwft/gpregsm1.curr_fwft_state_reg[1]/C
                         clock pessimism              0.253    -0.558    
    SLICE_X110Y17        FDCE (Remov_fdce_C_CLR)     -0.092    -0.650    i_axi_dwidth_converter_dm_slave/inst/gen_downsizer.gen_simple_downsizer.axi_downsizer_inst/USE_WRITE.write_addr_inst/cmd_queue/inst/fifo_gen_inst/inst_fifo_gen/gconvfifo.rf/grf.rf/gntv_or_sync_fifo.gl0.rd/gr1.gr1_int.rfwft/gpregsm1.curr_fwft_state_reg[1]
  -------------------------------------------------------------------
                         required time                          0.650    
                         arrival time                          -0.126    
  -------------------------------------------------------------------
                         slack                                  0.523    

Slack (MET) :             0.523ns  (arrival time - required time)
  Source:                 i_axi_dwidth_converter_dm_slave/inst/gen_downsizer.gen_simple_downsizer.axi_downsizer_inst/USE_WRITE.write_addr_inst/cmd_queue/inst/fifo_gen_inst/inst_fifo_gen/gconvfifo.rf/grf.rf/rstblk/ngwrdrst.grst.g7serrst.gnsckt_wrst.gcc_rst.sckt_wr_rst_cc_reg[0]/C
                            (rising edge-triggered cell FDRE clocked by clk_out1_xlnx_clk_gen  {rise@0.000ns fall@10.000ns period=20.000ns})
  Destination:            i_axi_dwidth_converter_dm_slave/inst/gen_downsizer.gen_simple_downsizer.axi_downsizer_inst/USE_WRITE.write_addr_inst/cmd_queue/inst/fifo_gen_inst/inst_fifo_gen/gconvfifo.rf/grf.rf/gntv_or_sync_fifo.gl0.rd/gr1.gr1_int.rfwft/gpregsm1.user_valid_reg/CLR
                            (removal check against rising-edge clock clk_out1_xlnx_clk_gen  {rise@0.000ns fall@10.000ns period=20.000ns})
  Path Group:             **async_default**
  Path Type:              Removal (Min at Fast Process Corner)
  Requirement:            0.000ns  (clk_out1_xlnx_clk_gen rise@0.000ns - clk_out1_xlnx_clk_gen rise@0.000ns)
  Data Path Delay:        0.446ns  (logic 0.186ns (41.678%)  route 0.260ns (58.322%))
  Logic Levels:           1  (LUT3=1)
  Clock Path Skew:        0.015ns (DCD - SCD - CPR)
    Destination Clock Delay (DCD):    -0.810ns
    Source Clock Delay      (SCD):    -0.573ns
    Clock Pessimism Removal (CPR):    -0.253ns

    Location             Delay type                Incr(ns)  Path(ns)    Netlist Resource(s)
  -------------------------------------------------------------------    -------------------
                         (clock clk_out1_xlnx_clk_gen rise edge)
                                                      0.000     0.000 r  
    K17                                               0.000     0.000 r  clk_sys (IN)
                         net (fo=0)                   0.000     0.000    i_xlnx_clk_gen/inst/clk_in1
    K17                  IBUF (Prop_ibuf_I_O)         0.243     0.243 r  i_xlnx_clk_gen/inst/clkin1_ibufg/O
                         net (fo=1, routed)           0.440     0.683    i_xlnx_clk_gen/inst/clk_in1_xlnx_clk_gen
    MMCME2_ADV_X1Y2      MMCME2_ADV (Prop_mmcme2_adv_CLKIN1_CLKOUT0)
                                                     -2.613    -1.930 r  i_xlnx_clk_gen/inst/mmcm_adv_inst/CLKOUT0
                         net (fo=1, routed)           0.696    -1.233    i_xlnx_clk_gen/inst/clk_out1_xlnx_clk_gen
    BUFGCTRL_X0Y16       BUFG (Prop_bufg_I_O)         0.026    -1.207 r  i_xlnx_clk_gen/inst/clkout1_buf/O
                         net (fo=20038, routed)       0.635    -0.573    i_axi_dwidth_converter_dm_slave/inst/gen_downsizer.gen_simple_downsizer.axi_downsizer_inst/USE_WRITE.write_addr_inst/cmd_queue/inst/fifo_gen_inst/inst_fifo_gen/gconvfifo.rf/grf.rf/rstblk/clk
    SLICE_X111Y18        FDRE                                         r  i_axi_dwidth_converter_dm_slave/inst/gen_downsizer.gen_simple_downsizer.axi_downsizer_inst/USE_WRITE.write_addr_inst/cmd_queue/inst/fifo_gen_inst/inst_fifo_gen/gconvfifo.rf/grf.rf/rstblk/ngwrdrst.grst.g7serrst.gnsckt_wrst.gcc_rst.sckt_wr_rst_cc_reg[0]/C
  -------------------------------------------------------------------    -------------------
    SLICE_X111Y18        FDRE (Prop_fdre_C_Q)         0.141    -0.432 f  i_axi_dwidth_converter_dm_slave/inst/gen_downsizer.gen_simple_downsizer.axi_downsizer_inst/USE_WRITE.write_addr_inst/cmd_queue/inst/fifo_gen_inst/inst_fifo_gen/gconvfifo.rf/grf.rf/rstblk/ngwrdrst.grst.g7serrst.gnsckt_wrst.gcc_rst.sckt_wr_rst_cc_reg[0]/Q
                         net (fo=3, routed)           0.127    -0.304    i_axi_dwidth_converter_dm_slave/inst/gen_downsizer.gen_simple_downsizer.axi_downsizer_inst/USE_WRITE.write_addr_inst/cmd_queue/inst/fifo_gen_inst/inst_fifo_gen/gconvfifo.rf/grf.rf/rstblk/ngwrdrst.grst.g7serrst.gnsckt_wrst.gcc_rst.sckt_wr_rst_cc[0]
    SLICE_X111Y17        LUT3 (Prop_lut3_I1_O)        0.045    -0.259 f  i_axi_dwidth_converter_dm_slave/inst/gen_downsizer.gen_simple_downsizer.axi_downsizer_inst/USE_WRITE.write_addr_inst/cmd_queue/inst/fifo_gen_inst/inst_fifo_gen/gconvfifo.rf/grf.rf/rstblk/gpregsm1.curr_fwft_state[1]_i_2/O
                         net (fo=32, routed)          0.133    -0.126    i_axi_dwidth_converter_dm_slave/inst/gen_downsizer.gen_simple_downsizer.axi_downsizer_inst/USE_WRITE.write_addr_inst/cmd_queue/inst/fifo_gen_inst/inst_fifo_gen/gconvfifo.rf/grf.rf/gntv_or_sync_fifo.gl0.rd/gr1.gr1_int.rfwft/gpregsm1.user_valid_reg_0
    SLICE_X110Y17        FDCE                                         f  i_axi_dwidth_converter_dm_slave/inst/gen_downsizer.gen_simple_downsizer.axi_downsizer_inst/USE_WRITE.write_addr_inst/cmd_queue/inst/fifo_gen_inst/inst_fifo_gen/gconvfifo.rf/grf.rf/gntv_or_sync_fifo.gl0.rd/gr1.gr1_int.rfwft/gpregsm1.user_valid_reg/CLR
  -------------------------------------------------------------------    -------------------

                         (clock clk_out1_xlnx_clk_gen rise edge)
                                                      0.000     0.000 r  
    K17                                               0.000     0.000 r  clk_sys (IN)
                         net (fo=0)                   0.000     0.000    i_xlnx_clk_gen/inst/clk_in1
    K17                  IBUF (Prop_ibuf_I_O)         0.431     0.431 r  i_xlnx_clk_gen/inst/clkin1_ibufg/O
                         net (fo=1, routed)           0.480     0.911    i_xlnx_clk_gen/inst/clk_in1_xlnx_clk_gen
    MMCME2_ADV_X1Y2      MMCME2_ADV (Prop_mmcme2_adv_CLKIN1_CLKOUT0)
                                                     -3.407    -2.496 r  i_xlnx_clk_gen/inst/mmcm_adv_inst/CLKOUT0
                         net (fo=1, routed)           0.752    -1.744    i_xlnx_clk_gen/inst/clk_out1_xlnx_clk_gen
    BUFGCTRL_X0Y16       BUFG (Prop_bufg_I_O)         0.029    -1.715 r  i_xlnx_clk_gen/inst/clkout1_buf/O
                         net (fo=20038, routed)       0.905    -0.810    i_axi_dwidth_converter_dm_slave/inst/gen_downsizer.gen_simple_downsizer.axi_downsizer_inst/USE_WRITE.write_addr_inst/cmd_queue/inst/fifo_gen_inst/inst_fifo_gen/gconvfifo.rf/grf.rf/gntv_or_sync_fifo.gl0.rd/gr1.gr1_int.rfwft/clk
    SLICE_X110Y17        FDCE                                         r  i_axi_dwidth_converter_dm_slave/inst/gen_downsizer.gen_simple_downsizer.axi_downsizer_inst/USE_WRITE.write_addr_inst/cmd_queue/inst/fifo_gen_inst/inst_fifo_gen/gconvfifo.rf/grf.rf/gntv_or_sync_fifo.gl0.rd/gr1.gr1_int.rfwft/gpregsm1.user_valid_reg/C
                         clock pessimism              0.253    -0.558    
    SLICE_X110Y17        FDCE (Remov_fdce_C_CLR)     -0.092    -0.650    i_axi_dwidth_converter_dm_slave/inst/gen_downsizer.gen_simple_downsizer.axi_downsizer_inst/USE_WRITE.write_addr_inst/cmd_queue/inst/fifo_gen_inst/inst_fifo_gen/gconvfifo.rf/grf.rf/gntv_or_sync_fifo.gl0.rd/gr1.gr1_int.rfwft/gpregsm1.user_valid_reg
  -------------------------------------------------------------------
                         required time                          0.650    
                         arrival time                          -0.126    
  -------------------------------------------------------------------
                         slack                                  0.523    

Slack (MET) :             0.526ns  (arrival time - required time)
  Source:                 i_axi_dwidth_converter_dm_slave/inst/gen_downsizer.gen_simple_downsizer.axi_downsizer_inst/USE_WRITE.write_addr_inst/cmd_queue/inst/fifo_gen_inst/inst_fifo_gen/gconvfifo.rf/grf.rf/rstblk/ngwrdrst.grst.g7serrst.gnsckt_wrst.gcc_rst.sckt_wr_rst_cc_reg[0]/C
                            (rising edge-triggered cell FDRE clocked by clk_out1_xlnx_clk_gen  {rise@0.000ns fall@10.000ns period=20.000ns})
  Destination:            i_axi_dwidth_converter_dm_slave/inst/gen_downsizer.gen_simple_downsizer.axi_downsizer_inst/USE_WRITE.write_addr_inst/cmd_queue/inst/fifo_gen_inst/inst_fifo_gen/gconvfifo.rf/grf.rf/gntv_or_sync_fifo.gl0.rd/grss.rsts/ram_empty_i_reg/PRE
                            (removal check against rising-edge clock clk_out1_xlnx_clk_gen  {rise@0.000ns fall@10.000ns period=20.000ns})
  Path Group:             **async_default**
  Path Type:              Removal (Min at Fast Process Corner)
  Requirement:            0.000ns  (clk_out1_xlnx_clk_gen rise@0.000ns - clk_out1_xlnx_clk_gen rise@0.000ns)
  Data Path Delay:        0.446ns  (logic 0.186ns (41.678%)  route 0.260ns (58.322%))
  Logic Levels:           1  (LUT3=1)
  Clock Path Skew:        0.015ns (DCD - SCD - CPR)
    Destination Clock Delay (DCD):    -0.810ns
    Source Clock Delay      (SCD):    -0.573ns
    Clock Pessimism Removal (CPR):    -0.253ns

    Location             Delay type                Incr(ns)  Path(ns)    Netlist Resource(s)
  -------------------------------------------------------------------    -------------------
                         (clock clk_out1_xlnx_clk_gen rise edge)
                                                      0.000     0.000 r  
    K17                                               0.000     0.000 r  clk_sys (IN)
                         net (fo=0)                   0.000     0.000    i_xlnx_clk_gen/inst/clk_in1
    K17                  IBUF (Prop_ibuf_I_O)         0.243     0.243 r  i_xlnx_clk_gen/inst/clkin1_ibufg/O
                         net (fo=1, routed)           0.440     0.683    i_xlnx_clk_gen/inst/clk_in1_xlnx_clk_gen
    MMCME2_ADV_X1Y2      MMCME2_ADV (Prop_mmcme2_adv_CLKIN1_CLKOUT0)
                                                     -2.613    -1.930 r  i_xlnx_clk_gen/inst/mmcm_adv_inst/CLKOUT0
                         net (fo=1, routed)           0.696    -1.233    i_xlnx_clk_gen/inst/clk_out1_xlnx_clk_gen
    BUFGCTRL_X0Y16       BUFG (Prop_bufg_I_O)         0.026    -1.207 r  i_xlnx_clk_gen/inst/clkout1_buf/O
                         net (fo=20038, routed)       0.635    -0.573    i_axi_dwidth_converter_dm_slave/inst/gen_downsizer.gen_simple_downsizer.axi_downsizer_inst/USE_WRITE.write_addr_inst/cmd_queue/inst/fifo_gen_inst/inst_fifo_gen/gconvfifo.rf/grf.rf/rstblk/clk
    SLICE_X111Y18        FDRE                                         r  i_axi_dwidth_converter_dm_slave/inst/gen_downsizer.gen_simple_downsizer.axi_downsizer_inst/USE_WRITE.write_addr_inst/cmd_queue/inst/fifo_gen_inst/inst_fifo_gen/gconvfifo.rf/grf.rf/rstblk/ngwrdrst.grst.g7serrst.gnsckt_wrst.gcc_rst.sckt_wr_rst_cc_reg[0]/C
  -------------------------------------------------------------------    -------------------
    SLICE_X111Y18        FDRE (Prop_fdre_C_Q)         0.141    -0.432 f  i_axi_dwidth_converter_dm_slave/inst/gen_downsizer.gen_simple_downsizer.axi_downsizer_inst/USE_WRITE.write_addr_inst/cmd_queue/inst/fifo_gen_inst/inst_fifo_gen/gconvfifo.rf/grf.rf/rstblk/ngwrdrst.grst.g7serrst.gnsckt_wrst.gcc_rst.sckt_wr_rst_cc_reg[0]/Q
                         net (fo=3, routed)           0.127    -0.304    i_axi_dwidth_converter_dm_slave/inst/gen_downsizer.gen_simple_downsizer.axi_downsizer_inst/USE_WRITE.write_addr_inst/cmd_queue/inst/fifo_gen_inst/inst_fifo_gen/gconvfifo.rf/grf.rf/rstblk/ngwrdrst.grst.g7serrst.gnsckt_wrst.gcc_rst.sckt_wr_rst_cc[0]
    SLICE_X111Y17        LUT3 (Prop_lut3_I1_O)        0.045    -0.259 f  i_axi_dwidth_converter_dm_slave/inst/gen_downsizer.gen_simple_downsizer.axi_downsizer_inst/USE_WRITE.write_addr_inst/cmd_queue/inst/fifo_gen_inst/inst_fifo_gen/gconvfifo.rf/grf.rf/rstblk/gpregsm1.curr_fwft_state[1]_i_2/O
                         net (fo=32, routed)          0.133    -0.126    i_axi_dwidth_converter_dm_slave/inst/gen_downsizer.gen_simple_downsizer.axi_downsizer_inst/USE_WRITE.write_addr_inst/cmd_queue/inst/fifo_gen_inst/inst_fifo_gen/gconvfifo.rf/grf.rf/gntv_or_sync_fifo.gl0.rd/grss.rsts/ram_empty_i_reg_1
    SLICE_X110Y17        FDPE                                         f  i_axi_dwidth_converter_dm_slave/inst/gen_downsizer.gen_simple_downsizer.axi_downsizer_inst/USE_WRITE.write_addr_inst/cmd_queue/inst/fifo_gen_inst/inst_fifo_gen/gconvfifo.rf/grf.rf/gntv_or_sync_fifo.gl0.rd/grss.rsts/ram_empty_i_reg/PRE
  -------------------------------------------------------------------    -------------------

                         (clock clk_out1_xlnx_clk_gen rise edge)
                                                      0.000     0.000 r  
    K17                                               0.000     0.000 r  clk_sys (IN)
                         net (fo=0)                   0.000     0.000    i_xlnx_clk_gen/inst/clk_in1
    K17                  IBUF (Prop_ibuf_I_O)         0.431     0.431 r  i_xlnx_clk_gen/inst/clkin1_ibufg/O
                         net (fo=1, routed)           0.480     0.911    i_xlnx_clk_gen/inst/clk_in1_xlnx_clk_gen
    MMCME2_ADV_X1Y2      MMCME2_ADV (Prop_mmcme2_adv_CLKIN1_CLKOUT0)
                                                     -3.407    -2.496 r  i_xlnx_clk_gen/inst/mmcm_adv_inst/CLKOUT0
                         net (fo=1, routed)           0.752    -1.744    i_xlnx_clk_gen/inst/clk_out1_xlnx_clk_gen
    BUFGCTRL_X0Y16       BUFG (Prop_bufg_I_O)         0.029    -1.715 r  i_xlnx_clk_gen/inst/clkout1_buf/O
                         net (fo=20038, routed)       0.905    -0.810    i_axi_dwidth_converter_dm_slave/inst/gen_downsizer.gen_simple_downsizer.axi_downsizer_inst/USE_WRITE.write_addr_inst/cmd_queue/inst/fifo_gen_inst/inst_fifo_gen/gconvfifo.rf/grf.rf/gntv_or_sync_fifo.gl0.rd/grss.rsts/clk
    SLICE_X110Y17        FDPE                                         r  i_axi_dwidth_converter_dm_slave/inst/gen_downsizer.gen_simple_downsizer.axi_downsizer_inst/USE_WRITE.write_addr_inst/cmd_queue/inst/fifo_gen_inst/inst_fifo_gen/gconvfifo.rf/grf.rf/gntv_or_sync_fifo.gl0.rd/grss.rsts/ram_empty_i_reg/C
                         clock pessimism              0.253    -0.558    
    SLICE_X110Y17        FDPE (Remov_fdpe_C_PRE)     -0.095    -0.653    i_axi_dwidth_converter_dm_slave/inst/gen_downsizer.gen_simple_downsizer.axi_downsizer_inst/USE_WRITE.write_addr_inst/cmd_queue/inst/fifo_gen_inst/inst_fifo_gen/gconvfifo.rf/grf.rf/gntv_or_sync_fifo.gl0.rd/grss.rsts/ram_empty_i_reg
  -------------------------------------------------------------------
                         required time                          0.653    
                         arrival time                          -0.126    
  -------------------------------------------------------------------
                         slack                                  0.526    

Slack (MET) :             0.578ns  (arrival time - required time)
  Source:                 i_axi_dwidth_converter_dm_slave/inst/gen_downsizer.gen_simple_downsizer.axi_downsizer_inst/USE_READ.read_addr_inst/cmd_queue/inst/fifo_gen_inst/inst_fifo_gen/gconvfifo.rf/grf.rf/rstblk/ngwrdrst.grst.g7serrst.gnsckt_wrst.rst_wr_reg2_inst/arststages_ff_reg[1]/C
                            (rising edge-triggered cell FDPE clocked by clk_out1_xlnx_clk_gen  {rise@0.000ns fall@10.000ns period=20.000ns})
  Destination:            i_axi_dwidth_converter_dm_slave/inst/gen_downsizer.gen_simple_downsizer.axi_downsizer_inst/USE_READ.read_addr_inst/cmd_queue/inst/fifo_gen_inst/inst_fifo_gen/gconvfifo.rf/grf.rf/gntv_or_sync_fifo.gl0.rd/gr1.gr1_int.rfwft/aempty_fwft_fb_i_reg/PRE
                            (removal check against rising-edge clock clk_out1_xlnx_clk_gen  {rise@0.000ns fall@10.000ns period=20.000ns})
  Path Group:             **async_default**
  Path Type:              Removal (Min at Fast Process Corner)
  Requirement:            0.000ns  (clk_out1_xlnx_clk_gen rise@0.000ns - clk_out1_xlnx_clk_gen rise@0.000ns)
  Data Path Delay:        0.496ns  (logic 0.227ns (45.744%)  route 0.269ns (54.256%))
  Logic Levels:           1  (LUT3=1)
  Clock Path Skew:        0.013ns (DCD - SCD - CPR)
    Destination Clock Delay (DCD):    -0.813ns
    Source Clock Delay      (SCD):    -0.574ns
    Clock Pessimism Removal (CPR):    -0.253ns

    Location             Delay type                Incr(ns)  Path(ns)    Netlist Resource(s)
  -------------------------------------------------------------------    -------------------
                         (clock clk_out1_xlnx_clk_gen rise edge)
                                                      0.000     0.000 r  
    K17                                               0.000     0.000 r  clk_sys (IN)
                         net (fo=0)                   0.000     0.000    i_xlnx_clk_gen/inst/clk_in1
    K17                  IBUF (Prop_ibuf_I_O)         0.243     0.243 r  i_xlnx_clk_gen/inst/clkin1_ibufg/O
                         net (fo=1, routed)           0.440     0.683    i_xlnx_clk_gen/inst/clk_in1_xlnx_clk_gen
    MMCME2_ADV_X1Y2      MMCME2_ADV (Prop_mmcme2_adv_CLKIN1_CLKOUT0)
                                                     -2.613    -1.930 r  i_xlnx_clk_gen/inst/mmcm_adv_inst/CLKOUT0
                         net (fo=1, routed)           0.696    -1.233    i_xlnx_clk_gen/inst/clk_out1_xlnx_clk_gen
    BUFGCTRL_X0Y16       BUFG (Prop_bufg_I_O)         0.026    -1.207 r  i_xlnx_clk_gen/inst/clkout1_buf/O
                         net (fo=20038, routed)       0.634    -0.574    i_axi_dwidth_converter_dm_slave/inst/gen_downsizer.gen_simple_downsizer.axi_downsizer_inst/USE_READ.read_addr_inst/cmd_queue/inst/fifo_gen_inst/inst_fifo_gen/gconvfifo.rf/grf.rf/rstblk/ngwrdrst.grst.g7serrst.gnsckt_wrst.rst_wr_reg2_inst/dest_clk
    SLICE_X107Y18        FDPE                                         r  i_axi_dwidth_converter_dm_slave/inst/gen_downsizer.gen_simple_downsizer.axi_downsizer_inst/USE_READ.read_addr_inst/cmd_queue/inst/fifo_gen_inst/inst_fifo_gen/gconvfifo.rf/grf.rf/rstblk/ngwrdrst.grst.g7serrst.gnsckt_wrst.rst_wr_reg2_inst/arststages_ff_reg[1]/C
  -------------------------------------------------------------------    -------------------
    SLICE_X107Y18        FDPE (Prop_fdpe_C_Q)         0.128    -0.446 f  i_axi_dwidth_converter_dm_slave/inst/gen_downsizer.gen_simple_downsizer.axi_downsizer_inst/USE_READ.read_addr_inst/cmd_queue/inst/fifo_gen_inst/inst_fifo_gen/gconvfifo.rf/grf.rf/rstblk/ngwrdrst.grst.g7serrst.gnsckt_wrst.rst_wr_reg2_inst/arststages_ff_reg[1]/Q
                         net (fo=3, routed)           0.129    -0.317    i_axi_dwidth_converter_dm_slave/inst/gen_downsizer.gen_simple_downsizer.axi_downsizer_inst/USE_READ.read_addr_inst/cmd_queue/inst/fifo_gen_inst/inst_fifo_gen/gconvfifo.rf/grf.rf/rstblk/ngwrdrst.rst_wr_reg2
    SLICE_X107Y19        LUT3 (Prop_lut3_I2_O)        0.099    -0.218 f  i_axi_dwidth_converter_dm_slave/inst/gen_downsizer.gen_simple_downsizer.axi_downsizer_inst/USE_READ.read_addr_inst/cmd_queue/inst/fifo_gen_inst/inst_fifo_gen/gconvfifo.rf/grf.rf/rstblk/gpregsm1.curr_fwft_state[1]_i_2/O
                         net (fo=32, routed)          0.141    -0.077    i_axi_dwidth_converter_dm_slave/inst/gen_downsizer.gen_simple_downsizer.axi_downsizer_inst/USE_READ.read_addr_inst/cmd_queue/inst/fifo_gen_inst/inst_fifo_gen/gconvfifo.rf/grf.rf/gntv_or_sync_fifo.gl0.rd/gr1.gr1_int.rfwft/gpregsm1.user_valid_reg_0
    SLICE_X107Y19        FDPE                                         f  i_axi_dwidth_converter_dm_slave/inst/gen_downsizer.gen_simple_downsizer.axi_downsizer_inst/USE_READ.read_addr_inst/cmd_queue/inst/fifo_gen_inst/inst_fifo_gen/gconvfifo.rf/grf.rf/gntv_or_sync_fifo.gl0.rd/gr1.gr1_int.rfwft/aempty_fwft_fb_i_reg/PRE
  -------------------------------------------------------------------    -------------------

                         (clock clk_out1_xlnx_clk_gen rise edge)
                                                      0.000     0.000 r  
    K17                                               0.000     0.000 r  clk_sys (IN)
                         net (fo=0)                   0.000     0.000    i_xlnx_clk_gen/inst/clk_in1
    K17                  IBUF (Prop_ibuf_I_O)         0.431     0.431 r  i_xlnx_clk_gen/inst/clkin1_ibufg/O
                         net (fo=1, routed)           0.480     0.911    i_xlnx_clk_gen/inst/clk_in1_xlnx_clk_gen
    MMCME2_ADV_X1Y2      MMCME2_ADV (Prop_mmcme2_adv_CLKIN1_CLKOUT0)
                                                     -3.407    -2.496 r  i_xlnx_clk_gen/inst/mmcm_adv_inst/CLKOUT0
                         net (fo=1, routed)           0.752    -1.744    i_xlnx_clk_gen/inst/clk_out1_xlnx_clk_gen
    BUFGCTRL_X0Y16       BUFG (Prop_bufg_I_O)         0.029    -1.715 r  i_xlnx_clk_gen/inst/clkout1_buf/O
                         net (fo=20038, routed)       0.902    -0.813    i_axi_dwidth_converter_dm_slave/inst/gen_downsizer.gen_simple_downsizer.axi_downsizer_inst/USE_READ.read_addr_inst/cmd_queue/inst/fifo_gen_inst/inst_fifo_gen/gconvfifo.rf/grf.rf/gntv_or_sync_fifo.gl0.rd/gr1.gr1_int.rfwft/clk
    SLICE_X107Y19        FDPE                                         r  i_axi_dwidth_converter_dm_slave/inst/gen_downsizer.gen_simple_downsizer.axi_downsizer_inst/USE_READ.read_addr_inst/cmd_queue/inst/fifo_gen_inst/inst_fifo_gen/gconvfifo.rf/grf.rf/gntv_or_sync_fifo.gl0.rd/gr1.gr1_int.rfwft/aempty_fwft_fb_i_reg/C
                         clock pessimism              0.253    -0.561    
    SLICE_X107Y19        FDPE (Remov_fdpe_C_PRE)     -0.095    -0.656    i_axi_dwidth_converter_dm_slave/inst/gen_downsizer.gen_simple_downsizer.axi_downsizer_inst/USE_READ.read_addr_inst/cmd_queue/inst/fifo_gen_inst/inst_fifo_gen/gconvfifo.rf/grf.rf/gntv_or_sync_fifo.gl0.rd/gr1.gr1_int.rfwft/aempty_fwft_fb_i_reg
  -------------------------------------------------------------------
                         required time                          0.656    
                         arrival time                          -0.077    
  -------------------------------------------------------------------
                         slack                                  0.578    

Slack (MET) :             0.578ns  (arrival time - required time)
  Source:                 i_axi_dwidth_converter_dm_slave/inst/gen_downsizer.gen_simple_downsizer.axi_downsizer_inst/USE_READ.read_addr_inst/cmd_queue/inst/fifo_gen_inst/inst_fifo_gen/gconvfifo.rf/grf.rf/rstblk/ngwrdrst.grst.g7serrst.gnsckt_wrst.rst_wr_reg2_inst/arststages_ff_reg[1]/C
                            (rising edge-triggered cell FDPE clocked by clk_out1_xlnx_clk_gen  {rise@0.000ns fall@10.000ns period=20.000ns})
  Destination:            i_axi_dwidth_converter_dm_slave/inst/gen_downsizer.gen_simple_downsizer.axi_downsizer_inst/USE_READ.read_addr_inst/cmd_queue/inst/fifo_gen_inst/inst_fifo_gen/gconvfifo.rf/grf.rf/gntv_or_sync_fifo.gl0.rd/gr1.gr1_int.rfwft/empty_fwft_fb_i_reg/PRE
                            (removal check against rising-edge clock clk_out1_xlnx_clk_gen  {rise@0.000ns fall@10.000ns period=20.000ns})
  Path Group:             **async_default**
  Path Type:              Removal (Min at Fast Process Corner)
  Requirement:            0.000ns  (clk_out1_xlnx_clk_gen rise@0.000ns - clk_out1_xlnx_clk_gen rise@0.000ns)
  Data Path Delay:        0.496ns  (logic 0.227ns (45.744%)  route 0.269ns (54.256%))
  Logic Levels:           1  (LUT3=1)
  Clock Path Skew:        0.013ns (DCD - SCD - CPR)
    Destination Clock Delay (DCD):    -0.813ns
    Source Clock Delay      (SCD):    -0.574ns
    Clock Pessimism Removal (CPR):    -0.253ns

    Location             Delay type                Incr(ns)  Path(ns)    Netlist Resource(s)
  -------------------------------------------------------------------    -------------------
                         (clock clk_out1_xlnx_clk_gen rise edge)
                                                      0.000     0.000 r  
    K17                                               0.000     0.000 r  clk_sys (IN)
                         net (fo=0)                   0.000     0.000    i_xlnx_clk_gen/inst/clk_in1
    K17                  IBUF (Prop_ibuf_I_O)         0.243     0.243 r  i_xlnx_clk_gen/inst/clkin1_ibufg/O
                         net (fo=1, routed)           0.440     0.683    i_xlnx_clk_gen/inst/clk_in1_xlnx_clk_gen
    MMCME2_ADV_X1Y2      MMCME2_ADV (Prop_mmcme2_adv_CLKIN1_CLKOUT0)
                                                     -2.613    -1.930 r  i_xlnx_clk_gen/inst/mmcm_adv_inst/CLKOUT0
                         net (fo=1, routed)           0.696    -1.233    i_xlnx_clk_gen/inst/clk_out1_xlnx_clk_gen
    BUFGCTRL_X0Y16       BUFG (Prop_bufg_I_O)         0.026    -1.207 r  i_xlnx_clk_gen/inst/clkout1_buf/O
                         net (fo=20038, routed)       0.634    -0.574    i_axi_dwidth_converter_dm_slave/inst/gen_downsizer.gen_simple_downsizer.axi_downsizer_inst/USE_READ.read_addr_inst/cmd_queue/inst/fifo_gen_inst/inst_fifo_gen/gconvfifo.rf/grf.rf/rstblk/ngwrdrst.grst.g7serrst.gnsckt_wrst.rst_wr_reg2_inst/dest_clk
    SLICE_X107Y18        FDPE                                         r  i_axi_dwidth_converter_dm_slave/inst/gen_downsizer.gen_simple_downsizer.axi_downsizer_inst/USE_READ.read_addr_inst/cmd_queue/inst/fifo_gen_inst/inst_fifo_gen/gconvfifo.rf/grf.rf/rstblk/ngwrdrst.grst.g7serrst.gnsckt_wrst.rst_wr_reg2_inst/arststages_ff_reg[1]/C
  -------------------------------------------------------------------    -------------------
    SLICE_X107Y18        FDPE (Prop_fdpe_C_Q)         0.128    -0.446 f  i_axi_dwidth_converter_dm_slave/inst/gen_downsizer.gen_simple_downsizer.axi_downsizer_inst/USE_READ.read_addr_inst/cmd_queue/inst/fifo_gen_inst/inst_fifo_gen/gconvfifo.rf/grf.rf/rstblk/ngwrdrst.grst.g7serrst.gnsckt_wrst.rst_wr_reg2_inst/arststages_ff_reg[1]/Q
                         net (fo=3, routed)           0.129    -0.317    i_axi_dwidth_converter_dm_slave/inst/gen_downsizer.gen_simple_downsizer.axi_downsizer_inst/USE_READ.read_addr_inst/cmd_queue/inst/fifo_gen_inst/inst_fifo_gen/gconvfifo.rf/grf.rf/rstblk/ngwrdrst.rst_wr_reg2
    SLICE_X107Y19        LUT3 (Prop_lut3_I2_O)        0.099    -0.218 f  i_axi_dwidth_converter_dm_slave/inst/gen_downsizer.gen_simple_downsizer.axi_downsizer_inst/USE_READ.read_addr_inst/cmd_queue/inst/fifo_gen_inst/inst_fifo_gen/gconvfifo.rf/grf.rf/rstblk/gpregsm1.curr_fwft_state[1]_i_2/O
                         net (fo=32, routed)          0.141    -0.077    i_axi_dwidth_converter_dm_slave/inst/gen_downsizer.gen_simple_downsizer.axi_downsizer_inst/USE_READ.read_addr_inst/cmd_queue/inst/fifo_gen_inst/inst_fifo_gen/gconvfifo.rf/grf.rf/gntv_or_sync_fifo.gl0.rd/gr1.gr1_int.rfwft/gpregsm1.user_valid_reg_0
    SLICE_X107Y19        FDPE                                         f  i_axi_dwidth_converter_dm_slave/inst/gen_downsizer.gen_simple_downsizer.axi_downsizer_inst/USE_READ.read_addr_inst/cmd_queue/inst/fifo_gen_inst/inst_fifo_gen/gconvfifo.rf/grf.rf/gntv_or_sync_fifo.gl0.rd/gr1.gr1_int.rfwft/empty_fwft_fb_i_reg/PRE
  -------------------------------------------------------------------    -------------------

                         (clock clk_out1_xlnx_clk_gen rise edge)
                                                      0.000     0.000 r  
    K17                                               0.000     0.000 r  clk_sys (IN)
                         net (fo=0)                   0.000     0.000    i_xlnx_clk_gen/inst/clk_in1
    K17                  IBUF (Prop_ibuf_I_O)         0.431     0.431 r  i_xlnx_clk_gen/inst/clkin1_ibufg/O
                         net (fo=1, routed)           0.480     0.911    i_xlnx_clk_gen/inst/clk_in1_xlnx_clk_gen
    MMCME2_ADV_X1Y2      MMCME2_ADV (Prop_mmcme2_adv_CLKIN1_CLKOUT0)
                                                     -3.407    -2.496 r  i_xlnx_clk_gen/inst/mmcm_adv_inst/CLKOUT0
                         net (fo=1, routed)           0.752    -1.744    i_xlnx_clk_gen/inst/clk_out1_xlnx_clk_gen
    BUFGCTRL_X0Y16       BUFG (Prop_bufg_I_O)         0.029    -1.715 r  i_xlnx_clk_gen/inst/clkout1_buf/O
                         net (fo=20038, routed)       0.902    -0.813    i_axi_dwidth_converter_dm_slave/inst/gen_downsizer.gen_simple_downsizer.axi_downsizer_inst/USE_READ.read_addr_inst/cmd_queue/inst/fifo_gen_inst/inst_fifo_gen/gconvfifo.rf/grf.rf/gntv_or_sync_fifo.gl0.rd/gr1.gr1_int.rfwft/clk
    SLICE_X107Y19        FDPE                                         r  i_axi_dwidth_converter_dm_slave/inst/gen_downsizer.gen_simple_downsizer.axi_downsizer_inst/USE_READ.read_addr_inst/cmd_queue/inst/fifo_gen_inst/inst_fifo_gen/gconvfifo.rf/grf.rf/gntv_or_sync_fifo.gl0.rd/gr1.gr1_int.rfwft/empty_fwft_fb_i_reg/C
                         clock pessimism              0.253    -0.561    
    SLICE_X107Y19        FDPE (Remov_fdpe_C_PRE)     -0.095    -0.656    i_axi_dwidth_converter_dm_slave/inst/gen_downsizer.gen_simple_downsizer.axi_downsizer_inst/USE_READ.read_addr_inst/cmd_queue/inst/fifo_gen_inst/inst_fifo_gen/gconvfifo.rf/grf.rf/gntv_or_sync_fifo.gl0.rd/gr1.gr1_int.rfwft/empty_fwft_fb_i_reg
  -------------------------------------------------------------------
                         required time                          0.656    
                         arrival time                          -0.077    
  -------------------------------------------------------------------
                         slack                                  0.578    





--------------------------------------------------------------------------------------
Path Group:  (none)
From Clock:  clk_out1_xlnx_clk_gen
  To Clock:  clk_out1_xlnx_clk_gen

Max Delay             6 Endpoints
Min Delay             6 Endpoints
--------------------------------------------------------------------------------------


Max Delay Paths
--------------------------------------------------------------------------------------
Slack:                    inf
  Source:                 i_rstgen_main/i_rstgen_bypass/synch_regs_q_reg[3]/C
                            (rising edge-triggered cell FDCE clocked by clk_out1_xlnx_clk_gen  {rise@0.000ns fall@10.000ns period=20.000ns})
  Destination:            i_axi_dwidth_converter_dm_slave/inst/gen_downsizer.gen_simple_downsizer.axi_downsizer_inst/USE_READ.read_addr_inst/cmd_queue/inst/fifo_gen_inst/inst_fifo_gen/gconvfifo.rf/grf.rf/rstblk/ngwrdrst.grst.g7serrst.gnsckt_wrst.rst_wr_reg2_inst/arststages_ff_reg[0]/PRE
                            (recovery check against rising-edge clock clk_out1_xlnx_clk_gen  {rise@0.000ns fall@10.000ns period=20.000ns})
  Path Group:             (none)
  Path Type:              Recovery (Max at Slow Process Corner)
  Data Path Delay:        4.200ns  (logic 0.580ns (13.811%)  route 3.620ns (86.189%))
  Logic Levels:           1  (LUT1=1)
  Clock Path Skew:        -0.490ns (DCD - SCD + CPR)
    Destination Clock Delay (DCD):    -1.455ns
    Source Clock Delay      (SCD):    -0.964ns
    Clock Pessimism Removal (CPR):    0.000ns
  Clock Uncertainty:      0.079ns  ((TSJ^2 + DJ^2)^1/2) / 2 + PE
    Total System Jitter     (TSJ):    0.071ns
    Discrete Jitter          (DJ):    0.142ns
    Phase Error              (PE):    0.000ns
  Timing Exception:       False Path

    Location             Delay type                Incr(ns)  Path(ns)    Netlist Resource(s)
  -------------------------------------------------------------------    -------------------
                         (clock clk_out1_xlnx_clk_gen rise edge)
                                                      0.000     0.000 r  
    K17                                               0.000     0.000 r  clk_sys (IN)
                         net (fo=0)                   0.000     0.000    i_xlnx_clk_gen/inst/clk_in1
    K17                  IBUF (Prop_ibuf_I_O)         1.475     1.475 r  i_xlnx_clk_gen/inst/clkin1_ibufg/O
                         net (fo=1, routed)           1.285     2.760    i_xlnx_clk_gen/inst/clk_in1_xlnx_clk_gen
    MMCME2_ADV_X1Y2      MMCME2_ADV (Prop_mmcme2_adv_CLKIN1_CLKOUT0)
                                                     -7.759    -4.999 r  i_xlnx_clk_gen/inst/mmcm_adv_inst/CLKOUT0
                         net (fo=1, routed)           2.206    -2.793    i_xlnx_clk_gen/inst/clk_out1_xlnx_clk_gen
    BUFGCTRL_X0Y16       BUFG (Prop_bufg_I_O)         0.101    -2.692 r  i_xlnx_clk_gen/inst/clkout1_buf/O
                         net (fo=20038, routed)       1.728    -0.964    i_rstgen_main/i_rstgen_bypass/clk_out1
    SLICE_X88Y18         FDCE                                         r  i_rstgen_main/i_rstgen_bypass/synch_regs_q_reg[3]/C
  -------------------------------------------------------------------    -------------------
    SLICE_X88Y18         FDCE (Prop_fdce_C_Q)         0.456    -0.508 r  i_rstgen_main/i_rstgen_bypass/synch_regs_q_reg[3]/Q
                         net (fo=19, routed)          2.601     2.093    i_axi_dwidth_converter_dm_slave/inst/gen_downsizer.gen_simple_downsizer.axi_downsizer_inst/USE_WRITE.write_addr_inst/USE_B_CHANNEL.cmd_b_queue/inst/out
    SLICE_X111Y13        LUT1 (Prop_lut1_I0_O)        0.124     2.217 f  i_axi_dwidth_converter_dm_slave/inst/gen_downsizer.gen_simple_downsizer.axi_downsizer_inst/USE_WRITE.write_addr_inst/USE_B_CHANNEL.cmd_b_queue/inst/S_AXI_AREADY_I_i_1/O
                         net (fo=165, routed)         1.019     3.235    i_axi_dwidth_converter_dm_slave/inst/gen_downsizer.gen_simple_downsizer.axi_downsizer_inst/USE_READ.read_addr_inst/cmd_queue/inst/fifo_gen_inst/inst_fifo_gen/gconvfifo.rf/grf.rf/rstblk/ngwrdrst.grst.g7serrst.gnsckt_wrst.rst_wr_reg2_inst/src_arst
    SLICE_X107Y18        FDPE                                         f  i_axi_dwidth_converter_dm_slave/inst/gen_downsizer.gen_simple_downsizer.axi_downsizer_inst/USE_READ.read_addr_inst/cmd_queue/inst/fifo_gen_inst/inst_fifo_gen/gconvfifo.rf/grf.rf/rstblk/ngwrdrst.grst.g7serrst.gnsckt_wrst.rst_wr_reg2_inst/arststages_ff_reg[0]/PRE
  -------------------------------------------------------------------    -------------------

                         (clock clk_out1_xlnx_clk_gen rise edge)
                                                      0.000     0.000 r  
    K17                                               0.000     0.000 r  clk_sys (IN)
                         net (fo=0)                   0.000     0.000    i_xlnx_clk_gen/inst/clk_in1
    K17                  IBUF (Prop_ibuf_I_O)         1.404     1.404 r  i_xlnx_clk_gen/inst/clkin1_ibufg/O
                         net (fo=1, routed)           1.162     2.566    i_xlnx_clk_gen/inst/clk_in1_xlnx_clk_gen
    MMCME2_ADV_X1Y2      MMCME2_ADV (Prop_mmcme2_adv_CLKIN1_CLKOUT0)
                                                     -7.814    -5.248 r  i_xlnx_clk_gen/inst/mmcm_adv_inst/CLKOUT0
                         net (fo=1, routed)           2.012    -3.236    i_xlnx_clk_gen/inst/clk_out1_xlnx_clk_gen
    BUFGCTRL_X0Y16       BUFG (Prop_bufg_I_O)         0.091    -3.145 r  i_xlnx_clk_gen/inst/clkout1_buf/O
                         net (fo=20038, routed)       1.690    -1.455    i_axi_dwidth_converter_dm_slave/inst/gen_downsizer.gen_simple_downsizer.axi_downsizer_inst/USE_READ.read_addr_inst/cmd_queue/inst/fifo_gen_inst/inst_fifo_gen/gconvfifo.rf/grf.rf/rstblk/ngwrdrst.grst.g7serrst.gnsckt_wrst.rst_wr_reg2_inst/dest_clk
    SLICE_X107Y18        FDPE                                         r  i_axi_dwidth_converter_dm_slave/inst/gen_downsizer.gen_simple_downsizer.axi_downsizer_inst/USE_READ.read_addr_inst/cmd_queue/inst/fifo_gen_inst/inst_fifo_gen/gconvfifo.rf/grf.rf/rstblk/ngwrdrst.grst.g7serrst.gnsckt_wrst.rst_wr_reg2_inst/arststages_ff_reg[0]/C

Slack:                    inf
  Source:                 i_rstgen_main/i_rstgen_bypass/synch_regs_q_reg[3]/C
                            (rising edge-triggered cell FDCE clocked by clk_out1_xlnx_clk_gen  {rise@0.000ns fall@10.000ns period=20.000ns})
  Destination:            i_axi_dwidth_converter_dm_slave/inst/gen_downsizer.gen_simple_downsizer.axi_downsizer_inst/USE_READ.read_addr_inst/cmd_queue/inst/fifo_gen_inst/inst_fifo_gen/gconvfifo.rf/grf.rf/rstblk/ngwrdrst.grst.g7serrst.gnsckt_wrst.rst_wr_reg2_inst/arststages_ff_reg[1]/PRE
                            (recovery check against rising-edge clock clk_out1_xlnx_clk_gen  {rise@0.000ns fall@10.000ns period=20.000ns})
  Path Group:             (none)
  Path Type:              Recovery (Max at Slow Process Corner)
  Data Path Delay:        4.200ns  (logic 0.580ns (13.811%)  route 3.620ns (86.189%))
  Logic Levels:           1  (LUT1=1)
  Clock Path Skew:        -0.490ns (DCD - SCD + CPR)
    Destination Clock Delay (DCD):    -1.455ns
    Source Clock Delay      (SCD):    -0.964ns
    Clock Pessimism Removal (CPR):    0.000ns
  Clock Uncertainty:      0.079ns  ((TSJ^2 + DJ^2)^1/2) / 2 + PE
    Total System Jitter     (TSJ):    0.071ns
    Discrete Jitter          (DJ):    0.142ns
    Phase Error              (PE):    0.000ns
  Timing Exception:       False Path

    Location             Delay type                Incr(ns)  Path(ns)    Netlist Resource(s)
  -------------------------------------------------------------------    -------------------
                         (clock clk_out1_xlnx_clk_gen rise edge)
                                                      0.000     0.000 r  
    K17                                               0.000     0.000 r  clk_sys (IN)
                         net (fo=0)                   0.000     0.000    i_xlnx_clk_gen/inst/clk_in1
    K17                  IBUF (Prop_ibuf_I_O)         1.475     1.475 r  i_xlnx_clk_gen/inst/clkin1_ibufg/O
                         net (fo=1, routed)           1.285     2.760    i_xlnx_clk_gen/inst/clk_in1_xlnx_clk_gen
    MMCME2_ADV_X1Y2      MMCME2_ADV (Prop_mmcme2_adv_CLKIN1_CLKOUT0)
                                                     -7.759    -4.999 r  i_xlnx_clk_gen/inst/mmcm_adv_inst/CLKOUT0
                         net (fo=1, routed)           2.206    -2.793    i_xlnx_clk_gen/inst/clk_out1_xlnx_clk_gen
    BUFGCTRL_X0Y16       BUFG (Prop_bufg_I_O)         0.101    -2.692 r  i_xlnx_clk_gen/inst/clkout1_buf/O
                         net (fo=20038, routed)       1.728    -0.964    i_rstgen_main/i_rstgen_bypass/clk_out1
    SLICE_X88Y18         FDCE                                         r  i_rstgen_main/i_rstgen_bypass/synch_regs_q_reg[3]/C
  -------------------------------------------------------------------    -------------------
    SLICE_X88Y18         FDCE (Prop_fdce_C_Q)         0.456    -0.508 r  i_rstgen_main/i_rstgen_bypass/synch_regs_q_reg[3]/Q
                         net (fo=19, routed)          2.601     2.093    i_axi_dwidth_converter_dm_slave/inst/gen_downsizer.gen_simple_downsizer.axi_downsizer_inst/USE_WRITE.write_addr_inst/USE_B_CHANNEL.cmd_b_queue/inst/out
    SLICE_X111Y13        LUT1 (Prop_lut1_I0_O)        0.124     2.217 f  i_axi_dwidth_converter_dm_slave/inst/gen_downsizer.gen_simple_downsizer.axi_downsizer_inst/USE_WRITE.write_addr_inst/USE_B_CHANNEL.cmd_b_queue/inst/S_AXI_AREADY_I_i_1/O
                         net (fo=165, routed)         1.019     3.235    i_axi_dwidth_converter_dm_slave/inst/gen_downsizer.gen_simple_downsizer.axi_downsizer_inst/USE_READ.read_addr_inst/cmd_queue/inst/fifo_gen_inst/inst_fifo_gen/gconvfifo.rf/grf.rf/rstblk/ngwrdrst.grst.g7serrst.gnsckt_wrst.rst_wr_reg2_inst/src_arst
    SLICE_X107Y18        FDPE                                         f  i_axi_dwidth_converter_dm_slave/inst/gen_downsizer.gen_simple_downsizer.axi_downsizer_inst/USE_READ.read_addr_inst/cmd_queue/inst/fifo_gen_inst/inst_fifo_gen/gconvfifo.rf/grf.rf/rstblk/ngwrdrst.grst.g7serrst.gnsckt_wrst.rst_wr_reg2_inst/arststages_ff_reg[1]/PRE
  -------------------------------------------------------------------    -------------------

                         (clock clk_out1_xlnx_clk_gen rise edge)
                                                      0.000     0.000 r  
    K17                                               0.000     0.000 r  clk_sys (IN)
                         net (fo=0)                   0.000     0.000    i_xlnx_clk_gen/inst/clk_in1
    K17                  IBUF (Prop_ibuf_I_O)         1.404     1.404 r  i_xlnx_clk_gen/inst/clkin1_ibufg/O
                         net (fo=1, routed)           1.162     2.566    i_xlnx_clk_gen/inst/clk_in1_xlnx_clk_gen
    MMCME2_ADV_X1Y2      MMCME2_ADV (Prop_mmcme2_adv_CLKIN1_CLKOUT0)
                                                     -7.814    -5.248 r  i_xlnx_clk_gen/inst/mmcm_adv_inst/CLKOUT0
                         net (fo=1, routed)           2.012    -3.236    i_xlnx_clk_gen/inst/clk_out1_xlnx_clk_gen
    BUFGCTRL_X0Y16       BUFG (Prop_bufg_I_O)         0.091    -3.145 r  i_xlnx_clk_gen/inst/clkout1_buf/O
                         net (fo=20038, routed)       1.690    -1.455    i_axi_dwidth_converter_dm_slave/inst/gen_downsizer.gen_simple_downsizer.axi_downsizer_inst/USE_READ.read_addr_inst/cmd_queue/inst/fifo_gen_inst/inst_fifo_gen/gconvfifo.rf/grf.rf/rstblk/ngwrdrst.grst.g7serrst.gnsckt_wrst.rst_wr_reg2_inst/dest_clk
    SLICE_X107Y18        FDPE                                         r  i_axi_dwidth_converter_dm_slave/inst/gen_downsizer.gen_simple_downsizer.axi_downsizer_inst/USE_READ.read_addr_inst/cmd_queue/inst/fifo_gen_inst/inst_fifo_gen/gconvfifo.rf/grf.rf/rstblk/ngwrdrst.grst.g7serrst.gnsckt_wrst.rst_wr_reg2_inst/arststages_ff_reg[1]/C

Slack:                    inf
  Source:                 i_rstgen_main/i_rstgen_bypass/synch_regs_q_reg[3]/C
                            (rising edge-triggered cell FDCE clocked by clk_out1_xlnx_clk_gen  {rise@0.000ns fall@10.000ns period=20.000ns})
  Destination:            i_axi_dwidth_converter_dm_slave/inst/gen_downsizer.gen_simple_downsizer.axi_downsizer_inst/USE_WRITE.write_addr_inst/cmd_queue/inst/fifo_gen_inst/inst_fifo_gen/gconvfifo.rf/grf.rf/rstblk/ngwrdrst.grst.g7serrst.gnsckt_wrst.rst_wr_reg2_inst/arststages_ff_reg[0]/PRE
                            (recovery check against rising-edge clock clk_out1_xlnx_clk_gen  {rise@0.000ns fall@10.000ns period=20.000ns})
  Path Group:             (none)
  Path Type:              Recovery (Max at Slow Process Corner)
  Data Path Delay:        3.891ns  (logic 0.580ns (14.905%)  route 3.311ns (85.095%))
  Logic Levels:           1  (LUT1=1)
  Clock Path Skew:        -0.488ns (DCD - SCD + CPR)
    Destination Clock Delay (DCD):    -1.453ns
    Source Clock Delay      (SCD):    -0.964ns
    Clock Pessimism Removal (CPR):    0.000ns
  Clock Uncertainty:      0.079ns  ((TSJ^2 + DJ^2)^1/2) / 2 + PE
    Total System Jitter     (TSJ):    0.071ns
    Discrete Jitter          (DJ):    0.142ns
    Phase Error              (PE):    0.000ns
  Timing Exception:       False Path

    Location             Delay type                Incr(ns)  Path(ns)    Netlist Resource(s)
  -------------------------------------------------------------------    -------------------
                         (clock clk_out1_xlnx_clk_gen rise edge)
                                                      0.000     0.000 r  
    K17                                               0.000     0.000 r  clk_sys (IN)
                         net (fo=0)                   0.000     0.000    i_xlnx_clk_gen/inst/clk_in1
    K17                  IBUF (Prop_ibuf_I_O)         1.475     1.475 r  i_xlnx_clk_gen/inst/clkin1_ibufg/O
                         net (fo=1, routed)           1.285     2.760    i_xlnx_clk_gen/inst/clk_in1_xlnx_clk_gen
    MMCME2_ADV_X1Y2      MMCME2_ADV (Prop_mmcme2_adv_CLKIN1_CLKOUT0)
                                                     -7.759    -4.999 r  i_xlnx_clk_gen/inst/mmcm_adv_inst/CLKOUT0
                         net (fo=1, routed)           2.206    -2.793    i_xlnx_clk_gen/inst/clk_out1_xlnx_clk_gen
    BUFGCTRL_X0Y16       BUFG (Prop_bufg_I_O)         0.101    -2.692 r  i_xlnx_clk_gen/inst/clkout1_buf/O
                         net (fo=20038, routed)       1.728    -0.964    i_rstgen_main/i_rstgen_bypass/clk_out1
    SLICE_X88Y18         FDCE                                         r  i_rstgen_main/i_rstgen_bypass/synch_regs_q_reg[3]/C
  -------------------------------------------------------------------    -------------------
    SLICE_X88Y18         FDCE (Prop_fdce_C_Q)         0.456    -0.508 r  i_rstgen_main/i_rstgen_bypass/synch_regs_q_reg[3]/Q
                         net (fo=19, routed)          2.601     2.093    i_axi_dwidth_converter_dm_slave/inst/gen_downsizer.gen_simple_downsizer.axi_downsizer_inst/USE_WRITE.write_addr_inst/USE_B_CHANNEL.cmd_b_queue/inst/out
    SLICE_X111Y13        LUT1 (Prop_lut1_I0_O)        0.124     2.217 f  i_axi_dwidth_converter_dm_slave/inst/gen_downsizer.gen_simple_downsizer.axi_downsizer_inst/USE_WRITE.write_addr_inst/USE_B_CHANNEL.cmd_b_queue/inst/S_AXI_AREADY_I_i_1/O
                         net (fo=165, routed)         0.710     2.927    i_axi_dwidth_converter_dm_slave/inst/gen_downsizer.gen_simple_downsizer.axi_downsizer_inst/USE_WRITE.write_addr_inst/cmd_queue/inst/fifo_gen_inst/inst_fifo_gen/gconvfifo.rf/grf.rf/rstblk/ngwrdrst.grst.g7serrst.gnsckt_wrst.rst_wr_reg2_inst/src_arst
    SLICE_X110Y18        FDPE                                         f  i_axi_dwidth_converter_dm_slave/inst/gen_downsizer.gen_simple_downsizer.axi_downsizer_inst/USE_WRITE.write_addr_inst/cmd_queue/inst/fifo_gen_inst/inst_fifo_gen/gconvfifo.rf/grf.rf/rstblk/ngwrdrst.grst.g7serrst.gnsckt_wrst.rst_wr_reg2_inst/arststages_ff_reg[0]/PRE
  -------------------------------------------------------------------    -------------------

                         (clock clk_out1_xlnx_clk_gen rise edge)
                                                      0.000     0.000 r  
    K17                                               0.000     0.000 r  clk_sys (IN)
                         net (fo=0)                   0.000     0.000    i_xlnx_clk_gen/inst/clk_in1
    K17                  IBUF (Prop_ibuf_I_O)         1.404     1.404 r  i_xlnx_clk_gen/inst/clkin1_ibufg/O
                         net (fo=1, routed)           1.162     2.566    i_xlnx_clk_gen/inst/clk_in1_xlnx_clk_gen
    MMCME2_ADV_X1Y2      MMCME2_ADV (Prop_mmcme2_adv_CLKIN1_CLKOUT0)
                                                     -7.814    -5.248 r  i_xlnx_clk_gen/inst/mmcm_adv_inst/CLKOUT0
                         net (fo=1, routed)           2.012    -3.236    i_xlnx_clk_gen/inst/clk_out1_xlnx_clk_gen
    BUFGCTRL_X0Y16       BUFG (Prop_bufg_I_O)         0.091    -3.145 r  i_xlnx_clk_gen/inst/clkout1_buf/O
                         net (fo=20038, routed)       1.692    -1.453    i_axi_dwidth_converter_dm_slave/inst/gen_downsizer.gen_simple_downsizer.axi_downsizer_inst/USE_WRITE.write_addr_inst/cmd_queue/inst/fifo_gen_inst/inst_fifo_gen/gconvfifo.rf/grf.rf/rstblk/ngwrdrst.grst.g7serrst.gnsckt_wrst.rst_wr_reg2_inst/dest_clk
    SLICE_X110Y18        FDPE                                         r  i_axi_dwidth_converter_dm_slave/inst/gen_downsizer.gen_simple_downsizer.axi_downsizer_inst/USE_WRITE.write_addr_inst/cmd_queue/inst/fifo_gen_inst/inst_fifo_gen/gconvfifo.rf/grf.rf/rstblk/ngwrdrst.grst.g7serrst.gnsckt_wrst.rst_wr_reg2_inst/arststages_ff_reg[0]/C

Slack:                    inf
  Source:                 i_rstgen_main/i_rstgen_bypass/synch_regs_q_reg[3]/C
                            (rising edge-triggered cell FDCE clocked by clk_out1_xlnx_clk_gen  {rise@0.000ns fall@10.000ns period=20.000ns})
  Destination:            i_axi_dwidth_converter_dm_slave/inst/gen_downsizer.gen_simple_downsizer.axi_downsizer_inst/USE_WRITE.write_addr_inst/cmd_queue/inst/fifo_gen_inst/inst_fifo_gen/gconvfifo.rf/grf.rf/rstblk/ngwrdrst.grst.g7serrst.gnsckt_wrst.rst_wr_reg2_inst/arststages_ff_reg[1]/PRE
                            (recovery check against rising-edge clock clk_out1_xlnx_clk_gen  {rise@0.000ns fall@10.000ns period=20.000ns})
  Path Group:             (none)
  Path Type:              Recovery (Max at Slow Process Corner)
  Data Path Delay:        3.891ns  (logic 0.580ns (14.905%)  route 3.311ns (85.095%))
  Logic Levels:           1  (LUT1=1)
  Clock Path Skew:        -0.488ns (DCD - SCD + CPR)
    Destination Clock Delay (DCD):    -1.453ns
    Source Clock Delay      (SCD):    -0.964ns
    Clock Pessimism Removal (CPR):    0.000ns
  Clock Uncertainty:      0.079ns  ((TSJ^2 + DJ^2)^1/2) / 2 + PE
    Total System Jitter     (TSJ):    0.071ns
    Discrete Jitter          (DJ):    0.142ns
    Phase Error              (PE):    0.000ns
  Timing Exception:       False Path

    Location             Delay type                Incr(ns)  Path(ns)    Netlist Resource(s)
  -------------------------------------------------------------------    -------------------
                         (clock clk_out1_xlnx_clk_gen rise edge)
                                                      0.000     0.000 r  
    K17                                               0.000     0.000 r  clk_sys (IN)
                         net (fo=0)                   0.000     0.000    i_xlnx_clk_gen/inst/clk_in1
    K17                  IBUF (Prop_ibuf_I_O)         1.475     1.475 r  i_xlnx_clk_gen/inst/clkin1_ibufg/O
                         net (fo=1, routed)           1.285     2.760    i_xlnx_clk_gen/inst/clk_in1_xlnx_clk_gen
    MMCME2_ADV_X1Y2      MMCME2_ADV (Prop_mmcme2_adv_CLKIN1_CLKOUT0)
                                                     -7.759    -4.999 r  i_xlnx_clk_gen/inst/mmcm_adv_inst/CLKOUT0
                         net (fo=1, routed)           2.206    -2.793    i_xlnx_clk_gen/inst/clk_out1_xlnx_clk_gen
    BUFGCTRL_X0Y16       BUFG (Prop_bufg_I_O)         0.101    -2.692 r  i_xlnx_clk_gen/inst/clkout1_buf/O
                         net (fo=20038, routed)       1.728    -0.964    i_rstgen_main/i_rstgen_bypass/clk_out1
    SLICE_X88Y18         FDCE                                         r  i_rstgen_main/i_rstgen_bypass/synch_regs_q_reg[3]/C
  -------------------------------------------------------------------    -------------------
    SLICE_X88Y18         FDCE (Prop_fdce_C_Q)         0.456    -0.508 r  i_rstgen_main/i_rstgen_bypass/synch_regs_q_reg[3]/Q
                         net (fo=19, routed)          2.601     2.093    i_axi_dwidth_converter_dm_slave/inst/gen_downsizer.gen_simple_downsizer.axi_downsizer_inst/USE_WRITE.write_addr_inst/USE_B_CHANNEL.cmd_b_queue/inst/out
    SLICE_X111Y13        LUT1 (Prop_lut1_I0_O)        0.124     2.217 f  i_axi_dwidth_converter_dm_slave/inst/gen_downsizer.gen_simple_downsizer.axi_downsizer_inst/USE_WRITE.write_addr_inst/USE_B_CHANNEL.cmd_b_queue/inst/S_AXI_AREADY_I_i_1/O
                         net (fo=165, routed)         0.710     2.927    i_axi_dwidth_converter_dm_slave/inst/gen_downsizer.gen_simple_downsizer.axi_downsizer_inst/USE_WRITE.write_addr_inst/cmd_queue/inst/fifo_gen_inst/inst_fifo_gen/gconvfifo.rf/grf.rf/rstblk/ngwrdrst.grst.g7serrst.gnsckt_wrst.rst_wr_reg2_inst/src_arst
    SLICE_X110Y18        FDPE                                         f  i_axi_dwidth_converter_dm_slave/inst/gen_downsizer.gen_simple_downsizer.axi_downsizer_inst/USE_WRITE.write_addr_inst/cmd_queue/inst/fifo_gen_inst/inst_fifo_gen/gconvfifo.rf/grf.rf/rstblk/ngwrdrst.grst.g7serrst.gnsckt_wrst.rst_wr_reg2_inst/arststages_ff_reg[1]/PRE
  -------------------------------------------------------------------    -------------------

                         (clock clk_out1_xlnx_clk_gen rise edge)
                                                      0.000     0.000 r  
    K17                                               0.000     0.000 r  clk_sys (IN)
                         net (fo=0)                   0.000     0.000    i_xlnx_clk_gen/inst/clk_in1
    K17                  IBUF (Prop_ibuf_I_O)         1.404     1.404 r  i_xlnx_clk_gen/inst/clkin1_ibufg/O
                         net (fo=1, routed)           1.162     2.566    i_xlnx_clk_gen/inst/clk_in1_xlnx_clk_gen
    MMCME2_ADV_X1Y2      MMCME2_ADV (Prop_mmcme2_adv_CLKIN1_CLKOUT0)
                                                     -7.814    -5.248 r  i_xlnx_clk_gen/inst/mmcm_adv_inst/CLKOUT0
                         net (fo=1, routed)           2.012    -3.236    i_xlnx_clk_gen/inst/clk_out1_xlnx_clk_gen
    BUFGCTRL_X0Y16       BUFG (Prop_bufg_I_O)         0.091    -3.145 r  i_xlnx_clk_gen/inst/clkout1_buf/O
                         net (fo=20038, routed)       1.692    -1.453    i_axi_dwidth_converter_dm_slave/inst/gen_downsizer.gen_simple_downsizer.axi_downsizer_inst/USE_WRITE.write_addr_inst/cmd_queue/inst/fifo_gen_inst/inst_fifo_gen/gconvfifo.rf/grf.rf/rstblk/ngwrdrst.grst.g7serrst.gnsckt_wrst.rst_wr_reg2_inst/dest_clk
    SLICE_X110Y18        FDPE                                         r  i_axi_dwidth_converter_dm_slave/inst/gen_downsizer.gen_simple_downsizer.axi_downsizer_inst/USE_WRITE.write_addr_inst/cmd_queue/inst/fifo_gen_inst/inst_fifo_gen/gconvfifo.rf/grf.rf/rstblk/ngwrdrst.grst.g7serrst.gnsckt_wrst.rst_wr_reg2_inst/arststages_ff_reg[1]/C

Slack:                    inf
  Source:                 i_rstgen_main/i_rstgen_bypass/synch_regs_q_reg[3]/C
                            (rising edge-triggered cell FDCE clocked by clk_out1_xlnx_clk_gen  {rise@0.000ns fall@10.000ns period=20.000ns})
  Destination:            i_axi_dwidth_converter_dm_slave/inst/gen_downsizer.gen_simple_downsizer.axi_downsizer_inst/USE_WRITE.write_addr_inst/USE_B_CHANNEL.cmd_b_queue/inst/fifo_gen_inst/inst_fifo_gen/gconvfifo.rf/grf.rf/rstblk/ngwrdrst.grst.g7serrst.gnsckt_wrst.rst_wr_reg2_inst/arststages_ff_reg[0]/PRE
                            (recovery check against rising-edge clock clk_out1_xlnx_clk_gen  {rise@0.000ns fall@10.000ns period=20.000ns})
  Path Group:             (none)
  Path Type:              Recovery (Max at Slow Process Corner)
  Data Path Delay:        3.747ns  (logic 0.580ns (15.479%)  route 3.167ns (84.521%))
  Logic Levels:           1  (LUT1=1)
  Clock Path Skew:        -0.483ns (DCD - SCD + CPR)
    Destination Clock Delay (DCD):    -1.448ns
    Source Clock Delay      (SCD):    -0.964ns
    Clock Pessimism Removal (CPR):    0.000ns
  Clock Uncertainty:      0.079ns  ((TSJ^2 + DJ^2)^1/2) / 2 + PE
    Total System Jitter     (TSJ):    0.071ns
    Discrete Jitter          (DJ):    0.142ns
    Phase Error              (PE):    0.000ns
  Timing Exception:       False Path

    Location             Delay type                Incr(ns)  Path(ns)    Netlist Resource(s)
  -------------------------------------------------------------------    -------------------
                         (clock clk_out1_xlnx_clk_gen rise edge)
                                                      0.000     0.000 r  
    K17                                               0.000     0.000 r  clk_sys (IN)
                         net (fo=0)                   0.000     0.000    i_xlnx_clk_gen/inst/clk_in1
    K17                  IBUF (Prop_ibuf_I_O)         1.475     1.475 r  i_xlnx_clk_gen/inst/clkin1_ibufg/O
                         net (fo=1, routed)           1.285     2.760    i_xlnx_clk_gen/inst/clk_in1_xlnx_clk_gen
    MMCME2_ADV_X1Y2      MMCME2_ADV (Prop_mmcme2_adv_CLKIN1_CLKOUT0)
                                                     -7.759    -4.999 r  i_xlnx_clk_gen/inst/mmcm_adv_inst/CLKOUT0
                         net (fo=1, routed)           2.206    -2.793    i_xlnx_clk_gen/inst/clk_out1_xlnx_clk_gen
    BUFGCTRL_X0Y16       BUFG (Prop_bufg_I_O)         0.101    -2.692 r  i_xlnx_clk_gen/inst/clkout1_buf/O
                         net (fo=20038, routed)       1.728    -0.964    i_rstgen_main/i_rstgen_bypass/clk_out1
    SLICE_X88Y18         FDCE                                         r  i_rstgen_main/i_rstgen_bypass/synch_regs_q_reg[3]/C
  -------------------------------------------------------------------    -------------------
    SLICE_X88Y18         FDCE (Prop_fdce_C_Q)         0.456    -0.508 r  i_rstgen_main/i_rstgen_bypass/synch_regs_q_reg[3]/Q
                         net (fo=19, routed)          2.601     2.093    i_axi_dwidth_converter_dm_slave/inst/gen_downsizer.gen_simple_downsizer.axi_downsizer_inst/USE_WRITE.write_addr_inst/USE_B_CHANNEL.cmd_b_queue/inst/out
    SLICE_X111Y13        LUT1 (Prop_lut1_I0_O)        0.124     2.217 f  i_axi_dwidth_converter_dm_slave/inst/gen_downsizer.gen_simple_downsizer.axi_downsizer_inst/USE_WRITE.write_addr_inst/USE_B_CHANNEL.cmd_b_queue/inst/S_AXI_AREADY_I_i_1/O
                         net (fo=165, routed)         0.566     2.783    i_axi_dwidth_converter_dm_slave/inst/gen_downsizer.gen_simple_downsizer.axi_downsizer_inst/USE_WRITE.write_addr_inst/USE_B_CHANNEL.cmd_b_queue/inst/fifo_gen_inst/inst_fifo_gen/gconvfifo.rf/grf.rf/rstblk/ngwrdrst.grst.g7serrst.gnsckt_wrst.rst_wr_reg2_inst/src_arst
    SLICE_X110Y14        FDPE                                         f  i_axi_dwidth_converter_dm_slave/inst/gen_downsizer.gen_simple_downsizer.axi_downsizer_inst/USE_WRITE.write_addr_inst/USE_B_CHANNEL.cmd_b_queue/inst/fifo_gen_inst/inst_fifo_gen/gconvfifo.rf/grf.rf/rstblk/ngwrdrst.grst.g7serrst.gnsckt_wrst.rst_wr_reg2_inst/arststages_ff_reg[0]/PRE
  -------------------------------------------------------------------    -------------------

                         (clock clk_out1_xlnx_clk_gen rise edge)
                                                      0.000     0.000 r  
    K17                                               0.000     0.000 r  clk_sys (IN)
                         net (fo=0)                   0.000     0.000    i_xlnx_clk_gen/inst/clk_in1
    K17                  IBUF (Prop_ibuf_I_O)         1.404     1.404 r  i_xlnx_clk_gen/inst/clkin1_ibufg/O
                         net (fo=1, routed)           1.162     2.566    i_xlnx_clk_gen/inst/clk_in1_xlnx_clk_gen
    MMCME2_ADV_X1Y2      MMCME2_ADV (Prop_mmcme2_adv_CLKIN1_CLKOUT0)
                                                     -7.814    -5.248 r  i_xlnx_clk_gen/inst/mmcm_adv_inst/CLKOUT0
                         net (fo=1, routed)           2.012    -3.236    i_xlnx_clk_gen/inst/clk_out1_xlnx_clk_gen
    BUFGCTRL_X0Y16       BUFG (Prop_bufg_I_O)         0.091    -3.145 r  i_xlnx_clk_gen/inst/clkout1_buf/O
                         net (fo=20038, routed)       1.697    -1.448    i_axi_dwidth_converter_dm_slave/inst/gen_downsizer.gen_simple_downsizer.axi_downsizer_inst/USE_WRITE.write_addr_inst/USE_B_CHANNEL.cmd_b_queue/inst/fifo_gen_inst/inst_fifo_gen/gconvfifo.rf/grf.rf/rstblk/ngwrdrst.grst.g7serrst.gnsckt_wrst.rst_wr_reg2_inst/dest_clk
    SLICE_X110Y14        FDPE                                         r  i_axi_dwidth_converter_dm_slave/inst/gen_downsizer.gen_simple_downsizer.axi_downsizer_inst/USE_WRITE.write_addr_inst/USE_B_CHANNEL.cmd_b_queue/inst/fifo_gen_inst/inst_fifo_gen/gconvfifo.rf/grf.rf/rstblk/ngwrdrst.grst.g7serrst.gnsckt_wrst.rst_wr_reg2_inst/arststages_ff_reg[0]/C

Slack:                    inf
  Source:                 i_rstgen_main/i_rstgen_bypass/synch_regs_q_reg[3]/C
                            (rising edge-triggered cell FDCE clocked by clk_out1_xlnx_clk_gen  {rise@0.000ns fall@10.000ns period=20.000ns})
  Destination:            i_axi_dwidth_converter_dm_slave/inst/gen_downsizer.gen_simple_downsizer.axi_downsizer_inst/USE_WRITE.write_addr_inst/USE_B_CHANNEL.cmd_b_queue/inst/fifo_gen_inst/inst_fifo_gen/gconvfifo.rf/grf.rf/rstblk/ngwrdrst.grst.g7serrst.gnsckt_wrst.rst_wr_reg2_inst/arststages_ff_reg[1]/PRE
                            (recovery check against rising-edge clock clk_out1_xlnx_clk_gen  {rise@0.000ns fall@10.000ns period=20.000ns})
  Path Group:             (none)
  Path Type:              Recovery (Max at Slow Process Corner)
  Data Path Delay:        3.747ns  (logic 0.580ns (15.479%)  route 3.167ns (84.521%))
  Logic Levels:           1  (LUT1=1)
  Clock Path Skew:        -0.483ns (DCD - SCD + CPR)
    Destination Clock Delay (DCD):    -1.448ns
    Source Clock Delay      (SCD):    -0.964ns
    Clock Pessimism Removal (CPR):    0.000ns
  Clock Uncertainty:      0.079ns  ((TSJ^2 + DJ^2)^1/2) / 2 + PE
    Total System Jitter     (TSJ):    0.071ns
    Discrete Jitter          (DJ):    0.142ns
    Phase Error              (PE):    0.000ns
  Timing Exception:       False Path

    Location             Delay type                Incr(ns)  Path(ns)    Netlist Resource(s)
  -------------------------------------------------------------------    -------------------
                         (clock clk_out1_xlnx_clk_gen rise edge)
                                                      0.000     0.000 r  
    K17                                               0.000     0.000 r  clk_sys (IN)
                         net (fo=0)                   0.000     0.000    i_xlnx_clk_gen/inst/clk_in1
    K17                  IBUF (Prop_ibuf_I_O)         1.475     1.475 r  i_xlnx_clk_gen/inst/clkin1_ibufg/O
                         net (fo=1, routed)           1.285     2.760    i_xlnx_clk_gen/inst/clk_in1_xlnx_clk_gen
    MMCME2_ADV_X1Y2      MMCME2_ADV (Prop_mmcme2_adv_CLKIN1_CLKOUT0)
                                                     -7.759    -4.999 r  i_xlnx_clk_gen/inst/mmcm_adv_inst/CLKOUT0
                         net (fo=1, routed)           2.206    -2.793    i_xlnx_clk_gen/inst/clk_out1_xlnx_clk_gen
    BUFGCTRL_X0Y16       BUFG (Prop_bufg_I_O)         0.101    -2.692 r  i_xlnx_clk_gen/inst/clkout1_buf/O
                         net (fo=20038, routed)       1.728    -0.964    i_rstgen_main/i_rstgen_bypass/clk_out1
    SLICE_X88Y18         FDCE                                         r  i_rstgen_main/i_rstgen_bypass/synch_regs_q_reg[3]/C
  -------------------------------------------------------------------    -------------------
    SLICE_X88Y18         FDCE (Prop_fdce_C_Q)         0.456    -0.508 r  i_rstgen_main/i_rstgen_bypass/synch_regs_q_reg[3]/Q
                         net (fo=19, routed)          2.601     2.093    i_axi_dwidth_converter_dm_slave/inst/gen_downsizer.gen_simple_downsizer.axi_downsizer_inst/USE_WRITE.write_addr_inst/USE_B_CHANNEL.cmd_b_queue/inst/out
    SLICE_X111Y13        LUT1 (Prop_lut1_I0_O)        0.124     2.217 f  i_axi_dwidth_converter_dm_slave/inst/gen_downsizer.gen_simple_downsizer.axi_downsizer_inst/USE_WRITE.write_addr_inst/USE_B_CHANNEL.cmd_b_queue/inst/S_AXI_AREADY_I_i_1/O
                         net (fo=165, routed)         0.566     2.783    i_axi_dwidth_converter_dm_slave/inst/gen_downsizer.gen_simple_downsizer.axi_downsizer_inst/USE_WRITE.write_addr_inst/USE_B_CHANNEL.cmd_b_queue/inst/fifo_gen_inst/inst_fifo_gen/gconvfifo.rf/grf.rf/rstblk/ngwrdrst.grst.g7serrst.gnsckt_wrst.rst_wr_reg2_inst/src_arst
    SLICE_X110Y14        FDPE                                         f  i_axi_dwidth_converter_dm_slave/inst/gen_downsizer.gen_simple_downsizer.axi_downsizer_inst/USE_WRITE.write_addr_inst/USE_B_CHANNEL.cmd_b_queue/inst/fifo_gen_inst/inst_fifo_gen/gconvfifo.rf/grf.rf/rstblk/ngwrdrst.grst.g7serrst.gnsckt_wrst.rst_wr_reg2_inst/arststages_ff_reg[1]/PRE
  -------------------------------------------------------------------    -------------------

                         (clock clk_out1_xlnx_clk_gen rise edge)
                                                      0.000     0.000 r  
    K17                                               0.000     0.000 r  clk_sys (IN)
                         net (fo=0)                   0.000     0.000    i_xlnx_clk_gen/inst/clk_in1
    K17                  IBUF (Prop_ibuf_I_O)         1.404     1.404 r  i_xlnx_clk_gen/inst/clkin1_ibufg/O
                         net (fo=1, routed)           1.162     2.566    i_xlnx_clk_gen/inst/clk_in1_xlnx_clk_gen
    MMCME2_ADV_X1Y2      MMCME2_ADV (Prop_mmcme2_adv_CLKIN1_CLKOUT0)
                                                     -7.814    -5.248 r  i_xlnx_clk_gen/inst/mmcm_adv_inst/CLKOUT0
                         net (fo=1, routed)           2.012    -3.236    i_xlnx_clk_gen/inst/clk_out1_xlnx_clk_gen
    BUFGCTRL_X0Y16       BUFG (Prop_bufg_I_O)         0.091    -3.145 r  i_xlnx_clk_gen/inst/clkout1_buf/O
                         net (fo=20038, routed)       1.697    -1.448    i_axi_dwidth_converter_dm_slave/inst/gen_downsizer.gen_simple_downsizer.axi_downsizer_inst/USE_WRITE.write_addr_inst/USE_B_CHANNEL.cmd_b_queue/inst/fifo_gen_inst/inst_fifo_gen/gconvfifo.rf/grf.rf/rstblk/ngwrdrst.grst.g7serrst.gnsckt_wrst.rst_wr_reg2_inst/dest_clk
    SLICE_X110Y14        FDPE                                         r  i_axi_dwidth_converter_dm_slave/inst/gen_downsizer.gen_simple_downsizer.axi_downsizer_inst/USE_WRITE.write_addr_inst/USE_B_CHANNEL.cmd_b_queue/inst/fifo_gen_inst/inst_fifo_gen/gconvfifo.rf/grf.rf/rstblk/ngwrdrst.grst.g7serrst.gnsckt_wrst.rst_wr_reg2_inst/arststages_ff_reg[1]/C





Min Delay Paths
--------------------------------------------------------------------------------------
Slack:                    inf
  Source:                 i_rstgen_main/i_rstgen_bypass/synch_regs_q_reg[3]/C
                            (rising edge-triggered cell FDCE clocked by clk_out1_xlnx_clk_gen  {rise@0.000ns fall@10.000ns period=20.000ns})
  Destination:            i_axi_dwidth_converter_dm_slave/inst/gen_downsizer.gen_simple_downsizer.axi_downsizer_inst/USE_WRITE.write_addr_inst/USE_B_CHANNEL.cmd_b_queue/inst/fifo_gen_inst/inst_fifo_gen/gconvfifo.rf/grf.rf/rstblk/ngwrdrst.grst.g7serrst.gnsckt_wrst.rst_wr_reg2_inst/arststages_ff_reg[0]/PRE
                            (removal check against rising-edge clock clk_out1_xlnx_clk_gen  {rise@0.000ns fall@10.000ns period=20.000ns})
  Path Group:             (none)
  Path Type:              Removal (Min at Fast Process Corner)
  Data Path Delay:        1.552ns  (logic 0.186ns (11.985%)  route 1.366ns (88.015%))
  Logic Levels:           1  (LUT1=1)
  Clock Path Skew:        -0.183ns (DCD - SCD - CPR)
    Destination Clock Delay (DCD):    -0.807ns
    Source Clock Delay      (SCD):    -0.625ns
    Clock Pessimism Removal (CPR):    -0.000ns
  Clock Uncertainty:      0.079ns  ((TSJ^2 + DJ^2)^1/2) / 2 + PE
    Total System Jitter     (TSJ):    0.071ns
    Discrete Jitter          (DJ):    0.142ns
    Phase Error              (PE):    0.000ns
  Timing Exception:       False Path

    Location             Delay type                Incr(ns)  Path(ns)    Netlist Resource(s)
  -------------------------------------------------------------------    -------------------
                         (clock clk_out1_xlnx_clk_gen rise edge)
                                                      0.000     0.000 r  
    K17                                               0.000     0.000 r  clk_sys (IN)
                         net (fo=0)                   0.000     0.000    i_xlnx_clk_gen/inst/clk_in1
    K17                  IBUF (Prop_ibuf_I_O)         0.243     0.243 r  i_xlnx_clk_gen/inst/clkin1_ibufg/O
                         net (fo=1, routed)           0.440     0.683    i_xlnx_clk_gen/inst/clk_in1_xlnx_clk_gen
    MMCME2_ADV_X1Y2      MMCME2_ADV (Prop_mmcme2_adv_CLKIN1_CLKOUT0)
                                                     -2.613    -1.930 r  i_xlnx_clk_gen/inst/mmcm_adv_inst/CLKOUT0
                         net (fo=1, routed)           0.696    -1.233    i_xlnx_clk_gen/inst/clk_out1_xlnx_clk_gen
    BUFGCTRL_X0Y16       BUFG (Prop_bufg_I_O)         0.026    -1.207 r  i_xlnx_clk_gen/inst/clkout1_buf/O
                         net (fo=20038, routed)       0.583    -0.625    i_rstgen_main/i_rstgen_bypass/clk_out1
    SLICE_X88Y18         FDCE                                         r  i_rstgen_main/i_rstgen_bypass/synch_regs_q_reg[3]/C
  -------------------------------------------------------------------    -------------------
    SLICE_X88Y18         FDCE (Prop_fdce_C_Q)         0.141    -0.484 r  i_rstgen_main/i_rstgen_bypass/synch_regs_q_reg[3]/Q
                         net (fo=19, routed)          1.115     0.631    i_axi_dwidth_converter_dm_slave/inst/gen_downsizer.gen_simple_downsizer.axi_downsizer_inst/USE_WRITE.write_addr_inst/USE_B_CHANNEL.cmd_b_queue/inst/out
    SLICE_X111Y13        LUT1 (Prop_lut1_I0_O)        0.045     0.676 f  i_axi_dwidth_converter_dm_slave/inst/gen_downsizer.gen_simple_downsizer.axi_downsizer_inst/USE_WRITE.write_addr_inst/USE_B_CHANNEL.cmd_b_queue/inst/S_AXI_AREADY_I_i_1/O
                         net (fo=165, routed)         0.251     0.927    i_axi_dwidth_converter_dm_slave/inst/gen_downsizer.gen_simple_downsizer.axi_downsizer_inst/USE_WRITE.write_addr_inst/USE_B_CHANNEL.cmd_b_queue/inst/fifo_gen_inst/inst_fifo_gen/gconvfifo.rf/grf.rf/rstblk/ngwrdrst.grst.g7serrst.gnsckt_wrst.rst_wr_reg2_inst/src_arst
    SLICE_X110Y14        FDPE                                         f  i_axi_dwidth_converter_dm_slave/inst/gen_downsizer.gen_simple_downsizer.axi_downsizer_inst/USE_WRITE.write_addr_inst/USE_B_CHANNEL.cmd_b_queue/inst/fifo_gen_inst/inst_fifo_gen/gconvfifo.rf/grf.rf/rstblk/ngwrdrst.grst.g7serrst.gnsckt_wrst.rst_wr_reg2_inst/arststages_ff_reg[0]/PRE
  -------------------------------------------------------------------    -------------------

                         (clock clk_out1_xlnx_clk_gen rise edge)
                                                      0.000     0.000 r  
    K17                                               0.000     0.000 r  clk_sys (IN)
                         net (fo=0)                   0.000     0.000    i_xlnx_clk_gen/inst/clk_in1
    K17                  IBUF (Prop_ibuf_I_O)         0.431     0.431 r  i_xlnx_clk_gen/inst/clkin1_ibufg/O
                         net (fo=1, routed)           0.480     0.911    i_xlnx_clk_gen/inst/clk_in1_xlnx_clk_gen
    MMCME2_ADV_X1Y2      MMCME2_ADV (Prop_mmcme2_adv_CLKIN1_CLKOUT0)
                                                     -3.407    -2.496 r  i_xlnx_clk_gen/inst/mmcm_adv_inst/CLKOUT0
                         net (fo=1, routed)           0.752    -1.744    i_xlnx_clk_gen/inst/clk_out1_xlnx_clk_gen
    BUFGCTRL_X0Y16       BUFG (Prop_bufg_I_O)         0.029    -1.715 r  i_xlnx_clk_gen/inst/clkout1_buf/O
                         net (fo=20038, routed)       0.908    -0.807    i_axi_dwidth_converter_dm_slave/inst/gen_downsizer.gen_simple_downsizer.axi_downsizer_inst/USE_WRITE.write_addr_inst/USE_B_CHANNEL.cmd_b_queue/inst/fifo_gen_inst/inst_fifo_gen/gconvfifo.rf/grf.rf/rstblk/ngwrdrst.grst.g7serrst.gnsckt_wrst.rst_wr_reg2_inst/dest_clk
    SLICE_X110Y14        FDPE                                         r  i_axi_dwidth_converter_dm_slave/inst/gen_downsizer.gen_simple_downsizer.axi_downsizer_inst/USE_WRITE.write_addr_inst/USE_B_CHANNEL.cmd_b_queue/inst/fifo_gen_inst/inst_fifo_gen/gconvfifo.rf/grf.rf/rstblk/ngwrdrst.grst.g7serrst.gnsckt_wrst.rst_wr_reg2_inst/arststages_ff_reg[0]/C

Slack:                    inf
  Source:                 i_rstgen_main/i_rstgen_bypass/synch_regs_q_reg[3]/C
                            (rising edge-triggered cell FDCE clocked by clk_out1_xlnx_clk_gen  {rise@0.000ns fall@10.000ns period=20.000ns})
  Destination:            i_axi_dwidth_converter_dm_slave/inst/gen_downsizer.gen_simple_downsizer.axi_downsizer_inst/USE_WRITE.write_addr_inst/USE_B_CHANNEL.cmd_b_queue/inst/fifo_gen_inst/inst_fifo_gen/gconvfifo.rf/grf.rf/rstblk/ngwrdrst.grst.g7serrst.gnsckt_wrst.rst_wr_reg2_inst/arststages_ff_reg[1]/PRE
                            (removal check against rising-edge clock clk_out1_xlnx_clk_gen  {rise@0.000ns fall@10.000ns period=20.000ns})
  Path Group:             (none)
  Path Type:              Removal (Min at Fast Process Corner)
  Data Path Delay:        1.552ns  (logic 0.186ns (11.985%)  route 1.366ns (88.015%))
  Logic Levels:           1  (LUT1=1)
  Clock Path Skew:        -0.183ns (DCD - SCD - CPR)
    Destination Clock Delay (DCD):    -0.807ns
    Source Clock Delay      (SCD):    -0.625ns
    Clock Pessimism Removal (CPR):    -0.000ns
  Clock Uncertainty:      0.079ns  ((TSJ^2 + DJ^2)^1/2) / 2 + PE
    Total System Jitter     (TSJ):    0.071ns
    Discrete Jitter          (DJ):    0.142ns
    Phase Error              (PE):    0.000ns
  Timing Exception:       False Path

    Location             Delay type                Incr(ns)  Path(ns)    Netlist Resource(s)
  -------------------------------------------------------------------    -------------------
                         (clock clk_out1_xlnx_clk_gen rise edge)
                                                      0.000     0.000 r  
    K17                                               0.000     0.000 r  clk_sys (IN)
                         net (fo=0)                   0.000     0.000    i_xlnx_clk_gen/inst/clk_in1
    K17                  IBUF (Prop_ibuf_I_O)         0.243     0.243 r  i_xlnx_clk_gen/inst/clkin1_ibufg/O
                         net (fo=1, routed)           0.440     0.683    i_xlnx_clk_gen/inst/clk_in1_xlnx_clk_gen
    MMCME2_ADV_X1Y2      MMCME2_ADV (Prop_mmcme2_adv_CLKIN1_CLKOUT0)
                                                     -2.613    -1.930 r  i_xlnx_clk_gen/inst/mmcm_adv_inst/CLKOUT0
                         net (fo=1, routed)           0.696    -1.233    i_xlnx_clk_gen/inst/clk_out1_xlnx_clk_gen
    BUFGCTRL_X0Y16       BUFG (Prop_bufg_I_O)         0.026    -1.207 r  i_xlnx_clk_gen/inst/clkout1_buf/O
                         net (fo=20038, routed)       0.583    -0.625    i_rstgen_main/i_rstgen_bypass/clk_out1
    SLICE_X88Y18         FDCE                                         r  i_rstgen_main/i_rstgen_bypass/synch_regs_q_reg[3]/C
  -------------------------------------------------------------------    -------------------
    SLICE_X88Y18         FDCE (Prop_fdce_C_Q)         0.141    -0.484 r  i_rstgen_main/i_rstgen_bypass/synch_regs_q_reg[3]/Q
                         net (fo=19, routed)          1.115     0.631    i_axi_dwidth_converter_dm_slave/inst/gen_downsizer.gen_simple_downsizer.axi_downsizer_inst/USE_WRITE.write_addr_inst/USE_B_CHANNEL.cmd_b_queue/inst/out
    SLICE_X111Y13        LUT1 (Prop_lut1_I0_O)        0.045     0.676 f  i_axi_dwidth_converter_dm_slave/inst/gen_downsizer.gen_simple_downsizer.axi_downsizer_inst/USE_WRITE.write_addr_inst/USE_B_CHANNEL.cmd_b_queue/inst/S_AXI_AREADY_I_i_1/O
                         net (fo=165, routed)         0.251     0.927    i_axi_dwidth_converter_dm_slave/inst/gen_downsizer.gen_simple_downsizer.axi_downsizer_inst/USE_WRITE.write_addr_inst/USE_B_CHANNEL.cmd_b_queue/inst/fifo_gen_inst/inst_fifo_gen/gconvfifo.rf/grf.rf/rstblk/ngwrdrst.grst.g7serrst.gnsckt_wrst.rst_wr_reg2_inst/src_arst
    SLICE_X110Y14        FDPE                                         f  i_axi_dwidth_converter_dm_slave/inst/gen_downsizer.gen_simple_downsizer.axi_downsizer_inst/USE_WRITE.write_addr_inst/USE_B_CHANNEL.cmd_b_queue/inst/fifo_gen_inst/inst_fifo_gen/gconvfifo.rf/grf.rf/rstblk/ngwrdrst.grst.g7serrst.gnsckt_wrst.rst_wr_reg2_inst/arststages_ff_reg[1]/PRE
  -------------------------------------------------------------------    -------------------

                         (clock clk_out1_xlnx_clk_gen rise edge)
                                                      0.000     0.000 r  
    K17                                               0.000     0.000 r  clk_sys (IN)
                         net (fo=0)                   0.000     0.000    i_xlnx_clk_gen/inst/clk_in1
    K17                  IBUF (Prop_ibuf_I_O)         0.431     0.431 r  i_xlnx_clk_gen/inst/clkin1_ibufg/O
                         net (fo=1, routed)           0.480     0.911    i_xlnx_clk_gen/inst/clk_in1_xlnx_clk_gen
    MMCME2_ADV_X1Y2      MMCME2_ADV (Prop_mmcme2_adv_CLKIN1_CLKOUT0)
                                                     -3.407    -2.496 r  i_xlnx_clk_gen/inst/mmcm_adv_inst/CLKOUT0
                         net (fo=1, routed)           0.752    -1.744    i_xlnx_clk_gen/inst/clk_out1_xlnx_clk_gen
    BUFGCTRL_X0Y16       BUFG (Prop_bufg_I_O)         0.029    -1.715 r  i_xlnx_clk_gen/inst/clkout1_buf/O
                         net (fo=20038, routed)       0.908    -0.807    i_axi_dwidth_converter_dm_slave/inst/gen_downsizer.gen_simple_downsizer.axi_downsizer_inst/USE_WRITE.write_addr_inst/USE_B_CHANNEL.cmd_b_queue/inst/fifo_gen_inst/inst_fifo_gen/gconvfifo.rf/grf.rf/rstblk/ngwrdrst.grst.g7serrst.gnsckt_wrst.rst_wr_reg2_inst/dest_clk
    SLICE_X110Y14        FDPE                                         r  i_axi_dwidth_converter_dm_slave/inst/gen_downsizer.gen_simple_downsizer.axi_downsizer_inst/USE_WRITE.write_addr_inst/USE_B_CHANNEL.cmd_b_queue/inst/fifo_gen_inst/inst_fifo_gen/gconvfifo.rf/grf.rf/rstblk/ngwrdrst.grst.g7serrst.gnsckt_wrst.rst_wr_reg2_inst/arststages_ff_reg[1]/C

Slack:                    inf
  Source:                 i_rstgen_main/i_rstgen_bypass/synch_regs_q_reg[3]/C
                            (rising edge-triggered cell FDCE clocked by clk_out1_xlnx_clk_gen  {rise@0.000ns fall@10.000ns period=20.000ns})
  Destination:            i_axi_dwidth_converter_dm_slave/inst/gen_downsizer.gen_simple_downsizer.axi_downsizer_inst/USE_WRITE.write_addr_inst/cmd_queue/inst/fifo_gen_inst/inst_fifo_gen/gconvfifo.rf/grf.rf/rstblk/ngwrdrst.grst.g7serrst.gnsckt_wrst.rst_wr_reg2_inst/arststages_ff_reg[0]/PRE
                            (removal check against rising-edge clock clk_out1_xlnx_clk_gen  {rise@0.000ns fall@10.000ns period=20.000ns})
  Path Group:             (none)
  Path Type:              Removal (Min at Fast Process Corner)
  Data Path Delay:        1.621ns  (logic 0.186ns (11.473%)  route 1.435ns (88.527%))
  Logic Levels:           1  (LUT1=1)
  Clock Path Skew:        -0.187ns (DCD - SCD - CPR)
    Destination Clock Delay (DCD):    -0.811ns
    Source Clock Delay      (SCD):    -0.625ns
    Clock Pessimism Removal (CPR):    -0.000ns
  Clock Uncertainty:      0.079ns  ((TSJ^2 + DJ^2)^1/2) / 2 + PE
    Total System Jitter     (TSJ):    0.071ns
    Discrete Jitter          (DJ):    0.142ns
    Phase Error              (PE):    0.000ns
  Timing Exception:       False Path

    Location             Delay type                Incr(ns)  Path(ns)    Netlist Resource(s)
  -------------------------------------------------------------------    -------------------
                         (clock clk_out1_xlnx_clk_gen rise edge)
                                                      0.000     0.000 r  
    K17                                               0.000     0.000 r  clk_sys (IN)
                         net (fo=0)                   0.000     0.000    i_xlnx_clk_gen/inst/clk_in1
    K17                  IBUF (Prop_ibuf_I_O)         0.243     0.243 r  i_xlnx_clk_gen/inst/clkin1_ibufg/O
                         net (fo=1, routed)           0.440     0.683    i_xlnx_clk_gen/inst/clk_in1_xlnx_clk_gen
    MMCME2_ADV_X1Y2      MMCME2_ADV (Prop_mmcme2_adv_CLKIN1_CLKOUT0)
                                                     -2.613    -1.930 r  i_xlnx_clk_gen/inst/mmcm_adv_inst/CLKOUT0
                         net (fo=1, routed)           0.696    -1.233    i_xlnx_clk_gen/inst/clk_out1_xlnx_clk_gen
    BUFGCTRL_X0Y16       BUFG (Prop_bufg_I_O)         0.026    -1.207 r  i_xlnx_clk_gen/inst/clkout1_buf/O
                         net (fo=20038, routed)       0.583    -0.625    i_rstgen_main/i_rstgen_bypass/clk_out1
    SLICE_X88Y18         FDCE                                         r  i_rstgen_main/i_rstgen_bypass/synch_regs_q_reg[3]/C
  -------------------------------------------------------------------    -------------------
    SLICE_X88Y18         FDCE (Prop_fdce_C_Q)         0.141    -0.484 r  i_rstgen_main/i_rstgen_bypass/synch_regs_q_reg[3]/Q
                         net (fo=19, routed)          1.115     0.631    i_axi_dwidth_converter_dm_slave/inst/gen_downsizer.gen_simple_downsizer.axi_downsizer_inst/USE_WRITE.write_addr_inst/USE_B_CHANNEL.cmd_b_queue/inst/out
    SLICE_X111Y13        LUT1 (Prop_lut1_I0_O)        0.045     0.676 f  i_axi_dwidth_converter_dm_slave/inst/gen_downsizer.gen_simple_downsizer.axi_downsizer_inst/USE_WRITE.write_addr_inst/USE_B_CHANNEL.cmd_b_queue/inst/S_AXI_AREADY_I_i_1/O
                         net (fo=165, routed)         0.320     0.997    i_axi_dwidth_converter_dm_slave/inst/gen_downsizer.gen_simple_downsizer.axi_downsizer_inst/USE_WRITE.write_addr_inst/cmd_queue/inst/fifo_gen_inst/inst_fifo_gen/gconvfifo.rf/grf.rf/rstblk/ngwrdrst.grst.g7serrst.gnsckt_wrst.rst_wr_reg2_inst/src_arst
    SLICE_X110Y18        FDPE                                         f  i_axi_dwidth_converter_dm_slave/inst/gen_downsizer.gen_simple_downsizer.axi_downsizer_inst/USE_WRITE.write_addr_inst/cmd_queue/inst/fifo_gen_inst/inst_fifo_gen/gconvfifo.rf/grf.rf/rstblk/ngwrdrst.grst.g7serrst.gnsckt_wrst.rst_wr_reg2_inst/arststages_ff_reg[0]/PRE
  -------------------------------------------------------------------    -------------------

                         (clock clk_out1_xlnx_clk_gen rise edge)
                                                      0.000     0.000 r  
    K17                                               0.000     0.000 r  clk_sys (IN)
                         net (fo=0)                   0.000     0.000    i_xlnx_clk_gen/inst/clk_in1
    K17                  IBUF (Prop_ibuf_I_O)         0.431     0.431 r  i_xlnx_clk_gen/inst/clkin1_ibufg/O
                         net (fo=1, routed)           0.480     0.911    i_xlnx_clk_gen/inst/clk_in1_xlnx_clk_gen
    MMCME2_ADV_X1Y2      MMCME2_ADV (Prop_mmcme2_adv_CLKIN1_CLKOUT0)
                                                     -3.407    -2.496 r  i_xlnx_clk_gen/inst/mmcm_adv_inst/CLKOUT0
                         net (fo=1, routed)           0.752    -1.744    i_xlnx_clk_gen/inst/clk_out1_xlnx_clk_gen
    BUFGCTRL_X0Y16       BUFG (Prop_bufg_I_O)         0.029    -1.715 r  i_xlnx_clk_gen/inst/clkout1_buf/O
                         net (fo=20038, routed)       0.904    -0.811    i_axi_dwidth_converter_dm_slave/inst/gen_downsizer.gen_simple_downsizer.axi_downsizer_inst/USE_WRITE.write_addr_inst/cmd_queue/inst/fifo_gen_inst/inst_fifo_gen/gconvfifo.rf/grf.rf/rstblk/ngwrdrst.grst.g7serrst.gnsckt_wrst.rst_wr_reg2_inst/dest_clk
    SLICE_X110Y18        FDPE                                         r  i_axi_dwidth_converter_dm_slave/inst/gen_downsizer.gen_simple_downsizer.axi_downsizer_inst/USE_WRITE.write_addr_inst/cmd_queue/inst/fifo_gen_inst/inst_fifo_gen/gconvfifo.rf/grf.rf/rstblk/ngwrdrst.grst.g7serrst.gnsckt_wrst.rst_wr_reg2_inst/arststages_ff_reg[0]/C

Slack:                    inf
  Source:                 i_rstgen_main/i_rstgen_bypass/synch_regs_q_reg[3]/C
                            (rising edge-triggered cell FDCE clocked by clk_out1_xlnx_clk_gen  {rise@0.000ns fall@10.000ns period=20.000ns})
  Destination:            i_axi_dwidth_converter_dm_slave/inst/gen_downsizer.gen_simple_downsizer.axi_downsizer_inst/USE_WRITE.write_addr_inst/cmd_queue/inst/fifo_gen_inst/inst_fifo_gen/gconvfifo.rf/grf.rf/rstblk/ngwrdrst.grst.g7serrst.gnsckt_wrst.rst_wr_reg2_inst/arststages_ff_reg[1]/PRE
                            (removal check against rising-edge clock clk_out1_xlnx_clk_gen  {rise@0.000ns fall@10.000ns period=20.000ns})
  Path Group:             (none)
  Path Type:              Removal (Min at Fast Process Corner)
  Data Path Delay:        1.621ns  (logic 0.186ns (11.473%)  route 1.435ns (88.527%))
  Logic Levels:           1  (LUT1=1)
  Clock Path Skew:        -0.187ns (DCD - SCD - CPR)
    Destination Clock Delay (DCD):    -0.811ns
    Source Clock Delay      (SCD):    -0.625ns
    Clock Pessimism Removal (CPR):    -0.000ns
  Clock Uncertainty:      0.079ns  ((TSJ^2 + DJ^2)^1/2) / 2 + PE
    Total System Jitter     (TSJ):    0.071ns
    Discrete Jitter          (DJ):    0.142ns
    Phase Error              (PE):    0.000ns
  Timing Exception:       False Path

    Location             Delay type                Incr(ns)  Path(ns)    Netlist Resource(s)
  -------------------------------------------------------------------    -------------------
                         (clock clk_out1_xlnx_clk_gen rise edge)
                                                      0.000     0.000 r  
    K17                                               0.000     0.000 r  clk_sys (IN)
                         net (fo=0)                   0.000     0.000    i_xlnx_clk_gen/inst/clk_in1
    K17                  IBUF (Prop_ibuf_I_O)         0.243     0.243 r  i_xlnx_clk_gen/inst/clkin1_ibufg/O
                         net (fo=1, routed)           0.440     0.683    i_xlnx_clk_gen/inst/clk_in1_xlnx_clk_gen
    MMCME2_ADV_X1Y2      MMCME2_ADV (Prop_mmcme2_adv_CLKIN1_CLKOUT0)
                                                     -2.613    -1.930 r  i_xlnx_clk_gen/inst/mmcm_adv_inst/CLKOUT0
                         net (fo=1, routed)           0.696    -1.233    i_xlnx_clk_gen/inst/clk_out1_xlnx_clk_gen
    BUFGCTRL_X0Y16       BUFG (Prop_bufg_I_O)         0.026    -1.207 r  i_xlnx_clk_gen/inst/clkout1_buf/O
                         net (fo=20038, routed)       0.583    -0.625    i_rstgen_main/i_rstgen_bypass/clk_out1
    SLICE_X88Y18         FDCE                                         r  i_rstgen_main/i_rstgen_bypass/synch_regs_q_reg[3]/C
  -------------------------------------------------------------------    -------------------
    SLICE_X88Y18         FDCE (Prop_fdce_C_Q)         0.141    -0.484 r  i_rstgen_main/i_rstgen_bypass/synch_regs_q_reg[3]/Q
                         net (fo=19, routed)          1.115     0.631    i_axi_dwidth_converter_dm_slave/inst/gen_downsizer.gen_simple_downsizer.axi_downsizer_inst/USE_WRITE.write_addr_inst/USE_B_CHANNEL.cmd_b_queue/inst/out
    SLICE_X111Y13        LUT1 (Prop_lut1_I0_O)        0.045     0.676 f  i_axi_dwidth_converter_dm_slave/inst/gen_downsizer.gen_simple_downsizer.axi_downsizer_inst/USE_WRITE.write_addr_inst/USE_B_CHANNEL.cmd_b_queue/inst/S_AXI_AREADY_I_i_1/O
                         net (fo=165, routed)         0.320     0.997    i_axi_dwidth_converter_dm_slave/inst/gen_downsizer.gen_simple_downsizer.axi_downsizer_inst/USE_WRITE.write_addr_inst/cmd_queue/inst/fifo_gen_inst/inst_fifo_gen/gconvfifo.rf/grf.rf/rstblk/ngwrdrst.grst.g7serrst.gnsckt_wrst.rst_wr_reg2_inst/src_arst
    SLICE_X110Y18        FDPE                                         f  i_axi_dwidth_converter_dm_slave/inst/gen_downsizer.gen_simple_downsizer.axi_downsizer_inst/USE_WRITE.write_addr_inst/cmd_queue/inst/fifo_gen_inst/inst_fifo_gen/gconvfifo.rf/grf.rf/rstblk/ngwrdrst.grst.g7serrst.gnsckt_wrst.rst_wr_reg2_inst/arststages_ff_reg[1]/PRE
  -------------------------------------------------------------------    -------------------

                         (clock clk_out1_xlnx_clk_gen rise edge)
                                                      0.000     0.000 r  
    K17                                               0.000     0.000 r  clk_sys (IN)
                         net (fo=0)                   0.000     0.000    i_xlnx_clk_gen/inst/clk_in1
    K17                  IBUF (Prop_ibuf_I_O)         0.431     0.431 r  i_xlnx_clk_gen/inst/clkin1_ibufg/O
                         net (fo=1, routed)           0.480     0.911    i_xlnx_clk_gen/inst/clk_in1_xlnx_clk_gen
    MMCME2_ADV_X1Y2      MMCME2_ADV (Prop_mmcme2_adv_CLKIN1_CLKOUT0)
                                                     -3.407    -2.496 r  i_xlnx_clk_gen/inst/mmcm_adv_inst/CLKOUT0
                         net (fo=1, routed)           0.752    -1.744    i_xlnx_clk_gen/inst/clk_out1_xlnx_clk_gen
    BUFGCTRL_X0Y16       BUFG (Prop_bufg_I_O)         0.029    -1.715 r  i_xlnx_clk_gen/inst/clkout1_buf/O
                         net (fo=20038, routed)       0.904    -0.811    i_axi_dwidth_converter_dm_slave/inst/gen_downsizer.gen_simple_downsizer.axi_downsizer_inst/USE_WRITE.write_addr_inst/cmd_queue/inst/fifo_gen_inst/inst_fifo_gen/gconvfifo.rf/grf.rf/rstblk/ngwrdrst.grst.g7serrst.gnsckt_wrst.rst_wr_reg2_inst/dest_clk
    SLICE_X110Y18        FDPE                                         r  i_axi_dwidth_converter_dm_slave/inst/gen_downsizer.gen_simple_downsizer.axi_downsizer_inst/USE_WRITE.write_addr_inst/cmd_queue/inst/fifo_gen_inst/inst_fifo_gen/gconvfifo.rf/grf.rf/rstblk/ngwrdrst.grst.g7serrst.gnsckt_wrst.rst_wr_reg2_inst/arststages_ff_reg[1]/C

Slack:                    inf
  Source:                 i_rstgen_main/i_rstgen_bypass/synch_regs_q_reg[3]/C
                            (rising edge-triggered cell FDCE clocked by clk_out1_xlnx_clk_gen  {rise@0.000ns fall@10.000ns period=20.000ns})
  Destination:            i_axi_dwidth_converter_dm_slave/inst/gen_downsizer.gen_simple_downsizer.axi_downsizer_inst/USE_READ.read_addr_inst/cmd_queue/inst/fifo_gen_inst/inst_fifo_gen/gconvfifo.rf/grf.rf/rstblk/ngwrdrst.grst.g7serrst.gnsckt_wrst.rst_wr_reg2_inst/arststages_ff_reg[0]/PRE
                            (removal check against rising-edge clock clk_out1_xlnx_clk_gen  {rise@0.000ns fall@10.000ns period=20.000ns})
  Path Group:             (none)
  Path Type:              Removal (Min at Fast Process Corner)
  Data Path Delay:        1.748ns  (logic 0.186ns (10.643%)  route 1.562ns (89.357%))
  Logic Levels:           1  (LUT1=1)
  Clock Path Skew:        -0.188ns (DCD - SCD - CPR)
    Destination Clock Delay (DCD):    -0.812ns
    Source Clock Delay      (SCD):    -0.625ns
    Clock Pessimism Removal (CPR):    -0.000ns
  Clock Uncertainty:      0.079ns  ((TSJ^2 + DJ^2)^1/2) / 2 + PE
    Total System Jitter     (TSJ):    0.071ns
    Discrete Jitter          (DJ):    0.142ns
    Phase Error              (PE):    0.000ns
  Timing Exception:       False Path

    Location             Delay type                Incr(ns)  Path(ns)    Netlist Resource(s)
  -------------------------------------------------------------------    -------------------
                         (clock clk_out1_xlnx_clk_gen rise edge)
                                                      0.000     0.000 r  
    K17                                               0.000     0.000 r  clk_sys (IN)
                         net (fo=0)                   0.000     0.000    i_xlnx_clk_gen/inst/clk_in1
    K17                  IBUF (Prop_ibuf_I_O)         0.243     0.243 r  i_xlnx_clk_gen/inst/clkin1_ibufg/O
                         net (fo=1, routed)           0.440     0.683    i_xlnx_clk_gen/inst/clk_in1_xlnx_clk_gen
    MMCME2_ADV_X1Y2      MMCME2_ADV (Prop_mmcme2_adv_CLKIN1_CLKOUT0)
                                                     -2.613    -1.930 r  i_xlnx_clk_gen/inst/mmcm_adv_inst/CLKOUT0
                         net (fo=1, routed)           0.696    -1.233    i_xlnx_clk_gen/inst/clk_out1_xlnx_clk_gen
    BUFGCTRL_X0Y16       BUFG (Prop_bufg_I_O)         0.026    -1.207 r  i_xlnx_clk_gen/inst/clkout1_buf/O
                         net (fo=20038, routed)       0.583    -0.625    i_rstgen_main/i_rstgen_bypass/clk_out1
    SLICE_X88Y18         FDCE                                         r  i_rstgen_main/i_rstgen_bypass/synch_regs_q_reg[3]/C
  -------------------------------------------------------------------    -------------------
    SLICE_X88Y18         FDCE (Prop_fdce_C_Q)         0.141    -0.484 r  i_rstgen_main/i_rstgen_bypass/synch_regs_q_reg[3]/Q
                         net (fo=19, routed)          1.115     0.631    i_axi_dwidth_converter_dm_slave/inst/gen_downsizer.gen_simple_downsizer.axi_downsizer_inst/USE_WRITE.write_addr_inst/USE_B_CHANNEL.cmd_b_queue/inst/out
    SLICE_X111Y13        LUT1 (Prop_lut1_I0_O)        0.045     0.676 f  i_axi_dwidth_converter_dm_slave/inst/gen_downsizer.gen_simple_downsizer.axi_downsizer_inst/USE_WRITE.write_addr_inst/USE_B_CHANNEL.cmd_b_queue/inst/S_AXI_AREADY_I_i_1/O
                         net (fo=165, routed)         0.447     1.123    i_axi_dwidth_converter_dm_slave/inst/gen_downsizer.gen_simple_downsizer.axi_downsizer_inst/USE_READ.read_addr_inst/cmd_queue/inst/fifo_gen_inst/inst_fifo_gen/gconvfifo.rf/grf.rf/rstblk/ngwrdrst.grst.g7serrst.gnsckt_wrst.rst_wr_reg2_inst/src_arst
    SLICE_X107Y18        FDPE                                         f  i_axi_dwidth_converter_dm_slave/inst/gen_downsizer.gen_simple_downsizer.axi_downsizer_inst/USE_READ.read_addr_inst/cmd_queue/inst/fifo_gen_inst/inst_fifo_gen/gconvfifo.rf/grf.rf/rstblk/ngwrdrst.grst.g7serrst.gnsckt_wrst.rst_wr_reg2_inst/arststages_ff_reg[0]/PRE
  -------------------------------------------------------------------    -------------------

                         (clock clk_out1_xlnx_clk_gen rise edge)
                                                      0.000     0.000 r  
    K17                                               0.000     0.000 r  clk_sys (IN)
                         net (fo=0)                   0.000     0.000    i_xlnx_clk_gen/inst/clk_in1
    K17                  IBUF (Prop_ibuf_I_O)         0.431     0.431 r  i_xlnx_clk_gen/inst/clkin1_ibufg/O
                         net (fo=1, routed)           0.480     0.911    i_xlnx_clk_gen/inst/clk_in1_xlnx_clk_gen
    MMCME2_ADV_X1Y2      MMCME2_ADV (Prop_mmcme2_adv_CLKIN1_CLKOUT0)
                                                     -3.407    -2.496 r  i_xlnx_clk_gen/inst/mmcm_adv_inst/CLKOUT0
                         net (fo=1, routed)           0.752    -1.744    i_xlnx_clk_gen/inst/clk_out1_xlnx_clk_gen
    BUFGCTRL_X0Y16       BUFG (Prop_bufg_I_O)         0.029    -1.715 r  i_xlnx_clk_gen/inst/clkout1_buf/O
                         net (fo=20038, routed)       0.903    -0.812    i_axi_dwidth_converter_dm_slave/inst/gen_downsizer.gen_simple_downsizer.axi_downsizer_inst/USE_READ.read_addr_inst/cmd_queue/inst/fifo_gen_inst/inst_fifo_gen/gconvfifo.rf/grf.rf/rstblk/ngwrdrst.grst.g7serrst.gnsckt_wrst.rst_wr_reg2_inst/dest_clk
    SLICE_X107Y18        FDPE                                         r  i_axi_dwidth_converter_dm_slave/inst/gen_downsizer.gen_simple_downsizer.axi_downsizer_inst/USE_READ.read_addr_inst/cmd_queue/inst/fifo_gen_inst/inst_fifo_gen/gconvfifo.rf/grf.rf/rstblk/ngwrdrst.grst.g7serrst.gnsckt_wrst.rst_wr_reg2_inst/arststages_ff_reg[0]/C

Slack:                    inf
  Source:                 i_rstgen_main/i_rstgen_bypass/synch_regs_q_reg[3]/C
                            (rising edge-triggered cell FDCE clocked by clk_out1_xlnx_clk_gen  {rise@0.000ns fall@10.000ns period=20.000ns})
  Destination:            i_axi_dwidth_converter_dm_slave/inst/gen_downsizer.gen_simple_downsizer.axi_downsizer_inst/USE_READ.read_addr_inst/cmd_queue/inst/fifo_gen_inst/inst_fifo_gen/gconvfifo.rf/grf.rf/rstblk/ngwrdrst.grst.g7serrst.gnsckt_wrst.rst_wr_reg2_inst/arststages_ff_reg[1]/PRE
                            (removal check against rising-edge clock clk_out1_xlnx_clk_gen  {rise@0.000ns fall@10.000ns period=20.000ns})
  Path Group:             (none)
  Path Type:              Removal (Min at Fast Process Corner)
  Data Path Delay:        1.748ns  (logic 0.186ns (10.643%)  route 1.562ns (89.357%))
  Logic Levels:           1  (LUT1=1)
  Clock Path Skew:        -0.188ns (DCD - SCD - CPR)
    Destination Clock Delay (DCD):    -0.812ns
    Source Clock Delay      (SCD):    -0.625ns
    Clock Pessimism Removal (CPR):    -0.000ns
  Clock Uncertainty:      0.079ns  ((TSJ^2 + DJ^2)^1/2) / 2 + PE
    Total System Jitter     (TSJ):    0.071ns
    Discrete Jitter          (DJ):    0.142ns
    Phase Error              (PE):    0.000ns
  Timing Exception:       False Path

    Location             Delay type                Incr(ns)  Path(ns)    Netlist Resource(s)
  -------------------------------------------------------------------    -------------------
                         (clock clk_out1_xlnx_clk_gen rise edge)
                                                      0.000     0.000 r  
    K17                                               0.000     0.000 r  clk_sys (IN)
                         net (fo=0)                   0.000     0.000    i_xlnx_clk_gen/inst/clk_in1
    K17                  IBUF (Prop_ibuf_I_O)         0.243     0.243 r  i_xlnx_clk_gen/inst/clkin1_ibufg/O
                         net (fo=1, routed)           0.440     0.683    i_xlnx_clk_gen/inst/clk_in1_xlnx_clk_gen
    MMCME2_ADV_X1Y2      MMCME2_ADV (Prop_mmcme2_adv_CLKIN1_CLKOUT0)
                                                     -2.613    -1.930 r  i_xlnx_clk_gen/inst/mmcm_adv_inst/CLKOUT0
                         net (fo=1, routed)           0.696    -1.233    i_xlnx_clk_gen/inst/clk_out1_xlnx_clk_gen
    BUFGCTRL_X0Y16       BUFG (Prop_bufg_I_O)         0.026    -1.207 r  i_xlnx_clk_gen/inst/clkout1_buf/O
                         net (fo=20038, routed)       0.583    -0.625    i_rstgen_main/i_rstgen_bypass/clk_out1
    SLICE_X88Y18         FDCE                                         r  i_rstgen_main/i_rstgen_bypass/synch_regs_q_reg[3]/C
  -------------------------------------------------------------------    -------------------
    SLICE_X88Y18         FDCE (Prop_fdce_C_Q)         0.141    -0.484 r  i_rstgen_main/i_rstgen_bypass/synch_regs_q_reg[3]/Q
                         net (fo=19, routed)          1.115     0.631    i_axi_dwidth_converter_dm_slave/inst/gen_downsizer.gen_simple_downsizer.axi_downsizer_inst/USE_WRITE.write_addr_inst/USE_B_CHANNEL.cmd_b_queue/inst/out
    SLICE_X111Y13        LUT1 (Prop_lut1_I0_O)        0.045     0.676 f  i_axi_dwidth_converter_dm_slave/inst/gen_downsizer.gen_simple_downsizer.axi_downsizer_inst/USE_WRITE.write_addr_inst/USE_B_CHANNEL.cmd_b_queue/inst/S_AXI_AREADY_I_i_1/O
                         net (fo=165, routed)         0.447     1.123    i_axi_dwidth_converter_dm_slave/inst/gen_downsizer.gen_simple_downsizer.axi_downsizer_inst/USE_READ.read_addr_inst/cmd_queue/inst/fifo_gen_inst/inst_fifo_gen/gconvfifo.rf/grf.rf/rstblk/ngwrdrst.grst.g7serrst.gnsckt_wrst.rst_wr_reg2_inst/src_arst
    SLICE_X107Y18        FDPE                                         f  i_axi_dwidth_converter_dm_slave/inst/gen_downsizer.gen_simple_downsizer.axi_downsizer_inst/USE_READ.read_addr_inst/cmd_queue/inst/fifo_gen_inst/inst_fifo_gen/gconvfifo.rf/grf.rf/rstblk/ngwrdrst.grst.g7serrst.gnsckt_wrst.rst_wr_reg2_inst/arststages_ff_reg[1]/PRE
  -------------------------------------------------------------------    -------------------

                         (clock clk_out1_xlnx_clk_gen rise edge)
                                                      0.000     0.000 r  
    K17                                               0.000     0.000 r  clk_sys (IN)
                         net (fo=0)                   0.000     0.000    i_xlnx_clk_gen/inst/clk_in1
    K17                  IBUF (Prop_ibuf_I_O)         0.431     0.431 r  i_xlnx_clk_gen/inst/clkin1_ibufg/O
                         net (fo=1, routed)           0.480     0.911    i_xlnx_clk_gen/inst/clk_in1_xlnx_clk_gen
    MMCME2_ADV_X1Y2      MMCME2_ADV (Prop_mmcme2_adv_CLKIN1_CLKOUT0)
                                                     -3.407    -2.496 r  i_xlnx_clk_gen/inst/mmcm_adv_inst/CLKOUT0
                         net (fo=1, routed)           0.752    -1.744    i_xlnx_clk_gen/inst/clk_out1_xlnx_clk_gen
    BUFGCTRL_X0Y16       BUFG (Prop_bufg_I_O)         0.029    -1.715 r  i_xlnx_clk_gen/inst/clkout1_buf/O
                         net (fo=20038, routed)       0.903    -0.812    i_axi_dwidth_converter_dm_slave/inst/gen_downsizer.gen_simple_downsizer.axi_downsizer_inst/USE_READ.read_addr_inst/cmd_queue/inst/fifo_gen_inst/inst_fifo_gen/gconvfifo.rf/grf.rf/rstblk/ngwrdrst.grst.g7serrst.gnsckt_wrst.rst_wr_reg2_inst/dest_clk
    SLICE_X107Y18        FDPE                                         r  i_axi_dwidth_converter_dm_slave/inst/gen_downsizer.gen_simple_downsizer.axi_downsizer_inst/USE_READ.read_addr_inst/cmd_queue/inst/fifo_gen_inst/inst_fifo_gen/gconvfifo.rf/grf.rf/rstblk/ngwrdrst.grst.g7serrst.gnsckt_wrst.rst_wr_reg2_inst/arststages_ff_reg[1]/C





--------------------------------------------------------------------------------------
Path Group:  (none)
From Clock:  
  To Clock:  tck

Max Delay           258 Endpoints
Min Delay           258 Endpoints
--------------------------------------------------------------------------------------


Max Delay Paths
--------------------------------------------------------------------------------------
Slack:                    inf
  Source:                 trst_n
                            (input port)
  Destination:            i_dmi_jtag/dr_q_reg[15]/CLR
                            (recovery check against rising-edge clock tck  {rise@0.000ns fall@50.000ns period=100.000ns})
  Path Group:             (none)
  Path Type:              Recovery (Max at Slow Process Corner)
  Data Path Delay:        7.317ns  (logic 1.694ns (23.154%)  route 5.623ns (76.846%))
  Logic Levels:           2  (IBUF=1 LUT1=1)
  Clock Path Skew:        6.335ns (DCD - SCD + CPR)
    Destination Clock Delay (DCD):    6.335ns
    Source Clock Delay      (SCD):    0.000ns
    Clock Pessimism Removal (CPR):    0.000ns
  Clock Uncertainty:      0.501ns  ((TSJ^2 + TIJ^2)^1/2 + DJ) / 2 + PE
    Total System Jitter     (TSJ):    0.050ns
    Total Input Jitter      (TIJ):    1.000ns
    Discrete Jitter          (DJ):    0.000ns
    Phase Error              (PE):    0.000ns
  Timing Exception:       False Path

    Location             Delay type                Incr(ns)  Path(ns)    Netlist Resource(s)
  -------------------------------------------------------------------    -------------------
    V13                                               0.000     0.000 r  trst_n (IN)
                         net (fo=0)                   0.000     0.000    trst_n
    V13                  IBUF (Prop_ibuf_I_O)         1.570     1.570 r  trst_n_IBUF_inst/O
                         net (fo=1, routed)           1.244     2.814    i_dmi_jtag/i_dmi_jtag_tap/trst_n_IBUF
    SLICE_X113Y90        LUT1 (Prop_lut1_I0_O)        0.124     2.938 f  i_dmi_jtag/i_dmi_jtag_tap/FSM_onehot_tap_state_q[15]_i_2/O
                         net (fo=258, routed)         4.379     7.317    i_dmi_jtag/i_dmi_jtag_tap_n_1
    SLICE_X110Y35        FDCE                                         f  i_dmi_jtag/dr_q_reg[15]/CLR
  -------------------------------------------------------------------    -------------------

                         (clock tck rise edge)        0.000     0.000 r  
    H15                                               0.000     0.000 r  tck (IN)
                         net (fo=0)                   0.000     0.000    tck
    H15                  IBUF (Prop_ibuf_I_O)         1.430     1.430 r  tck_IBUF_inst/O
                         net (fo=1, routed)           3.120     4.550    tck_IBUF
    BUFGCTRL_X0Y0        BUFG (Prop_bufg_I_O)         0.091     4.641 r  tck_IBUF_BUFG_inst/O
                         net (fo=258, routed)         1.694     6.335    i_dmi_jtag/CLK
    SLICE_X110Y35        FDCE                                         r  i_dmi_jtag/dr_q_reg[15]/C

Slack:                    inf
  Source:                 trst_n
                            (input port)
  Destination:            i_dmi_jtag/dr_q_reg[16]/CLR
                            (recovery check against rising-edge clock tck  {rise@0.000ns fall@50.000ns period=100.000ns})
  Path Group:             (none)
  Path Type:              Recovery (Max at Slow Process Corner)
  Data Path Delay:        7.317ns  (logic 1.694ns (23.154%)  route 5.623ns (76.846%))
  Logic Levels:           2  (IBUF=1 LUT1=1)
  Clock Path Skew:        6.335ns (DCD - SCD + CPR)
    Destination Clock Delay (DCD):    6.335ns
    Source Clock Delay      (SCD):    0.000ns
    Clock Pessimism Removal (CPR):    0.000ns
  Clock Uncertainty:      0.501ns  ((TSJ^2 + TIJ^2)^1/2 + DJ) / 2 + PE
    Total System Jitter     (TSJ):    0.050ns
    Total Input Jitter      (TIJ):    1.000ns
    Discrete Jitter          (DJ):    0.000ns
    Phase Error              (PE):    0.000ns
  Timing Exception:       False Path

    Location             Delay type                Incr(ns)  Path(ns)    Netlist Resource(s)
  -------------------------------------------------------------------    -------------------
    V13                                               0.000     0.000 r  trst_n (IN)
                         net (fo=0)                   0.000     0.000    trst_n
    V13                  IBUF (Prop_ibuf_I_O)         1.570     1.570 r  trst_n_IBUF_inst/O
                         net (fo=1, routed)           1.244     2.814    i_dmi_jtag/i_dmi_jtag_tap/trst_n_IBUF
    SLICE_X113Y90        LUT1 (Prop_lut1_I0_O)        0.124     2.938 f  i_dmi_jtag/i_dmi_jtag_tap/FSM_onehot_tap_state_q[15]_i_2/O
                         net (fo=258, routed)         4.379     7.317    i_dmi_jtag/i_dmi_jtag_tap_n_1
    SLICE_X110Y35        FDCE                                         f  i_dmi_jtag/dr_q_reg[16]/CLR
  -------------------------------------------------------------------    -------------------

                         (clock tck rise edge)        0.000     0.000 r  
    H15                                               0.000     0.000 r  tck (IN)
                         net (fo=0)                   0.000     0.000    tck
    H15                  IBUF (Prop_ibuf_I_O)         1.430     1.430 r  tck_IBUF_inst/O
                         net (fo=1, routed)           3.120     4.550    tck_IBUF
    BUFGCTRL_X0Y0        BUFG (Prop_bufg_I_O)         0.091     4.641 r  tck_IBUF_BUFG_inst/O
                         net (fo=258, routed)         1.694     6.335    i_dmi_jtag/CLK
    SLICE_X110Y35        FDCE                                         r  i_dmi_jtag/dr_q_reg[16]/C

Slack:                    inf
  Source:                 trst_n
                            (input port)
  Destination:            i_dmi_jtag/dr_q_reg[17]/CLR
                            (recovery check against rising-edge clock tck  {rise@0.000ns fall@50.000ns period=100.000ns})
  Path Group:             (none)
  Path Type:              Recovery (Max at Slow Process Corner)
  Data Path Delay:        7.317ns  (logic 1.694ns (23.154%)  route 5.623ns (76.846%))
  Logic Levels:           2  (IBUF=1 LUT1=1)
  Clock Path Skew:        6.335ns (DCD - SCD + CPR)
    Destination Clock Delay (DCD):    6.335ns
    Source Clock Delay      (SCD):    0.000ns
    Clock Pessimism Removal (CPR):    0.000ns
  Clock Uncertainty:      0.501ns  ((TSJ^2 + TIJ^2)^1/2 + DJ) / 2 + PE
    Total System Jitter     (TSJ):    0.050ns
    Total Input Jitter      (TIJ):    1.000ns
    Discrete Jitter          (DJ):    0.000ns
    Phase Error              (PE):    0.000ns
  Timing Exception:       False Path

    Location             Delay type                Incr(ns)  Path(ns)    Netlist Resource(s)
  -------------------------------------------------------------------    -------------------
    V13                                               0.000     0.000 r  trst_n (IN)
                         net (fo=0)                   0.000     0.000    trst_n
    V13                  IBUF (Prop_ibuf_I_O)         1.570     1.570 r  trst_n_IBUF_inst/O
                         net (fo=1, routed)           1.244     2.814    i_dmi_jtag/i_dmi_jtag_tap/trst_n_IBUF
    SLICE_X113Y90        LUT1 (Prop_lut1_I0_O)        0.124     2.938 f  i_dmi_jtag/i_dmi_jtag_tap/FSM_onehot_tap_state_q[15]_i_2/O
                         net (fo=258, routed)         4.379     7.317    i_dmi_jtag/i_dmi_jtag_tap_n_1
    SLICE_X110Y35        FDCE                                         f  i_dmi_jtag/dr_q_reg[17]/CLR
  -------------------------------------------------------------------    -------------------

                         (clock tck rise edge)        0.000     0.000 r  
    H15                                               0.000     0.000 r  tck (IN)
                         net (fo=0)                   0.000     0.000    tck
    H15                  IBUF (Prop_ibuf_I_O)         1.430     1.430 r  tck_IBUF_inst/O
                         net (fo=1, routed)           3.120     4.550    tck_IBUF
    BUFGCTRL_X0Y0        BUFG (Prop_bufg_I_O)         0.091     4.641 r  tck_IBUF_BUFG_inst/O
                         net (fo=258, routed)         1.694     6.335    i_dmi_jtag/CLK
    SLICE_X110Y35        FDCE                                         r  i_dmi_jtag/dr_q_reg[17]/C

Slack:                    inf
  Source:                 trst_n
                            (input port)
  Destination:            i_dmi_jtag/data_q_reg[13]/CLR
                            (recovery check against rising-edge clock tck  {rise@0.000ns fall@50.000ns period=100.000ns})
  Path Group:             (none)
  Path Type:              Recovery (Max at Slow Process Corner)
  Data Path Delay:        7.178ns  (logic 1.694ns (23.601%)  route 5.484ns (76.399%))
  Logic Levels:           2  (IBUF=1 LUT1=1)
  Clock Path Skew:        6.334ns (DCD - SCD + CPR)
    Destination Clock Delay (DCD):    6.334ns
    Source Clock Delay      (SCD):    0.000ns
    Clock Pessimism Removal (CPR):    0.000ns
  Clock Uncertainty:      0.501ns  ((TSJ^2 + TIJ^2)^1/2 + DJ) / 2 + PE
    Total System Jitter     (TSJ):    0.050ns
    Total Input Jitter      (TIJ):    1.000ns
    Discrete Jitter          (DJ):    0.000ns
    Phase Error              (PE):    0.000ns
  Timing Exception:       False Path

    Location             Delay type                Incr(ns)  Path(ns)    Netlist Resource(s)
  -------------------------------------------------------------------    -------------------
    V13                                               0.000     0.000 r  trst_n (IN)
                         net (fo=0)                   0.000     0.000    trst_n
    V13                  IBUF (Prop_ibuf_I_O)         1.570     1.570 r  trst_n_IBUF_inst/O
                         net (fo=1, routed)           1.244     2.814    i_dmi_jtag/i_dmi_jtag_tap/trst_n_IBUF
    SLICE_X113Y90        LUT1 (Prop_lut1_I0_O)        0.124     2.938 f  i_dmi_jtag/i_dmi_jtag_tap/FSM_onehot_tap_state_q[15]_i_2/O
                         net (fo=258, routed)         4.240     7.178    i_dmi_jtag/i_dmi_jtag_tap_n_1
    SLICE_X110Y34        FDCE                                         f  i_dmi_jtag/data_q_reg[13]/CLR
  -------------------------------------------------------------------    -------------------

                         (clock tck rise edge)        0.000     0.000 r  
    H15                                               0.000     0.000 r  tck (IN)
                         net (fo=0)                   0.000     0.000    tck
    H15                  IBUF (Prop_ibuf_I_O)         1.430     1.430 r  tck_IBUF_inst/O
                         net (fo=1, routed)           3.120     4.550    tck_IBUF
    BUFGCTRL_X0Y0        BUFG (Prop_bufg_I_O)         0.091     4.641 r  tck_IBUF_BUFG_inst/O
                         net (fo=258, routed)         1.693     6.334    i_dmi_jtag/CLK
    SLICE_X110Y34        FDCE                                         r  i_dmi_jtag/data_q_reg[13]/C

Slack:                    inf
  Source:                 trst_n
                            (input port)
  Destination:            i_dmi_jtag/data_q_reg[14]/CLR
                            (recovery check against rising-edge clock tck  {rise@0.000ns fall@50.000ns period=100.000ns})
  Path Group:             (none)
  Path Type:              Recovery (Max at Slow Process Corner)
  Data Path Delay:        7.178ns  (logic 1.694ns (23.601%)  route 5.484ns (76.399%))
  Logic Levels:           2  (IBUF=1 LUT1=1)
  Clock Path Skew:        6.334ns (DCD - SCD + CPR)
    Destination Clock Delay (DCD):    6.334ns
    Source Clock Delay      (SCD):    0.000ns
    Clock Pessimism Removal (CPR):    0.000ns
  Clock Uncertainty:      0.501ns  ((TSJ^2 + TIJ^2)^1/2 + DJ) / 2 + PE
    Total System Jitter     (TSJ):    0.050ns
    Total Input Jitter      (TIJ):    1.000ns
    Discrete Jitter          (DJ):    0.000ns
    Phase Error              (PE):    0.000ns
  Timing Exception:       False Path

    Location             Delay type                Incr(ns)  Path(ns)    Netlist Resource(s)
  -------------------------------------------------------------------    -------------------
    V13                                               0.000     0.000 r  trst_n (IN)
                         net (fo=0)                   0.000     0.000    trst_n
    V13                  IBUF (Prop_ibuf_I_O)         1.570     1.570 r  trst_n_IBUF_inst/O
                         net (fo=1, routed)           1.244     2.814    i_dmi_jtag/i_dmi_jtag_tap/trst_n_IBUF
    SLICE_X113Y90        LUT1 (Prop_lut1_I0_O)        0.124     2.938 f  i_dmi_jtag/i_dmi_jtag_tap/FSM_onehot_tap_state_q[15]_i_2/O
                         net (fo=258, routed)         4.240     7.178    i_dmi_jtag/i_dmi_jtag_tap_n_1
    SLICE_X110Y34        FDCE                                         f  i_dmi_jtag/data_q_reg[14]/CLR
  -------------------------------------------------------------------    -------------------

                         (clock tck rise edge)        0.000     0.000 r  
    H15                                               0.000     0.000 r  tck (IN)
                         net (fo=0)                   0.000     0.000    tck
    H15                  IBUF (Prop_ibuf_I_O)         1.430     1.430 r  tck_IBUF_inst/O
                         net (fo=1, routed)           3.120     4.550    tck_IBUF
    BUFGCTRL_X0Y0        BUFG (Prop_bufg_I_O)         0.091     4.641 r  tck_IBUF_BUFG_inst/O
                         net (fo=258, routed)         1.693     6.334    i_dmi_jtag/CLK
    SLICE_X110Y34        FDCE                                         r  i_dmi_jtag/data_q_reg[14]/C

Slack:                    inf
  Source:                 trst_n
                            (input port)
  Destination:            i_dmi_jtag/data_q_reg[2]/CLR
                            (recovery check against rising-edge clock tck  {rise@0.000ns fall@50.000ns period=100.000ns})
  Path Group:             (none)
  Path Type:              Recovery (Max at Slow Process Corner)
  Data Path Delay:        7.178ns  (logic 1.694ns (23.601%)  route 5.484ns (76.399%))
  Logic Levels:           2  (IBUF=1 LUT1=1)
  Clock Path Skew:        6.334ns (DCD - SCD + CPR)
    Destination Clock Delay (DCD):    6.334ns
    Source Clock Delay      (SCD):    0.000ns
    Clock Pessimism Removal (CPR):    0.000ns
  Clock Uncertainty:      0.501ns  ((TSJ^2 + TIJ^2)^1/2 + DJ) / 2 + PE
    Total System Jitter     (TSJ):    0.050ns
    Total Input Jitter      (TIJ):    1.000ns
    Discrete Jitter          (DJ):    0.000ns
    Phase Error              (PE):    0.000ns
  Timing Exception:       False Path

    Location             Delay type                Incr(ns)  Path(ns)    Netlist Resource(s)
  -------------------------------------------------------------------    -------------------
    V13                                               0.000     0.000 r  trst_n (IN)
                         net (fo=0)                   0.000     0.000    trst_n
    V13                  IBUF (Prop_ibuf_I_O)         1.570     1.570 r  trst_n_IBUF_inst/O
                         net (fo=1, routed)           1.244     2.814    i_dmi_jtag/i_dmi_jtag_tap/trst_n_IBUF
    SLICE_X113Y90        LUT1 (Prop_lut1_I0_O)        0.124     2.938 f  i_dmi_jtag/i_dmi_jtag_tap/FSM_onehot_tap_state_q[15]_i_2/O
                         net (fo=258, routed)         4.240     7.178    i_dmi_jtag/i_dmi_jtag_tap_n_1
    SLICE_X110Y34        FDCE                                         f  i_dmi_jtag/data_q_reg[2]/CLR
  -------------------------------------------------------------------    -------------------

                         (clock tck rise edge)        0.000     0.000 r  
    H15                                               0.000     0.000 r  tck (IN)
                         net (fo=0)                   0.000     0.000    tck
    H15                  IBUF (Prop_ibuf_I_O)         1.430     1.430 r  tck_IBUF_inst/O
                         net (fo=1, routed)           3.120     4.550    tck_IBUF
    BUFGCTRL_X0Y0        BUFG (Prop_bufg_I_O)         0.091     4.641 r  tck_IBUF_BUFG_inst/O
                         net (fo=258, routed)         1.693     6.334    i_dmi_jtag/CLK
    SLICE_X110Y34        FDCE                                         r  i_dmi_jtag/data_q_reg[2]/C

Slack:                    inf
  Source:                 trst_n
                            (input port)
  Destination:            i_dmi_jtag/dr_q_reg[14]/CLR
                            (recovery check against rising-edge clock tck  {rise@0.000ns fall@50.000ns period=100.000ns})
  Path Group:             (none)
  Path Type:              Recovery (Max at Slow Process Corner)
  Data Path Delay:        7.174ns  (logic 1.694ns (23.615%)  route 5.480ns (76.385%))
  Logic Levels:           2  (IBUF=1 LUT1=1)
  Clock Path Skew:        6.334ns (DCD - SCD + CPR)
    Destination Clock Delay (DCD):    6.334ns
    Source Clock Delay      (SCD):    0.000ns
    Clock Pessimism Removal (CPR):    0.000ns
  Clock Uncertainty:      0.501ns  ((TSJ^2 + TIJ^2)^1/2 + DJ) / 2 + PE
    Total System Jitter     (TSJ):    0.050ns
    Total Input Jitter      (TIJ):    1.000ns
    Discrete Jitter          (DJ):    0.000ns
    Phase Error              (PE):    0.000ns
  Timing Exception:       False Path

    Location             Delay type                Incr(ns)  Path(ns)    Netlist Resource(s)
  -------------------------------------------------------------------    -------------------
    V13                                               0.000     0.000 r  trst_n (IN)
                         net (fo=0)                   0.000     0.000    trst_n
    V13                  IBUF (Prop_ibuf_I_O)         1.570     1.570 r  trst_n_IBUF_inst/O
                         net (fo=1, routed)           1.244     2.814    i_dmi_jtag/i_dmi_jtag_tap/trst_n_IBUF
    SLICE_X113Y90        LUT1 (Prop_lut1_I0_O)        0.124     2.938 f  i_dmi_jtag/i_dmi_jtag_tap/FSM_onehot_tap_state_q[15]_i_2/O
                         net (fo=258, routed)         4.236     7.174    i_dmi_jtag/i_dmi_jtag_tap_n_1
    SLICE_X111Y34        FDCE                                         f  i_dmi_jtag/dr_q_reg[14]/CLR
  -------------------------------------------------------------------    -------------------

                         (clock tck rise edge)        0.000     0.000 r  
    H15                                               0.000     0.000 r  tck (IN)
                         net (fo=0)                   0.000     0.000    tck
    H15                  IBUF (Prop_ibuf_I_O)         1.430     1.430 r  tck_IBUF_inst/O
                         net (fo=1, routed)           3.120     4.550    tck_IBUF
    BUFGCTRL_X0Y0        BUFG (Prop_bufg_I_O)         0.091     4.641 r  tck_IBUF_BUFG_inst/O
                         net (fo=258, routed)         1.693     6.334    i_dmi_jtag/CLK
    SLICE_X111Y34        FDCE                                         r  i_dmi_jtag/dr_q_reg[14]/C

Slack:                    inf
  Source:                 trst_n
                            (input port)
  Destination:            i_dmi_jtag/dr_q_reg[2]/CLR
                            (recovery check against rising-edge clock tck  {rise@0.000ns fall@50.000ns period=100.000ns})
  Path Group:             (none)
  Path Type:              Recovery (Max at Slow Process Corner)
  Data Path Delay:        7.174ns  (logic 1.694ns (23.615%)  route 5.480ns (76.385%))
  Logic Levels:           2  (IBUF=1 LUT1=1)
  Clock Path Skew:        6.334ns (DCD - SCD + CPR)
    Destination Clock Delay (DCD):    6.334ns
    Source Clock Delay      (SCD):    0.000ns
    Clock Pessimism Removal (CPR):    0.000ns
  Clock Uncertainty:      0.501ns  ((TSJ^2 + TIJ^2)^1/2 + DJ) / 2 + PE
    Total System Jitter     (TSJ):    0.050ns
    Total Input Jitter      (TIJ):    1.000ns
    Discrete Jitter          (DJ):    0.000ns
    Phase Error              (PE):    0.000ns
  Timing Exception:       False Path

    Location             Delay type                Incr(ns)  Path(ns)    Netlist Resource(s)
  -------------------------------------------------------------------    -------------------
    V13                                               0.000     0.000 r  trst_n (IN)
                         net (fo=0)                   0.000     0.000    trst_n
    V13                  IBUF (Prop_ibuf_I_O)         1.570     1.570 r  trst_n_IBUF_inst/O
                         net (fo=1, routed)           1.244     2.814    i_dmi_jtag/i_dmi_jtag_tap/trst_n_IBUF
    SLICE_X113Y90        LUT1 (Prop_lut1_I0_O)        0.124     2.938 f  i_dmi_jtag/i_dmi_jtag_tap/FSM_onehot_tap_state_q[15]_i_2/O
                         net (fo=258, routed)         4.236     7.174    i_dmi_jtag/i_dmi_jtag_tap_n_1
    SLICE_X111Y34        FDCE                                         f  i_dmi_jtag/dr_q_reg[2]/CLR
  -------------------------------------------------------------------    -------------------

                         (clock tck rise edge)        0.000     0.000 r  
    H15                                               0.000     0.000 r  tck (IN)
                         net (fo=0)                   0.000     0.000    tck
    H15                  IBUF (Prop_ibuf_I_O)         1.430     1.430 r  tck_IBUF_inst/O
                         net (fo=1, routed)           3.120     4.550    tck_IBUF
    BUFGCTRL_X0Y0        BUFG (Prop_bufg_I_O)         0.091     4.641 r  tck_IBUF_BUFG_inst/O
                         net (fo=258, routed)         1.693     6.334    i_dmi_jtag/CLK
    SLICE_X111Y34        FDCE                                         r  i_dmi_jtag/dr_q_reg[2]/C

Slack:                    inf
  Source:                 trst_n
                            (input port)
  Destination:            i_dmi_jtag/dr_q_reg[3]/CLR
                            (recovery check against rising-edge clock tck  {rise@0.000ns fall@50.000ns period=100.000ns})
  Path Group:             (none)
  Path Type:              Recovery (Max at Slow Process Corner)
  Data Path Delay:        7.174ns  (logic 1.694ns (23.615%)  route 5.480ns (76.385%))
  Logic Levels:           2  (IBUF=1 LUT1=1)
  Clock Path Skew:        6.334ns (DCD - SCD + CPR)
    Destination Clock Delay (DCD):    6.334ns
    Source Clock Delay      (SCD):    0.000ns
    Clock Pessimism Removal (CPR):    0.000ns
  Clock Uncertainty:      0.501ns  ((TSJ^2 + TIJ^2)^1/2 + DJ) / 2 + PE
    Total System Jitter     (TSJ):    0.050ns
    Total Input Jitter      (TIJ):    1.000ns
    Discrete Jitter          (DJ):    0.000ns
    Phase Error              (PE):    0.000ns
  Timing Exception:       False Path

    Location             Delay type                Incr(ns)  Path(ns)    Netlist Resource(s)
  -------------------------------------------------------------------    -------------------
    V13                                               0.000     0.000 r  trst_n (IN)
                         net (fo=0)                   0.000     0.000    trst_n
    V13                  IBUF (Prop_ibuf_I_O)         1.570     1.570 r  trst_n_IBUF_inst/O
                         net (fo=1, routed)           1.244     2.814    i_dmi_jtag/i_dmi_jtag_tap/trst_n_IBUF
    SLICE_X113Y90        LUT1 (Prop_lut1_I0_O)        0.124     2.938 f  i_dmi_jtag/i_dmi_jtag_tap/FSM_onehot_tap_state_q[15]_i_2/O
                         net (fo=258, routed)         4.236     7.174    i_dmi_jtag/i_dmi_jtag_tap_n_1
    SLICE_X111Y34        FDCE                                         f  i_dmi_jtag/dr_q_reg[3]/CLR
  -------------------------------------------------------------------    -------------------

                         (clock tck rise edge)        0.000     0.000 r  
    H15                                               0.000     0.000 r  tck (IN)
                         net (fo=0)                   0.000     0.000    tck
    H15                  IBUF (Prop_ibuf_I_O)         1.430     1.430 r  tck_IBUF_inst/O
                         net (fo=1, routed)           3.120     4.550    tck_IBUF
    BUFGCTRL_X0Y0        BUFG (Prop_bufg_I_O)         0.091     4.641 r  tck_IBUF_BUFG_inst/O
                         net (fo=258, routed)         1.693     6.334    i_dmi_jtag/CLK
    SLICE_X111Y34        FDCE                                         r  i_dmi_jtag/dr_q_reg[3]/C

Slack:                    inf
  Source:                 trst_n
                            (input port)
  Destination:            i_dmi_jtag/i_dmi_cdc/i_cdc_req/i_src/data_src_q_reg[data][11]/CLR
                            (recovery check against rising-edge clock tck  {rise@0.000ns fall@50.000ns period=100.000ns})
  Path Group:             (none)
  Path Type:              Recovery (Max at Slow Process Corner)
  Data Path Delay:        7.137ns  (logic 1.694ns (23.739%)  route 5.443ns (76.261%))
  Logic Levels:           2  (IBUF=1 LUT1=1)
  Clock Path Skew:        6.331ns (DCD - SCD + CPR)
    Destination Clock Delay (DCD):    6.331ns
    Source Clock Delay      (SCD):    0.000ns
    Clock Pessimism Removal (CPR):    0.000ns
  Clock Uncertainty:      0.501ns  ((TSJ^2 + TIJ^2)^1/2 + DJ) / 2 + PE
    Total System Jitter     (TSJ):    0.050ns
    Total Input Jitter      (TIJ):    1.000ns
    Discrete Jitter          (DJ):    0.000ns
    Phase Error              (PE):    0.000ns
  Timing Exception:       False Path

    Location             Delay type                Incr(ns)  Path(ns)    Netlist Resource(s)
  -------------------------------------------------------------------    -------------------
    V13                                               0.000     0.000 r  trst_n (IN)
                         net (fo=0)                   0.000     0.000    trst_n
    V13                  IBUF (Prop_ibuf_I_O)         1.570     1.570 r  trst_n_IBUF_inst/O
                         net (fo=1, routed)           1.244     2.814    i_dmi_jtag/i_dmi_jtag_tap/trst_n_IBUF
    SLICE_X113Y90        LUT1 (Prop_lut1_I0_O)        0.124     2.938 f  i_dmi_jtag/i_dmi_jtag_tap/FSM_onehot_tap_state_q[15]_i_2/O
                         net (fo=258, routed)         4.199     7.137    i_dmi_jtag/i_dmi_cdc/i_cdc_req/i_src/data_src_q_reg[data][0]_0
    SLICE_X107Y33        FDCE                                         f  i_dmi_jtag/i_dmi_cdc/i_cdc_req/i_src/data_src_q_reg[data][11]/CLR
  -------------------------------------------------------------------    -------------------

                         (clock tck rise edge)        0.000     0.000 r  
    H15                                               0.000     0.000 r  tck (IN)
                         net (fo=0)                   0.000     0.000    tck
    H15                  IBUF (Prop_ibuf_I_O)         1.430     1.430 r  tck_IBUF_inst/O
                         net (fo=1, routed)           3.120     4.550    tck_IBUF
    BUFGCTRL_X0Y0        BUFG (Prop_bufg_I_O)         0.091     4.641 r  tck_IBUF_BUFG_inst/O
                         net (fo=258, routed)         1.690     6.331    i_dmi_jtag/i_dmi_cdc/i_cdc_req/i_src/CLK
    SLICE_X107Y33        FDCE                                         r  i_dmi_jtag/i_dmi_cdc/i_cdc_req/i_src/data_src_q_reg[data][11]/C





Min Delay Paths
--------------------------------------------------------------------------------------
Slack:                    inf
  Source:                 trst_n
                            (input port)
  Destination:            i_dmi_jtag/i_dmi_jtag_tap/td_o_reg/CLR
                            (removal check against rising-edge clock tck  {rise@0.000ns fall@50.000ns period=100.000ns})
  Path Group:             (none)
  Path Type:              Removal (Min at Fast Process Corner)
  Data Path Delay:        1.380ns  (logic 0.382ns (27.678%)  route 0.998ns (72.322%))
  Logic Levels:           2  (IBUF=1 LUT1=1)
  Clock Path Skew:        3.148ns (DCD - SCD - CPR)
    Destination Clock Delay (DCD):    3.148ns = ( 53.148 - 50.000 ) 
    Source Clock Delay      (SCD):    0.000ns
    Clock Pessimism Removal (CPR):    -0.000ns
  Timing Exception:       False Path

    Location             Delay type                Incr(ns)  Path(ns)    Netlist Resource(s)
  -------------------------------------------------------------------    -------------------
    V13                                               0.000     0.000 r  trst_n (IN)
                         net (fo=0)                   0.000     0.000    trst_n
    V13                  IBUF (Prop_ibuf_I_O)         0.337     0.337 r  trst_n_IBUF_inst/O
                         net (fo=1, routed)           0.471     0.808    i_dmi_jtag/i_dmi_jtag_tap/trst_n_IBUF
    SLICE_X113Y90        LUT1 (Prop_lut1_I0_O)        0.045     0.853 f  i_dmi_jtag/i_dmi_jtag_tap/FSM_onehot_tap_state_q[15]_i_2/O
                         net (fo=258, routed)         0.527     1.380    i_dmi_jtag/i_dmi_jtag_tap/trst_n
    SLICE_X112Y68        FDCE                                         f  i_dmi_jtag/i_dmi_jtag_tap/td_o_reg/CLR
  -------------------------------------------------------------------    -------------------

                         (clock tck fall edge)       50.000    50.000 f  
    H15                                               0.000    50.000 f  tck (IN)
                         net (fo=0)                   0.000    50.000    tck
    H15                  IBUF (Prop_ibuf_I_O)         0.456    50.456 f  tck_IBUF_inst/O
                         net (fo=1, routed)           1.762    52.218    tck_IBUF
    BUFGCTRL_X0Y0        BUFG (Prop_bufg_I_O)         0.029    52.247 f  tck_IBUF_BUFG_inst/O
                         net (fo=258, routed)         0.901    53.148    i_dmi_jtag/i_dmi_jtag_tap/tck_ni
    SLICE_X112Y68        FDCE                                         r  i_dmi_jtag/i_dmi_jtag_tap/td_o_reg/C  (IS_INVERTED)

Slack:                    inf
  Source:                 trst_n
                            (input port)
  Destination:            i_dmi_jtag/i_dmi_jtag_tap/idcode_q_reg[6]/PRE
                            (removal check against rising-edge clock tck  {rise@0.000ns fall@50.000ns period=100.000ns})
  Path Group:             (none)
  Path Type:              Removal (Min at Fast Process Corner)
  Data Path Delay:        1.631ns  (logic 0.382ns (23.433%)  route 1.248ns (76.567%))
  Logic Levels:           2  (IBUF=1 LUT1=1)
  Clock Path Skew:        3.157ns (DCD - SCD - CPR)
    Destination Clock Delay (DCD):    3.157ns
    Source Clock Delay      (SCD):    0.000ns
    Clock Pessimism Removal (CPR):    -0.000ns
  Timing Exception:       False Path

    Location             Delay type                Incr(ns)  Path(ns)    Netlist Resource(s)
  -------------------------------------------------------------------    -------------------
    V13                                               0.000     0.000 r  trst_n (IN)
                         net (fo=0)                   0.000     0.000    trst_n
    V13                  IBUF (Prop_ibuf_I_O)         0.337     0.337 r  trst_n_IBUF_inst/O
                         net (fo=1, routed)           0.471     0.808    i_dmi_jtag/i_dmi_jtag_tap/trst_n_IBUF
    SLICE_X113Y90        LUT1 (Prop_lut1_I0_O)        0.045     0.853 f  i_dmi_jtag/i_dmi_jtag_tap/FSM_onehot_tap_state_q[15]_i_2/O
                         net (fo=258, routed)         0.777     1.631    i_dmi_jtag/i_dmi_jtag_tap/trst_n
    SLICE_X111Y55        FDPE                                         f  i_dmi_jtag/i_dmi_jtag_tap/idcode_q_reg[6]/PRE
  -------------------------------------------------------------------    -------------------

                         (clock tck rise edge)        0.000     0.000 r  
    H15                                               0.000     0.000 r  tck (IN)
                         net (fo=0)                   0.000     0.000    tck
    H15                  IBUF (Prop_ibuf_I_O)         0.456     0.456 r  tck_IBUF_inst/O
                         net (fo=1, routed)           1.762     2.218    tck_IBUF
    BUFGCTRL_X0Y0        BUFG (Prop_bufg_I_O)         0.029     2.247 r  tck_IBUF_BUFG_inst/O
                         net (fo=258, routed)         0.910     3.157    i_dmi_jtag/i_dmi_jtag_tap/CLK
    SLICE_X111Y55        FDPE                                         r  i_dmi_jtag/i_dmi_jtag_tap/idcode_q_reg[6]/C

Slack:                    inf
  Source:                 trst_n
                            (input port)
  Destination:            i_dmi_jtag/i_dmi_jtag_tap/idcode_q_reg[7]/PRE
                            (removal check against rising-edge clock tck  {rise@0.000ns fall@50.000ns period=100.000ns})
  Path Group:             (none)
  Path Type:              Removal (Min at Fast Process Corner)
  Data Path Delay:        1.631ns  (logic 0.382ns (23.433%)  route 1.248ns (76.567%))
  Logic Levels:           2  (IBUF=1 LUT1=1)
  Clock Path Skew:        3.157ns (DCD - SCD - CPR)
    Destination Clock Delay (DCD):    3.157ns
    Source Clock Delay      (SCD):    0.000ns
    Clock Pessimism Removal (CPR):    -0.000ns
  Timing Exception:       False Path

    Location             Delay type                Incr(ns)  Path(ns)    Netlist Resource(s)
  -------------------------------------------------------------------    -------------------
    V13                                               0.000     0.000 r  trst_n (IN)
                         net (fo=0)                   0.000     0.000    trst_n
    V13                  IBUF (Prop_ibuf_I_O)         0.337     0.337 r  trst_n_IBUF_inst/O
                         net (fo=1, routed)           0.471     0.808    i_dmi_jtag/i_dmi_jtag_tap/trst_n_IBUF
    SLICE_X113Y90        LUT1 (Prop_lut1_I0_O)        0.045     0.853 f  i_dmi_jtag/i_dmi_jtag_tap/FSM_onehot_tap_state_q[15]_i_2/O
                         net (fo=258, routed)         0.777     1.631    i_dmi_jtag/i_dmi_jtag_tap/trst_n
    SLICE_X111Y55        FDPE                                         f  i_dmi_jtag/i_dmi_jtag_tap/idcode_q_reg[7]/PRE
  -------------------------------------------------------------------    -------------------

                         (clock tck rise edge)        0.000     0.000 r  
    H15                                               0.000     0.000 r  tck (IN)
                         net (fo=0)                   0.000     0.000    tck
    H15                  IBUF (Prop_ibuf_I_O)         0.456     0.456 r  tck_IBUF_inst/O
                         net (fo=1, routed)           1.762     2.218    tck_IBUF
    BUFGCTRL_X0Y0        BUFG (Prop_bufg_I_O)         0.029     2.247 r  tck_IBUF_BUFG_inst/O
                         net (fo=258, routed)         0.910     3.157    i_dmi_jtag/i_dmi_jtag_tap/CLK
    SLICE_X111Y55        FDPE                                         r  i_dmi_jtag/i_dmi_jtag_tap/idcode_q_reg[7]/C

Slack:                    inf
  Source:                 trst_n
                            (input port)
  Destination:            i_dmi_jtag/i_dmi_jtag_tap/idcode_q_reg[8]/PRE
                            (removal check against rising-edge clock tck  {rise@0.000ns fall@50.000ns period=100.000ns})
  Path Group:             (none)
  Path Type:              Removal (Min at Fast Process Corner)
  Data Path Delay:        1.631ns  (logic 0.382ns (23.433%)  route 1.248ns (76.567%))
  Logic Levels:           2  (IBUF=1 LUT1=1)
  Clock Path Skew:        3.157ns (DCD - SCD - CPR)
    Destination Clock Delay (DCD):    3.157ns
    Source Clock Delay      (SCD):    0.000ns
    Clock Pessimism Removal (CPR):    -0.000ns
  Timing Exception:       False Path

    Location             Delay type                Incr(ns)  Path(ns)    Netlist Resource(s)
  -------------------------------------------------------------------    -------------------
    V13                                               0.000     0.000 r  trst_n (IN)
                         net (fo=0)                   0.000     0.000    trst_n
    V13                  IBUF (Prop_ibuf_I_O)         0.337     0.337 r  trst_n_IBUF_inst/O
                         net (fo=1, routed)           0.471     0.808    i_dmi_jtag/i_dmi_jtag_tap/trst_n_IBUF
    SLICE_X113Y90        LUT1 (Prop_lut1_I0_O)        0.045     0.853 f  i_dmi_jtag/i_dmi_jtag_tap/FSM_onehot_tap_state_q[15]_i_2/O
                         net (fo=258, routed)         0.777     1.631    i_dmi_jtag/i_dmi_jtag_tap/trst_n
    SLICE_X111Y55        FDPE                                         f  i_dmi_jtag/i_dmi_jtag_tap/idcode_q_reg[8]/PRE
  -------------------------------------------------------------------    -------------------

                         (clock tck rise edge)        0.000     0.000 r  
    H15                                               0.000     0.000 r  tck (IN)
                         net (fo=0)                   0.000     0.000    tck
    H15                  IBUF (Prop_ibuf_I_O)         0.456     0.456 r  tck_IBUF_inst/O
                         net (fo=1, routed)           1.762     2.218    tck_IBUF
    BUFGCTRL_X0Y0        BUFG (Prop_bufg_I_O)         0.029     2.247 r  tck_IBUF_BUFG_inst/O
                         net (fo=258, routed)         0.910     3.157    i_dmi_jtag/i_dmi_jtag_tap/CLK
    SLICE_X111Y55        FDPE                                         r  i_dmi_jtag/i_dmi_jtag_tap/idcode_q_reg[8]/C

Slack:                    inf
  Source:                 trst_n
                            (input port)
  Destination:            i_dmi_jtag/i_dmi_jtag_tap/idcode_q_reg[9]/CLR
                            (removal check against rising-edge clock tck  {rise@0.000ns fall@50.000ns period=100.000ns})
  Path Group:             (none)
  Path Type:              Removal (Min at Fast Process Corner)
  Data Path Delay:        1.631ns  (logic 0.382ns (23.433%)  route 1.248ns (76.567%))
  Logic Levels:           2  (IBUF=1 LUT1=1)
  Clock Path Skew:        3.157ns (DCD - SCD - CPR)
    Destination Clock Delay (DCD):    3.157ns
    Source Clock Delay      (SCD):    0.000ns
    Clock Pessimism Removal (CPR):    -0.000ns
  Timing Exception:       False Path

    Location             Delay type                Incr(ns)  Path(ns)    Netlist Resource(s)
  -------------------------------------------------------------------    -------------------
    V13                                               0.000     0.000 r  trst_n (IN)
                         net (fo=0)                   0.000     0.000    trst_n
    V13                  IBUF (Prop_ibuf_I_O)         0.337     0.337 r  trst_n_IBUF_inst/O
                         net (fo=1, routed)           0.471     0.808    i_dmi_jtag/i_dmi_jtag_tap/trst_n_IBUF
    SLICE_X113Y90        LUT1 (Prop_lut1_I0_O)        0.045     0.853 f  i_dmi_jtag/i_dmi_jtag_tap/FSM_onehot_tap_state_q[15]_i_2/O
                         net (fo=258, routed)         0.777     1.631    i_dmi_jtag/i_dmi_jtag_tap/trst_n
    SLICE_X111Y55        FDCE                                         f  i_dmi_jtag/i_dmi_jtag_tap/idcode_q_reg[9]/CLR
  -------------------------------------------------------------------    -------------------

                         (clock tck rise edge)        0.000     0.000 r  
    H15                                               0.000     0.000 r  tck (IN)
                         net (fo=0)                   0.000     0.000    tck
    H15                  IBUF (Prop_ibuf_I_O)         0.456     0.456 r  tck_IBUF_inst/O
                         net (fo=1, routed)           1.762     2.218    tck_IBUF
    BUFGCTRL_X0Y0        BUFG (Prop_bufg_I_O)         0.029     2.247 r  tck_IBUF_BUFG_inst/O
                         net (fo=258, routed)         0.910     3.157    i_dmi_jtag/i_dmi_jtag_tap/CLK
    SLICE_X111Y55        FDCE                                         r  i_dmi_jtag/i_dmi_jtag_tap/idcode_q_reg[9]/C

Slack:                    inf
  Source:                 trst_n
                            (input port)
  Destination:            i_dmi_jtag/i_dmi_jtag_tap/idcode_q_reg[31]/CLR
                            (removal check against rising-edge clock tck  {rise@0.000ns fall@50.000ns period=100.000ns})
  Path Group:             (none)
  Path Type:              Removal (Min at Fast Process Corner)
  Data Path Delay:        1.635ns  (logic 0.382ns (23.371%)  route 1.253ns (76.629%))
  Logic Levels:           2  (IBUF=1 LUT1=1)
  Clock Path Skew:        3.157ns (DCD - SCD - CPR)
    Destination Clock Delay (DCD):    3.157ns
    Source Clock Delay      (SCD):    0.000ns
    Clock Pessimism Removal (CPR):    -0.000ns
  Timing Exception:       False Path

    Location             Delay type                Incr(ns)  Path(ns)    Netlist Resource(s)
  -------------------------------------------------------------------    -------------------
    V13                                               0.000     0.000 r  trst_n (IN)
                         net (fo=0)                   0.000     0.000    trst_n
    V13                  IBUF (Prop_ibuf_I_O)         0.337     0.337 r  trst_n_IBUF_inst/O
                         net (fo=1, routed)           0.471     0.808    i_dmi_jtag/i_dmi_jtag_tap/trst_n_IBUF
    SLICE_X113Y90        LUT1 (Prop_lut1_I0_O)        0.045     0.853 f  i_dmi_jtag/i_dmi_jtag_tap/FSM_onehot_tap_state_q[15]_i_2/O
                         net (fo=258, routed)         0.782     1.635    i_dmi_jtag/i_dmi_jtag_tap/trst_n
    SLICE_X110Y55        FDCE                                         f  i_dmi_jtag/i_dmi_jtag_tap/idcode_q_reg[31]/CLR
  -------------------------------------------------------------------    -------------------

                         (clock tck rise edge)        0.000     0.000 r  
    H15                                               0.000     0.000 r  tck (IN)
                         net (fo=0)                   0.000     0.000    tck
    H15                  IBUF (Prop_ibuf_I_O)         0.456     0.456 r  tck_IBUF_inst/O
                         net (fo=1, routed)           1.762     2.218    tck_IBUF
    BUFGCTRL_X0Y0        BUFG (Prop_bufg_I_O)         0.029     2.247 r  tck_IBUF_BUFG_inst/O
                         net (fo=258, routed)         0.910     3.157    i_dmi_jtag/i_dmi_jtag_tap/CLK
    SLICE_X110Y55        FDCE                                         r  i_dmi_jtag/i_dmi_jtag_tap/idcode_q_reg[31]/C

Slack:                    inf
  Source:                 trst_n
                            (input port)
  Destination:            i_dmi_jtag/i_dmi_jtag_tap/idcode_q_reg[3]/CLR
                            (removal check against rising-edge clock tck  {rise@0.000ns fall@50.000ns period=100.000ns})
  Path Group:             (none)
  Path Type:              Removal (Min at Fast Process Corner)
  Data Path Delay:        1.635ns  (logic 0.382ns (23.371%)  route 1.253ns (76.629%))
  Logic Levels:           2  (IBUF=1 LUT1=1)
  Clock Path Skew:        3.157ns (DCD - SCD - CPR)
    Destination Clock Delay (DCD):    3.157ns
    Source Clock Delay      (SCD):    0.000ns
    Clock Pessimism Removal (CPR):    -0.000ns
  Timing Exception:       False Path

    Location             Delay type                Incr(ns)  Path(ns)    Netlist Resource(s)
  -------------------------------------------------------------------    -------------------
    V13                                               0.000     0.000 r  trst_n (IN)
                         net (fo=0)                   0.000     0.000    trst_n
    V13                  IBUF (Prop_ibuf_I_O)         0.337     0.337 r  trst_n_IBUF_inst/O
                         net (fo=1, routed)           0.471     0.808    i_dmi_jtag/i_dmi_jtag_tap/trst_n_IBUF
    SLICE_X113Y90        LUT1 (Prop_lut1_I0_O)        0.045     0.853 f  i_dmi_jtag/i_dmi_jtag_tap/FSM_onehot_tap_state_q[15]_i_2/O
                         net (fo=258, routed)         0.782     1.635    i_dmi_jtag/i_dmi_jtag_tap/trst_n
    SLICE_X110Y55        FDCE                                         f  i_dmi_jtag/i_dmi_jtag_tap/idcode_q_reg[3]/CLR
  -------------------------------------------------------------------    -------------------

                         (clock tck rise edge)        0.000     0.000 r  
    H15                                               0.000     0.000 r  tck (IN)
                         net (fo=0)                   0.000     0.000    tck
    H15                  IBUF (Prop_ibuf_I_O)         0.456     0.456 r  tck_IBUF_inst/O
                         net (fo=1, routed)           1.762     2.218    tck_IBUF
    BUFGCTRL_X0Y0        BUFG (Prop_bufg_I_O)         0.029     2.247 r  tck_IBUF_BUFG_inst/O
                         net (fo=258, routed)         0.910     3.157    i_dmi_jtag/i_dmi_jtag_tap/CLK
    SLICE_X110Y55        FDCE                                         r  i_dmi_jtag/i_dmi_jtag_tap/idcode_q_reg[3]/C

Slack:                    inf
  Source:                 trst_n
                            (input port)
  Destination:            i_dmi_jtag/i_dmi_jtag_tap/idcode_q_reg[4]/CLR
                            (removal check against rising-edge clock tck  {rise@0.000ns fall@50.000ns period=100.000ns})
  Path Group:             (none)
  Path Type:              Removal (Min at Fast Process Corner)
  Data Path Delay:        1.635ns  (logic 0.382ns (23.371%)  route 1.253ns (76.629%))
  Logic Levels:           2  (IBUF=1 LUT1=1)
  Clock Path Skew:        3.157ns (DCD - SCD - CPR)
    Destination Clock Delay (DCD):    3.157ns
    Source Clock Delay      (SCD):    0.000ns
    Clock Pessimism Removal (CPR):    -0.000ns
  Timing Exception:       False Path

    Location             Delay type                Incr(ns)  Path(ns)    Netlist Resource(s)
  -------------------------------------------------------------------    -------------------
    V13                                               0.000     0.000 r  trst_n (IN)
                         net (fo=0)                   0.000     0.000    trst_n
    V13                  IBUF (Prop_ibuf_I_O)         0.337     0.337 r  trst_n_IBUF_inst/O
                         net (fo=1, routed)           0.471     0.808    i_dmi_jtag/i_dmi_jtag_tap/trst_n_IBUF
    SLICE_X113Y90        LUT1 (Prop_lut1_I0_O)        0.045     0.853 f  i_dmi_jtag/i_dmi_jtag_tap/FSM_onehot_tap_state_q[15]_i_2/O
                         net (fo=258, routed)         0.782     1.635    i_dmi_jtag/i_dmi_jtag_tap/trst_n
    SLICE_X110Y55        FDCE                                         f  i_dmi_jtag/i_dmi_jtag_tap/idcode_q_reg[4]/CLR
  -------------------------------------------------------------------    -------------------

                         (clock tck rise edge)        0.000     0.000 r  
    H15                                               0.000     0.000 r  tck (IN)
                         net (fo=0)                   0.000     0.000    tck
    H15                  IBUF (Prop_ibuf_I_O)         0.456     0.456 r  tck_IBUF_inst/O
                         net (fo=1, routed)           1.762     2.218    tck_IBUF
    BUFGCTRL_X0Y0        BUFG (Prop_bufg_I_O)         0.029     2.247 r  tck_IBUF_BUFG_inst/O
                         net (fo=258, routed)         0.910     3.157    i_dmi_jtag/i_dmi_jtag_tap/CLK
    SLICE_X110Y55        FDCE                                         r  i_dmi_jtag/i_dmi_jtag_tap/idcode_q_reg[4]/C

Slack:                    inf
  Source:                 trst_n
                            (input port)
  Destination:            i_dmi_jtag/i_dmi_jtag_tap/idcode_q_reg[5]/CLR
                            (removal check against rising-edge clock tck  {rise@0.000ns fall@50.000ns period=100.000ns})
  Path Group:             (none)
  Path Type:              Removal (Min at Fast Process Corner)
  Data Path Delay:        1.635ns  (logic 0.382ns (23.371%)  route 1.253ns (76.629%))
  Logic Levels:           2  (IBUF=1 LUT1=1)
  Clock Path Skew:        3.157ns (DCD - SCD - CPR)
    Destination Clock Delay (DCD):    3.157ns
    Source Clock Delay      (SCD):    0.000ns
    Clock Pessimism Removal (CPR):    -0.000ns
  Timing Exception:       False Path

    Location             Delay type                Incr(ns)  Path(ns)    Netlist Resource(s)
  -------------------------------------------------------------------    -------------------
    V13                                               0.000     0.000 r  trst_n (IN)
                         net (fo=0)                   0.000     0.000    trst_n
    V13                  IBUF (Prop_ibuf_I_O)         0.337     0.337 r  trst_n_IBUF_inst/O
                         net (fo=1, routed)           0.471     0.808    i_dmi_jtag/i_dmi_jtag_tap/trst_n_IBUF
    SLICE_X113Y90        LUT1 (Prop_lut1_I0_O)        0.045     0.853 f  i_dmi_jtag/i_dmi_jtag_tap/FSM_onehot_tap_state_q[15]_i_2/O
                         net (fo=258, routed)         0.782     1.635    i_dmi_jtag/i_dmi_jtag_tap/trst_n
    SLICE_X110Y55        FDCE                                         f  i_dmi_jtag/i_dmi_jtag_tap/idcode_q_reg[5]/CLR
  -------------------------------------------------------------------    -------------------

                         (clock tck rise edge)        0.000     0.000 r  
    H15                                               0.000     0.000 r  tck (IN)
                         net (fo=0)                   0.000     0.000    tck
    H15                  IBUF (Prop_ibuf_I_O)         0.456     0.456 r  tck_IBUF_inst/O
                         net (fo=1, routed)           1.762     2.218    tck_IBUF
    BUFGCTRL_X0Y0        BUFG (Prop_bufg_I_O)         0.029     2.247 r  tck_IBUF_BUFG_inst/O
                         net (fo=258, routed)         0.910     3.157    i_dmi_jtag/i_dmi_jtag_tap/CLK
    SLICE_X110Y55        FDCE                                         r  i_dmi_jtag/i_dmi_jtag_tap/idcode_q_reg[5]/C

Slack:                    inf
  Source:                 trst_n
                            (input port)
  Destination:            i_dmi_jtag/i_dmi_jtag_tap/idcode_q_reg[20]/PRE
                            (removal check against rising-edge clock tck  {rise@0.000ns fall@50.000ns period=100.000ns})
  Path Group:             (none)
  Path Type:              Removal (Min at Fast Process Corner)
  Data Path Delay:        1.698ns  (logic 0.382ns (22.500%)  route 1.316ns (77.500%))
  Logic Levels:           2  (IBUF=1 LUT1=1)
  Clock Path Skew:        3.157ns (DCD - SCD - CPR)
    Destination Clock Delay (DCD):    3.157ns
    Source Clock Delay      (SCD):    0.000ns
    Clock Pessimism Removal (CPR):    -0.000ns
  Timing Exception:       False Path

    Location             Delay type                Incr(ns)  Path(ns)    Netlist Resource(s)
  -------------------------------------------------------------------    -------------------
    V13                                               0.000     0.000 r  trst_n (IN)
                         net (fo=0)                   0.000     0.000    trst_n
    V13                  IBUF (Prop_ibuf_I_O)         0.337     0.337 r  trst_n_IBUF_inst/O
                         net (fo=1, routed)           0.471     0.808    i_dmi_jtag/i_dmi_jtag_tap/trst_n_IBUF
    SLICE_X113Y90        LUT1 (Prop_lut1_I0_O)        0.045     0.853 f  i_dmi_jtag/i_dmi_jtag_tap/FSM_onehot_tap_state_q[15]_i_2/O
                         net (fo=258, routed)         0.845     1.698    i_dmi_jtag/i_dmi_jtag_tap/trst_n
    SLICE_X110Y56        FDPE                                         f  i_dmi_jtag/i_dmi_jtag_tap/idcode_q_reg[20]/PRE
  -------------------------------------------------------------------    -------------------

                         (clock tck rise edge)        0.000     0.000 r  
    H15                                               0.000     0.000 r  tck (IN)
                         net (fo=0)                   0.000     0.000    tck
    H15                  IBUF (Prop_ibuf_I_O)         0.456     0.456 r  tck_IBUF_inst/O
                         net (fo=1, routed)           1.762     2.218    tck_IBUF
    BUFGCTRL_X0Y0        BUFG (Prop_bufg_I_O)         0.029     2.247 r  tck_IBUF_BUFG_inst/O
                         net (fo=258, routed)         0.910     3.157    i_dmi_jtag/i_dmi_jtag_tap/CLK
    SLICE_X110Y56        FDPE                                         r  i_dmi_jtag/i_dmi_jtag_tap/idcode_q_reg[20]/C





--------------------------------------------------------------------------------------
Path Group:  (none)
From Clock:  clk_out1_xlnx_clk_gen
  To Clock:  tck

Max Delay             0 Endpoints
Min Delay            36 Endpoints
--------------------------------------------------------------------------------------


Min Delay Paths
--------------------------------------------------------------------------------------
Slack:                    inf
  Source:                 i_dmi_jtag/i_dmi_cdc/i_cdc_resp/i_src/data_src_q_reg[resp][0]/C
                            (rising edge-triggered cell FDCE clocked by clk_out1_xlnx_clk_gen  {rise@0.000ns fall@10.000ns period=20.000ns})
  Destination:            i_dmi_jtag/i_dmi_cdc/i_cdc_resp/i_dst/data_dst_q_reg[resp][0]/D
                            (rising edge-triggered cell FDCE clocked by tck  {rise@0.000ns fall@50.000ns period=100.000ns})
  Path Group:             (none)
  Path Type:              Hold (Min at Slow Process Corner)
  Data Path Delay:        0.626ns  (logic 0.337ns (53.867%)  route 0.289ns (46.133%))
  Logic Levels:           0  
  Clock Path Skew:        8.583ns (DCD - SCD - CPR)
    Destination Clock Delay (DCD):    7.137ns
    Source Clock Delay      (SCD):    -1.446ns
    Clock Pessimism Removal (CPR):    -0.000ns
  Clock Uncertainty:      0.603ns  ((TSJ^2 + TIJ^2 + DJ^2)^1/2) / 2 + PE
    Total System Jitter     (TSJ):    0.071ns
    Total Input Jitter      (TIJ):    1.000ns
    Discrete Jitter          (DJ):    0.142ns
    Phase Error              (PE):    0.097ns
  Timing Exception:       False Path

    Location             Delay type                Incr(ns)  Path(ns)    Netlist Resource(s)
  -------------------------------------------------------------------    -------------------
                         (clock clk_out1_xlnx_clk_gen rise edge)
                                                      0.000     0.000 r  
    K17                                               0.000     0.000 r  clk_sys (IN)
                         net (fo=0)                   0.000     0.000    i_xlnx_clk_gen/inst/clk_in1
    K17                  IBUF (Prop_ibuf_I_O)         1.404     1.404 r  i_xlnx_clk_gen/inst/clkin1_ibufg/O
                         net (fo=1, routed)           1.162     2.566    i_xlnx_clk_gen/inst/clk_in1_xlnx_clk_gen
    MMCME2_ADV_X1Y2      MMCME2_ADV (Prop_mmcme2_adv_CLKIN1_CLKOUT0)
                                                     -7.814    -5.248 r  i_xlnx_clk_gen/inst/mmcm_adv_inst/CLKOUT0
                         net (fo=1, routed)           2.012    -3.236    i_xlnx_clk_gen/inst/clk_out1_xlnx_clk_gen
    BUFGCTRL_X0Y16       BUFG (Prop_bufg_I_O)         0.091    -3.145 r  i_xlnx_clk_gen/inst/clkout1_buf/O
                         net (fo=20038, routed)       1.699    -1.446    i_dmi_jtag/i_dmi_cdc/i_cdc_resp/i_src/clk_out1
    SLICE_X107Y42        FDCE                                         r  i_dmi_jtag/i_dmi_cdc/i_cdc_resp/i_src/data_src_q_reg[resp][0]/C
  -------------------------------------------------------------------    -------------------
    SLICE_X107Y42        FDCE (Prop_fdce_C_Q)         0.337    -1.109 r  i_dmi_jtag/i_dmi_cdc/i_cdc_resp/i_src/data_src_q_reg[resp][0]/Q
                         net (fo=1, routed)           0.289    -0.820    i_dmi_jtag/i_dmi_cdc/i_cdc_resp/i_dst/data_dst_q_reg[resp][1]_0[0]
    SLICE_X107Y41        FDCE                                         r  i_dmi_jtag/i_dmi_cdc/i_cdc_resp/i_dst/data_dst_q_reg[resp][0]/D
  -------------------------------------------------------------------    -------------------

                         (clock tck rise edge)        0.000     0.000 r  
    H15                                               0.000     0.000 r  tck (IN)
                         net (fo=0)                   0.000     0.000    tck
    H15                  IBUF (Prop_ibuf_I_O)         1.500     1.500 r  tck_IBUF_inst/O
                         net (fo=1, routed)           3.659     5.159    tck_IBUF
    BUFGCTRL_X0Y0        BUFG (Prop_bufg_I_O)         0.101     5.260 r  tck_IBUF_BUFG_inst/O
                         net (fo=258, routed)         1.877     7.137    i_dmi_jtag/i_dmi_cdc/i_cdc_resp/i_dst/CLK
    SLICE_X107Y41        FDCE                                         r  i_dmi_jtag/i_dmi_cdc/i_cdc_resp/i_dst/data_dst_q_reg[resp][0]/C

Slack:                    inf
  Source:                 i_dmi_jtag/i_dmi_cdc/i_cdc_resp/i_src/data_src_q_reg[data][14]/C
                            (rising edge-triggered cell FDCE clocked by clk_out1_xlnx_clk_gen  {rise@0.000ns fall@10.000ns period=20.000ns})
  Destination:            i_dmi_jtag/i_dmi_cdc/i_cdc_resp/i_dst/data_dst_q_reg[data][14]/D
                            (rising edge-triggered cell FDCE clocked by tck  {rise@0.000ns fall@50.000ns period=100.000ns})
  Path Group:             (none)
  Path Type:              Hold (Min at Slow Process Corner)
  Data Path Delay:        0.837ns  (logic 0.385ns (45.980%)  route 0.452ns (54.020%))
  Logic Levels:           0  
  Clock Path Skew:        8.656ns (DCD - SCD - CPR)
    Destination Clock Delay (DCD):    7.131ns
    Source Clock Delay      (SCD):    -1.525ns
    Clock Pessimism Removal (CPR):    -0.000ns
  Clock Uncertainty:      0.603ns  ((TSJ^2 + TIJ^2 + DJ^2)^1/2) / 2 + PE
    Total System Jitter     (TSJ):    0.071ns
    Total Input Jitter      (TIJ):    1.000ns
    Discrete Jitter          (DJ):    0.142ns
    Phase Error              (PE):    0.097ns
  Timing Exception:       False Path

    Location             Delay type                Incr(ns)  Path(ns)    Netlist Resource(s)
  -------------------------------------------------------------------    -------------------
                         (clock clk_out1_xlnx_clk_gen rise edge)
                                                      0.000     0.000 r  
    K17                                               0.000     0.000 r  clk_sys (IN)
                         net (fo=0)                   0.000     0.000    i_xlnx_clk_gen/inst/clk_in1
    K17                  IBUF (Prop_ibuf_I_O)         1.404     1.404 r  i_xlnx_clk_gen/inst/clkin1_ibufg/O
                         net (fo=1, routed)           1.162     2.566    i_xlnx_clk_gen/inst/clk_in1_xlnx_clk_gen
    MMCME2_ADV_X1Y2      MMCME2_ADV (Prop_mmcme2_adv_CLKIN1_CLKOUT0)
                                                     -7.814    -5.248 r  i_xlnx_clk_gen/inst/mmcm_adv_inst/CLKOUT0
                         net (fo=1, routed)           2.012    -3.236    i_xlnx_clk_gen/inst/clk_out1_xlnx_clk_gen
    BUFGCTRL_X0Y16       BUFG (Prop_bufg_I_O)         0.091    -3.145 r  i_xlnx_clk_gen/inst/clkout1_buf/O
                         net (fo=20038, routed)       1.620    -1.525    i_dmi_jtag/i_dmi_cdc/i_cdc_resp/i_src/clk_out1
    SLICE_X104Y34        FDCE                                         r  i_dmi_jtag/i_dmi_cdc/i_cdc_resp/i_src/data_src_q_reg[data][14]/C
  -------------------------------------------------------------------    -------------------
    SLICE_X104Y34        FDCE (Prop_fdce_C_Q)         0.385    -1.140 r  i_dmi_jtag/i_dmi_cdc/i_cdc_resp/i_src/data_src_q_reg[data][14]/Q
                         net (fo=1, routed)           0.452    -0.687    i_dmi_jtag/i_dmi_cdc/i_cdc_resp/i_dst/D[14]
    SLICE_X108Y34        FDCE                                         r  i_dmi_jtag/i_dmi_cdc/i_cdc_resp/i_dst/data_dst_q_reg[data][14]/D
  -------------------------------------------------------------------    -------------------

                         (clock tck rise edge)        0.000     0.000 r  
    H15                                               0.000     0.000 r  tck (IN)
                         net (fo=0)                   0.000     0.000    tck
    H15                  IBUF (Prop_ibuf_I_O)         1.500     1.500 r  tck_IBUF_inst/O
                         net (fo=1, routed)           3.659     5.159    tck_IBUF
    BUFGCTRL_X0Y0        BUFG (Prop_bufg_I_O)         0.101     5.260 r  tck_IBUF_BUFG_inst/O
                         net (fo=258, routed)         1.871     7.131    i_dmi_jtag/i_dmi_cdc/i_cdc_resp/i_dst/CLK
    SLICE_X108Y34        FDCE                                         r  i_dmi_jtag/i_dmi_cdc/i_cdc_resp/i_dst/data_dst_q_reg[data][14]/C

Slack:                    inf
  Source:                 i_dmi_jtag/i_dmi_cdc/i_cdc_resp/i_src/data_src_q_reg[resp][1]/C
                            (rising edge-triggered cell FDCE clocked by clk_out1_xlnx_clk_gen  {rise@0.000ns fall@10.000ns period=20.000ns})
  Destination:            i_dmi_jtag/i_dmi_cdc/i_cdc_resp/i_dst/data_dst_q_reg[resp][1]/D
                            (rising edge-triggered cell FDCE clocked by tck  {rise@0.000ns fall@50.000ns period=100.000ns})
  Path Group:             (none)
  Path Type:              Hold (Min at Slow Process Corner)
  Data Path Delay:        0.762ns  (logic 0.367ns (48.154%)  route 0.395ns (51.846%))
  Logic Levels:           0  
  Clock Path Skew:        8.583ns (DCD - SCD - CPR)
    Destination Clock Delay (DCD):    7.137ns
    Source Clock Delay      (SCD):    -1.446ns
    Clock Pessimism Removal (CPR):    -0.000ns
  Clock Uncertainty:      0.603ns  ((TSJ^2 + TIJ^2 + DJ^2)^1/2) / 2 + PE
    Total System Jitter     (TSJ):    0.071ns
    Total Input Jitter      (TIJ):    1.000ns
    Discrete Jitter          (DJ):    0.142ns
    Phase Error              (PE):    0.097ns
  Timing Exception:       False Path

    Location             Delay type                Incr(ns)  Path(ns)    Netlist Resource(s)
  -------------------------------------------------------------------    -------------------
                         (clock clk_out1_xlnx_clk_gen rise edge)
                                                      0.000     0.000 r  
    K17                                               0.000     0.000 r  clk_sys (IN)
                         net (fo=0)                   0.000     0.000    i_xlnx_clk_gen/inst/clk_in1
    K17                  IBUF (Prop_ibuf_I_O)         1.404     1.404 r  i_xlnx_clk_gen/inst/clkin1_ibufg/O
                         net (fo=1, routed)           1.162     2.566    i_xlnx_clk_gen/inst/clk_in1_xlnx_clk_gen
    MMCME2_ADV_X1Y2      MMCME2_ADV (Prop_mmcme2_adv_CLKIN1_CLKOUT0)
                                                     -7.814    -5.248 r  i_xlnx_clk_gen/inst/mmcm_adv_inst/CLKOUT0
                         net (fo=1, routed)           2.012    -3.236    i_xlnx_clk_gen/inst/clk_out1_xlnx_clk_gen
    BUFGCTRL_X0Y16       BUFG (Prop_bufg_I_O)         0.091    -3.145 r  i_xlnx_clk_gen/inst/clkout1_buf/O
                         net (fo=20038, routed)       1.699    -1.446    i_dmi_jtag/i_dmi_cdc/i_cdc_resp/i_src/clk_out1
    SLICE_X107Y42        FDCE                                         r  i_dmi_jtag/i_dmi_cdc/i_cdc_resp/i_src/data_src_q_reg[resp][1]/C
  -------------------------------------------------------------------    -------------------
    SLICE_X107Y42        FDCE (Prop_fdce_C_Q)         0.367    -1.079 r  i_dmi_jtag/i_dmi_cdc/i_cdc_resp/i_src/data_src_q_reg[resp][1]/Q
                         net (fo=1, routed)           0.395    -0.683    i_dmi_jtag/i_dmi_cdc/i_cdc_resp/i_dst/data_dst_q_reg[resp][1]_0[1]
    SLICE_X107Y41        FDCE                                         r  i_dmi_jtag/i_dmi_cdc/i_cdc_resp/i_dst/data_dst_q_reg[resp][1]/D
  -------------------------------------------------------------------    -------------------

                         (clock tck rise edge)        0.000     0.000 r  
    H15                                               0.000     0.000 r  tck (IN)
                         net (fo=0)                   0.000     0.000    tck
    H15                  IBUF (Prop_ibuf_I_O)         1.500     1.500 r  tck_IBUF_inst/O
                         net (fo=1, routed)           3.659     5.159    tck_IBUF
    BUFGCTRL_X0Y0        BUFG (Prop_bufg_I_O)         0.101     5.260 r  tck_IBUF_BUFG_inst/O
                         net (fo=258, routed)         1.877     7.137    i_dmi_jtag/i_dmi_cdc/i_cdc_resp/i_dst/CLK
    SLICE_X107Y41        FDCE                                         r  i_dmi_jtag/i_dmi_cdc/i_cdc_resp/i_dst/data_dst_q_reg[resp][1]/C

Slack:                    inf
  Source:                 i_dmi_jtag/i_dmi_cdc/i_cdc_resp/i_src/data_src_q_reg[data][20]/C
                            (rising edge-triggered cell FDCE clocked by clk_out1_xlnx_clk_gen  {rise@0.000ns fall@10.000ns period=20.000ns})
  Destination:            i_dmi_jtag/i_dmi_cdc/i_cdc_resp/i_dst/data_dst_q_reg[data][20]/D
                            (rising edge-triggered cell FDCE clocked by tck  {rise@0.000ns fall@50.000ns period=100.000ns})
  Path Group:             (none)
  Path Type:              Hold (Min at Slow Process Corner)
  Data Path Delay:        0.845ns  (logic 0.385ns (45.579%)  route 0.460ns (54.421%))
  Logic Levels:           0  
  Clock Path Skew:        8.658ns (DCD - SCD - CPR)
    Destination Clock Delay (DCD):    7.136ns
    Source Clock Delay      (SCD):    -1.522ns
    Clock Pessimism Removal (CPR):    -0.000ns
  Clock Uncertainty:      0.603ns  ((TSJ^2 + TIJ^2 + DJ^2)^1/2) / 2 + PE
    Total System Jitter     (TSJ):    0.071ns
    Total Input Jitter      (TIJ):    1.000ns
    Discrete Jitter          (DJ):    0.142ns
    Phase Error              (PE):    0.097ns
  Timing Exception:       False Path

    Location             Delay type                Incr(ns)  Path(ns)    Netlist Resource(s)
  -------------------------------------------------------------------    -------------------
                         (clock clk_out1_xlnx_clk_gen rise edge)
                                                      0.000     0.000 r  
    K17                                               0.000     0.000 r  clk_sys (IN)
                         net (fo=0)                   0.000     0.000    i_xlnx_clk_gen/inst/clk_in1
    K17                  IBUF (Prop_ibuf_I_O)         1.404     1.404 r  i_xlnx_clk_gen/inst/clkin1_ibufg/O
                         net (fo=1, routed)           1.162     2.566    i_xlnx_clk_gen/inst/clk_in1_xlnx_clk_gen
    MMCME2_ADV_X1Y2      MMCME2_ADV (Prop_mmcme2_adv_CLKIN1_CLKOUT0)
                                                     -7.814    -5.248 r  i_xlnx_clk_gen/inst/mmcm_adv_inst/CLKOUT0
                         net (fo=1, routed)           2.012    -3.236    i_xlnx_clk_gen/inst/clk_out1_xlnx_clk_gen
    BUFGCTRL_X0Y16       BUFG (Prop_bufg_I_O)         0.091    -3.145 r  i_xlnx_clk_gen/inst/clkout1_buf/O
                         net (fo=20038, routed)       1.623    -1.522    i_dmi_jtag/i_dmi_cdc/i_cdc_resp/i_src/clk_out1
    SLICE_X104Y38        FDCE                                         r  i_dmi_jtag/i_dmi_cdc/i_cdc_resp/i_src/data_src_q_reg[data][20]/C
  -------------------------------------------------------------------    -------------------
    SLICE_X104Y38        FDCE (Prop_fdce_C_Q)         0.385    -1.137 r  i_dmi_jtag/i_dmi_cdc/i_cdc_resp/i_src/data_src_q_reg[data][20]/Q
                         net (fo=1, routed)           0.460    -0.677    i_dmi_jtag/i_dmi_cdc/i_cdc_resp/i_dst/D[20]
    SLICE_X106Y39        FDCE                                         r  i_dmi_jtag/i_dmi_cdc/i_cdc_resp/i_dst/data_dst_q_reg[data][20]/D
  -------------------------------------------------------------------    -------------------

                         (clock tck rise edge)        0.000     0.000 r  
    H15                                               0.000     0.000 r  tck (IN)
                         net (fo=0)                   0.000     0.000    tck
    H15                  IBUF (Prop_ibuf_I_O)         1.500     1.500 r  tck_IBUF_inst/O
                         net (fo=1, routed)           3.659     5.159    tck_IBUF
    BUFGCTRL_X0Y0        BUFG (Prop_bufg_I_O)         0.101     5.260 r  tck_IBUF_BUFG_inst/O
                         net (fo=258, routed)         1.876     7.136    i_dmi_jtag/i_dmi_cdc/i_cdc_resp/i_dst/CLK
    SLICE_X106Y39        FDCE                                         r  i_dmi_jtag/i_dmi_cdc/i_cdc_resp/i_dst/data_dst_q_reg[data][20]/C

Slack:                    inf
  Source:                 i_dmi_jtag/i_dmi_cdc/i_cdc_resp/i_src/data_src_q_reg[data][11]/C
                            (rising edge-triggered cell FDCE clocked by clk_out1_xlnx_clk_gen  {rise@0.000ns fall@10.000ns period=20.000ns})
  Destination:            i_dmi_jtag/i_dmi_cdc/i_cdc_resp/i_dst/data_dst_q_reg[data][11]/D
                            (rising edge-triggered cell FDCE clocked by tck  {rise@0.000ns fall@50.000ns period=100.000ns})
  Path Group:             (none)
  Path Type:              Hold (Min at Slow Process Corner)
  Data Path Delay:        0.867ns  (logic 0.418ns (48.196%)  route 0.449ns (51.804%))
  Logic Levels:           0  
  Clock Path Skew:        8.658ns (DCD - SCD - CPR)
    Destination Clock Delay (DCD):    7.129ns
    Source Clock Delay      (SCD):    -1.529ns
    Clock Pessimism Removal (CPR):    -0.000ns
  Clock Uncertainty:      0.603ns  ((TSJ^2 + TIJ^2 + DJ^2)^1/2) / 2 + PE
    Total System Jitter     (TSJ):    0.071ns
    Total Input Jitter      (TIJ):    1.000ns
    Discrete Jitter          (DJ):    0.142ns
    Phase Error              (PE):    0.097ns
  Timing Exception:       False Path

    Location             Delay type                Incr(ns)  Path(ns)    Netlist Resource(s)
  -------------------------------------------------------------------    -------------------
                         (clock clk_out1_xlnx_clk_gen rise edge)
                                                      0.000     0.000 r  
    K17                                               0.000     0.000 r  clk_sys (IN)
                         net (fo=0)                   0.000     0.000    i_xlnx_clk_gen/inst/clk_in1
    K17                  IBUF (Prop_ibuf_I_O)         1.404     1.404 r  i_xlnx_clk_gen/inst/clkin1_ibufg/O
                         net (fo=1, routed)           1.162     2.566    i_xlnx_clk_gen/inst/clk_in1_xlnx_clk_gen
    MMCME2_ADV_X1Y2      MMCME2_ADV (Prop_mmcme2_adv_CLKIN1_CLKOUT0)
                                                     -7.814    -5.248 r  i_xlnx_clk_gen/inst/mmcm_adv_inst/CLKOUT0
                         net (fo=1, routed)           2.012    -3.236    i_xlnx_clk_gen/inst/clk_out1_xlnx_clk_gen
    BUFGCTRL_X0Y16       BUFG (Prop_bufg_I_O)         0.091    -3.145 r  i_xlnx_clk_gen/inst/clkout1_buf/O
                         net (fo=20038, routed)       1.616    -1.529    i_dmi_jtag/i_dmi_cdc/i_cdc_resp/i_src/clk_out1
    SLICE_X104Y31        FDCE                                         r  i_dmi_jtag/i_dmi_cdc/i_cdc_resp/i_src/data_src_q_reg[data][11]/C
  -------------------------------------------------------------------    -------------------
    SLICE_X104Y31        FDCE (Prop_fdce_C_Q)         0.418    -1.111 r  i_dmi_jtag/i_dmi_cdc/i_cdc_resp/i_src/data_src_q_reg[data][11]/Q
                         net (fo=1, routed)           0.449    -0.661    i_dmi_jtag/i_dmi_cdc/i_cdc_resp/i_dst/D[11]
    SLICE_X107Y32        FDCE                                         r  i_dmi_jtag/i_dmi_cdc/i_cdc_resp/i_dst/data_dst_q_reg[data][11]/D
  -------------------------------------------------------------------    -------------------

                         (clock tck rise edge)        0.000     0.000 r  
    H15                                               0.000     0.000 r  tck (IN)
                         net (fo=0)                   0.000     0.000    tck
    H15                  IBUF (Prop_ibuf_I_O)         1.500     1.500 r  tck_IBUF_inst/O
                         net (fo=1, routed)           3.659     5.159    tck_IBUF
    BUFGCTRL_X0Y0        BUFG (Prop_bufg_I_O)         0.101     5.260 r  tck_IBUF_BUFG_inst/O
                         net (fo=258, routed)         1.869     7.129    i_dmi_jtag/i_dmi_cdc/i_cdc_resp/i_dst/CLK
    SLICE_X107Y32        FDCE                                         r  i_dmi_jtag/i_dmi_cdc/i_cdc_resp/i_dst/data_dst_q_reg[data][11]/C

Slack:                    inf
  Source:                 i_dmi_jtag/i_dmi_cdc/i_cdc_resp/i_src/data_src_q_reg[data][8]/C
                            (rising edge-triggered cell FDCE clocked by clk_out1_xlnx_clk_gen  {rise@0.000ns fall@10.000ns period=20.000ns})
  Destination:            i_dmi_jtag/i_dmi_cdc/i_cdc_resp/i_dst/data_dst_q_reg[data][8]/D
                            (rising edge-triggered cell FDCE clocked by tck  {rise@0.000ns fall@50.000ns period=100.000ns})
  Path Group:             (none)
  Path Type:              Hold (Min at Slow Process Corner)
  Data Path Delay:        0.870ns  (logic 0.385ns (44.246%)  route 0.485ns (55.754%))
  Logic Levels:           0  
  Clock Path Skew:        8.658ns (DCD - SCD - CPR)
    Destination Clock Delay (DCD):    7.129ns
    Source Clock Delay      (SCD):    -1.529ns
    Clock Pessimism Removal (CPR):    -0.000ns
  Clock Uncertainty:      0.603ns  ((TSJ^2 + TIJ^2 + DJ^2)^1/2) / 2 + PE
    Total System Jitter     (TSJ):    0.071ns
    Total Input Jitter      (TIJ):    1.000ns
    Discrete Jitter          (DJ):    0.142ns
    Phase Error              (PE):    0.097ns
  Timing Exception:       False Path

    Location             Delay type                Incr(ns)  Path(ns)    Netlist Resource(s)
  -------------------------------------------------------------------    -------------------
                         (clock clk_out1_xlnx_clk_gen rise edge)
                                                      0.000     0.000 r  
    K17                                               0.000     0.000 r  clk_sys (IN)
                         net (fo=0)                   0.000     0.000    i_xlnx_clk_gen/inst/clk_in1
    K17                  IBUF (Prop_ibuf_I_O)         1.404     1.404 r  i_xlnx_clk_gen/inst/clkin1_ibufg/O
                         net (fo=1, routed)           1.162     2.566    i_xlnx_clk_gen/inst/clk_in1_xlnx_clk_gen
    MMCME2_ADV_X1Y2      MMCME2_ADV (Prop_mmcme2_adv_CLKIN1_CLKOUT0)
                                                     -7.814    -5.248 r  i_xlnx_clk_gen/inst/mmcm_adv_inst/CLKOUT0
                         net (fo=1, routed)           2.012    -3.236    i_xlnx_clk_gen/inst/clk_out1_xlnx_clk_gen
    BUFGCTRL_X0Y16       BUFG (Prop_bufg_I_O)         0.091    -3.145 r  i_xlnx_clk_gen/inst/clkout1_buf/O
                         net (fo=20038, routed)       1.616    -1.529    i_dmi_jtag/i_dmi_cdc/i_cdc_resp/i_src/clk_out1
    SLICE_X104Y31        FDCE                                         r  i_dmi_jtag/i_dmi_cdc/i_cdc_resp/i_src/data_src_q_reg[data][8]/C
  -------------------------------------------------------------------    -------------------
    SLICE_X104Y31        FDCE (Prop_fdce_C_Q)         0.385    -1.144 r  i_dmi_jtag/i_dmi_cdc/i_cdc_resp/i_src/data_src_q_reg[data][8]/Q
                         net (fo=1, routed)           0.485    -0.658    i_dmi_jtag/i_dmi_cdc/i_cdc_resp/i_dst/D[8]
    SLICE_X107Y32        FDCE                                         r  i_dmi_jtag/i_dmi_cdc/i_cdc_resp/i_dst/data_dst_q_reg[data][8]/D
  -------------------------------------------------------------------    -------------------

                         (clock tck rise edge)        0.000     0.000 r  
    H15                                               0.000     0.000 r  tck (IN)
                         net (fo=0)                   0.000     0.000    tck
    H15                  IBUF (Prop_ibuf_I_O)         1.500     1.500 r  tck_IBUF_inst/O
                         net (fo=1, routed)           3.659     5.159    tck_IBUF
    BUFGCTRL_X0Y0        BUFG (Prop_bufg_I_O)         0.101     5.260 r  tck_IBUF_BUFG_inst/O
                         net (fo=258, routed)         1.869     7.129    i_dmi_jtag/i_dmi_cdc/i_cdc_resp/i_dst/CLK
    SLICE_X107Y32        FDCE                                         r  i_dmi_jtag/i_dmi_cdc/i_cdc_resp/i_dst/data_dst_q_reg[data][8]/C

Slack:                    inf
  Source:                 i_dmi_jtag/i_dmi_cdc/i_cdc_resp/i_src/data_src_q_reg[data][4]/C
                            (rising edge-triggered cell FDCE clocked by clk_out1_xlnx_clk_gen  {rise@0.000ns fall@10.000ns period=20.000ns})
  Destination:            i_dmi_jtag/i_dmi_cdc/i_cdc_resp/i_dst/data_dst_q_reg[data][4]/D
                            (rising edge-triggered cell FDCE clocked by tck  {rise@0.000ns fall@50.000ns period=100.000ns})
  Path Group:             (none)
  Path Type:              Hold (Min at Slow Process Corner)
  Data Path Delay:        0.868ns  (logic 0.385ns (44.336%)  route 0.483ns (55.664%))
  Logic Levels:           0  
  Clock Path Skew:        8.656ns (DCD - SCD - CPR)
    Destination Clock Delay (DCD):    7.129ns
    Source Clock Delay      (SCD):    -1.527ns
    Clock Pessimism Removal (CPR):    -0.000ns
  Clock Uncertainty:      0.603ns  ((TSJ^2 + TIJ^2 + DJ^2)^1/2) / 2 + PE
    Total System Jitter     (TSJ):    0.071ns
    Total Input Jitter      (TIJ):    1.000ns
    Discrete Jitter          (DJ):    0.142ns
    Phase Error              (PE):    0.097ns
  Timing Exception:       False Path

    Location             Delay type                Incr(ns)  Path(ns)    Netlist Resource(s)
  -------------------------------------------------------------------    -------------------
                         (clock clk_out1_xlnx_clk_gen rise edge)
                                                      0.000     0.000 r  
    K17                                               0.000     0.000 r  clk_sys (IN)
                         net (fo=0)                   0.000     0.000    i_xlnx_clk_gen/inst/clk_in1
    K17                  IBUF (Prop_ibuf_I_O)         1.404     1.404 r  i_xlnx_clk_gen/inst/clkin1_ibufg/O
                         net (fo=1, routed)           1.162     2.566    i_xlnx_clk_gen/inst/clk_in1_xlnx_clk_gen
    MMCME2_ADV_X1Y2      MMCME2_ADV (Prop_mmcme2_adv_CLKIN1_CLKOUT0)
                                                     -7.814    -5.248 r  i_xlnx_clk_gen/inst/mmcm_adv_inst/CLKOUT0
                         net (fo=1, routed)           2.012    -3.236    i_xlnx_clk_gen/inst/clk_out1_xlnx_clk_gen
    BUFGCTRL_X0Y16       BUFG (Prop_bufg_I_O)         0.091    -3.145 r  i_xlnx_clk_gen/inst/clkout1_buf/O
                         net (fo=20038, routed)       1.618    -1.527    i_dmi_jtag/i_dmi_cdc/i_cdc_resp/i_src/clk_out1
    SLICE_X104Y32        FDCE                                         r  i_dmi_jtag/i_dmi_cdc/i_cdc_resp/i_src/data_src_q_reg[data][4]/C
  -------------------------------------------------------------------    -------------------
    SLICE_X104Y32        FDCE (Prop_fdce_C_Q)         0.385    -1.142 r  i_dmi_jtag/i_dmi_cdc/i_cdc_resp/i_src/data_src_q_reg[data][4]/Q
                         net (fo=1, routed)           0.483    -0.658    i_dmi_jtag/i_dmi_cdc/i_cdc_resp/i_dst/D[4]
    SLICE_X109Y32        FDCE                                         r  i_dmi_jtag/i_dmi_cdc/i_cdc_resp/i_dst/data_dst_q_reg[data][4]/D
  -------------------------------------------------------------------    -------------------

                         (clock tck rise edge)        0.000     0.000 r  
    H15                                               0.000     0.000 r  tck (IN)
                         net (fo=0)                   0.000     0.000    tck
    H15                  IBUF (Prop_ibuf_I_O)         1.500     1.500 r  tck_IBUF_inst/O
                         net (fo=1, routed)           3.659     5.159    tck_IBUF
    BUFGCTRL_X0Y0        BUFG (Prop_bufg_I_O)         0.101     5.260 r  tck_IBUF_BUFG_inst/O
                         net (fo=258, routed)         1.869     7.129    i_dmi_jtag/i_dmi_cdc/i_cdc_resp/i_dst/CLK
    SLICE_X109Y32        FDCE                                         r  i_dmi_jtag/i_dmi_cdc/i_cdc_resp/i_dst/data_dst_q_reg[data][4]/C

Slack:                    inf
  Source:                 i_dmi_jtag/i_dmi_cdc/i_cdc_resp/i_src/data_src_q_reg[data][10]/C
                            (rising edge-triggered cell FDCE clocked by clk_out1_xlnx_clk_gen  {rise@0.000ns fall@10.000ns period=20.000ns})
  Destination:            i_dmi_jtag/i_dmi_cdc/i_cdc_resp/i_dst/data_dst_q_reg[data][10]/D
                            (rising edge-triggered cell FDCE clocked by tck  {rise@0.000ns fall@50.000ns period=100.000ns})
  Path Group:             (none)
  Path Type:              Hold (Min at Slow Process Corner)
  Data Path Delay:        0.875ns  (logic 0.385ns (44.021%)  route 0.490ns (55.979%))
  Logic Levels:           0  
  Clock Path Skew:        8.658ns (DCD - SCD - CPR)
    Destination Clock Delay (DCD):    7.129ns
    Source Clock Delay      (SCD):    -1.529ns
    Clock Pessimism Removal (CPR):    -0.000ns
  Clock Uncertainty:      0.603ns  ((TSJ^2 + TIJ^2 + DJ^2)^1/2) / 2 + PE
    Total System Jitter     (TSJ):    0.071ns
    Total Input Jitter      (TIJ):    1.000ns
    Discrete Jitter          (DJ):    0.142ns
    Phase Error              (PE):    0.097ns
  Timing Exception:       False Path

    Location             Delay type                Incr(ns)  Path(ns)    Netlist Resource(s)
  -------------------------------------------------------------------    -------------------
                         (clock clk_out1_xlnx_clk_gen rise edge)
                                                      0.000     0.000 r  
    K17                                               0.000     0.000 r  clk_sys (IN)
                         net (fo=0)                   0.000     0.000    i_xlnx_clk_gen/inst/clk_in1
    K17                  IBUF (Prop_ibuf_I_O)         1.404     1.404 r  i_xlnx_clk_gen/inst/clkin1_ibufg/O
                         net (fo=1, routed)           1.162     2.566    i_xlnx_clk_gen/inst/clk_in1_xlnx_clk_gen
    MMCME2_ADV_X1Y2      MMCME2_ADV (Prop_mmcme2_adv_CLKIN1_CLKOUT0)
                                                     -7.814    -5.248 r  i_xlnx_clk_gen/inst/mmcm_adv_inst/CLKOUT0
                         net (fo=1, routed)           2.012    -3.236    i_xlnx_clk_gen/inst/clk_out1_xlnx_clk_gen
    BUFGCTRL_X0Y16       BUFG (Prop_bufg_I_O)         0.091    -3.145 r  i_xlnx_clk_gen/inst/clkout1_buf/O
                         net (fo=20038, routed)       1.616    -1.529    i_dmi_jtag/i_dmi_cdc/i_cdc_resp/i_src/clk_out1
    SLICE_X104Y31        FDCE                                         r  i_dmi_jtag/i_dmi_cdc/i_cdc_resp/i_src/data_src_q_reg[data][10]/C
  -------------------------------------------------------------------    -------------------
    SLICE_X104Y31        FDCE (Prop_fdce_C_Q)         0.385    -1.144 r  i_dmi_jtag/i_dmi_cdc/i_cdc_resp/i_src/data_src_q_reg[data][10]/Q
                         net (fo=1, routed)           0.490    -0.654    i_dmi_jtag/i_dmi_cdc/i_cdc_resp/i_dst/D[10]
    SLICE_X107Y32        FDCE                                         r  i_dmi_jtag/i_dmi_cdc/i_cdc_resp/i_dst/data_dst_q_reg[data][10]/D
  -------------------------------------------------------------------    -------------------

                         (clock tck rise edge)        0.000     0.000 r  
    H15                                               0.000     0.000 r  tck (IN)
                         net (fo=0)                   0.000     0.000    tck
    H15                  IBUF (Prop_ibuf_I_O)         1.500     1.500 r  tck_IBUF_inst/O
                         net (fo=1, routed)           3.659     5.159    tck_IBUF
    BUFGCTRL_X0Y0        BUFG (Prop_bufg_I_O)         0.101     5.260 r  tck_IBUF_BUFG_inst/O
                         net (fo=258, routed)         1.869     7.129    i_dmi_jtag/i_dmi_cdc/i_cdc_resp/i_dst/CLK
    SLICE_X107Y32        FDCE                                         r  i_dmi_jtag/i_dmi_cdc/i_cdc_resp/i_dst/data_dst_q_reg[data][10]/C

Slack:                    inf
  Source:                 i_dmi_jtag/i_dmi_cdc/i_cdc_resp/i_src/data_src_q_reg[data][26]/C
                            (rising edge-triggered cell FDCE clocked by clk_out1_xlnx_clk_gen  {rise@0.000ns fall@10.000ns period=20.000ns})
  Destination:            i_dmi_jtag/i_dmi_cdc/i_cdc_resp/i_dst/data_dst_q_reg[data][26]/D
                            (rising edge-triggered cell FDCE clocked by tck  {rise@0.000ns fall@50.000ns period=100.000ns})
  Path Group:             (none)
  Path Type:              Hold (Min at Slow Process Corner)
  Data Path Delay:        0.869ns  (logic 0.385ns (44.299%)  route 0.484ns (55.701%))
  Logic Levels:           0  
  Clock Path Skew:        8.658ns (DCD - SCD - CPR)
    Destination Clock Delay (DCD):    7.137ns
    Source Clock Delay      (SCD):    -1.521ns
    Clock Pessimism Removal (CPR):    -0.000ns
  Clock Uncertainty:      0.603ns  ((TSJ^2 + TIJ^2 + DJ^2)^1/2) / 2 + PE
    Total System Jitter     (TSJ):    0.071ns
    Total Input Jitter      (TIJ):    1.000ns
    Discrete Jitter          (DJ):    0.142ns
    Phase Error              (PE):    0.097ns
  Timing Exception:       False Path

    Location             Delay type                Incr(ns)  Path(ns)    Netlist Resource(s)
  -------------------------------------------------------------------    -------------------
                         (clock clk_out1_xlnx_clk_gen rise edge)
                                                      0.000     0.000 r  
    K17                                               0.000     0.000 r  clk_sys (IN)
                         net (fo=0)                   0.000     0.000    i_xlnx_clk_gen/inst/clk_in1
    K17                  IBUF (Prop_ibuf_I_O)         1.404     1.404 r  i_xlnx_clk_gen/inst/clkin1_ibufg/O
                         net (fo=1, routed)           1.162     2.566    i_xlnx_clk_gen/inst/clk_in1_xlnx_clk_gen
    MMCME2_ADV_X1Y2      MMCME2_ADV (Prop_mmcme2_adv_CLKIN1_CLKOUT0)
                                                     -7.814    -5.248 r  i_xlnx_clk_gen/inst/mmcm_adv_inst/CLKOUT0
                         net (fo=1, routed)           2.012    -3.236    i_xlnx_clk_gen/inst/clk_out1_xlnx_clk_gen
    BUFGCTRL_X0Y16       BUFG (Prop_bufg_I_O)         0.091    -3.145 r  i_xlnx_clk_gen/inst/clkout1_buf/O
                         net (fo=20038, routed)       1.624    -1.521    i_dmi_jtag/i_dmi_cdc/i_cdc_resp/i_src/clk_out1
    SLICE_X104Y40        FDCE                                         r  i_dmi_jtag/i_dmi_cdc/i_cdc_resp/i_src/data_src_q_reg[data][26]/C
  -------------------------------------------------------------------    -------------------
    SLICE_X104Y40        FDCE (Prop_fdce_C_Q)         0.385    -1.136 r  i_dmi_jtag/i_dmi_cdc/i_cdc_resp/i_src/data_src_q_reg[data][26]/Q
                         net (fo=1, routed)           0.484    -0.651    i_dmi_jtag/i_dmi_cdc/i_cdc_resp/i_dst/D[26]
    SLICE_X107Y41        FDCE                                         r  i_dmi_jtag/i_dmi_cdc/i_cdc_resp/i_dst/data_dst_q_reg[data][26]/D
  -------------------------------------------------------------------    -------------------

                         (clock tck rise edge)        0.000     0.000 r  
    H15                                               0.000     0.000 r  tck (IN)
                         net (fo=0)                   0.000     0.000    tck
    H15                  IBUF (Prop_ibuf_I_O)         1.500     1.500 r  tck_IBUF_inst/O
                         net (fo=1, routed)           3.659     5.159    tck_IBUF
    BUFGCTRL_X0Y0        BUFG (Prop_bufg_I_O)         0.101     5.260 r  tck_IBUF_BUFG_inst/O
                         net (fo=258, routed)         1.877     7.137    i_dmi_jtag/i_dmi_cdc/i_cdc_resp/i_dst/CLK
    SLICE_X107Y41        FDCE                                         r  i_dmi_jtag/i_dmi_cdc/i_cdc_resp/i_dst/data_dst_q_reg[data][26]/C

Slack:                    inf
  Source:                 i_dmi_jtag/i_dmi_cdc/i_cdc_resp/i_src/data_src_q_reg[data][13]/C
                            (rising edge-triggered cell FDCE clocked by clk_out1_xlnx_clk_gen  {rise@0.000ns fall@10.000ns period=20.000ns})
  Destination:            i_dmi_jtag/i_dmi_cdc/i_cdc_resp/i_dst/data_dst_q_reg[data][13]/D
                            (rising edge-triggered cell FDCE clocked by tck  {rise@0.000ns fall@50.000ns period=100.000ns})
  Path Group:             (none)
  Path Type:              Hold (Min at Slow Process Corner)
  Data Path Delay:        0.874ns  (logic 0.418ns (47.819%)  route 0.456ns (52.181%))
  Logic Levels:           0  
  Clock Path Skew:        8.656ns (DCD - SCD - CPR)
    Destination Clock Delay (DCD):    7.131ns
    Source Clock Delay      (SCD):    -1.525ns
    Clock Pessimism Removal (CPR):    -0.000ns
  Clock Uncertainty:      0.603ns  ((TSJ^2 + TIJ^2 + DJ^2)^1/2) / 2 + PE
    Total System Jitter     (TSJ):    0.071ns
    Total Input Jitter      (TIJ):    1.000ns
    Discrete Jitter          (DJ):    0.142ns
    Phase Error              (PE):    0.097ns
  Timing Exception:       False Path

    Location             Delay type                Incr(ns)  Path(ns)    Netlist Resource(s)
  -------------------------------------------------------------------    -------------------
                         (clock clk_out1_xlnx_clk_gen rise edge)
                                                      0.000     0.000 r  
    K17                                               0.000     0.000 r  clk_sys (IN)
                         net (fo=0)                   0.000     0.000    i_xlnx_clk_gen/inst/clk_in1
    K17                  IBUF (Prop_ibuf_I_O)         1.404     1.404 r  i_xlnx_clk_gen/inst/clkin1_ibufg/O
                         net (fo=1, routed)           1.162     2.566    i_xlnx_clk_gen/inst/clk_in1_xlnx_clk_gen
    MMCME2_ADV_X1Y2      MMCME2_ADV (Prop_mmcme2_adv_CLKIN1_CLKOUT0)
                                                     -7.814    -5.248 r  i_xlnx_clk_gen/inst/mmcm_adv_inst/CLKOUT0
                         net (fo=1, routed)           2.012    -3.236    i_xlnx_clk_gen/inst/clk_out1_xlnx_clk_gen
    BUFGCTRL_X0Y16       BUFG (Prop_bufg_I_O)         0.091    -3.145 r  i_xlnx_clk_gen/inst/clkout1_buf/O
                         net (fo=20038, routed)       1.620    -1.525    i_dmi_jtag/i_dmi_cdc/i_cdc_resp/i_src/clk_out1
    SLICE_X104Y34        FDCE                                         r  i_dmi_jtag/i_dmi_cdc/i_cdc_resp/i_src/data_src_q_reg[data][13]/C
  -------------------------------------------------------------------    -------------------
    SLICE_X104Y34        FDCE (Prop_fdce_C_Q)         0.418    -1.107 r  i_dmi_jtag/i_dmi_cdc/i_cdc_resp/i_src/data_src_q_reg[data][13]/Q
                         net (fo=1, routed)           0.456    -0.650    i_dmi_jtag/i_dmi_cdc/i_cdc_resp/i_dst/D[13]
    SLICE_X108Y34        FDCE                                         r  i_dmi_jtag/i_dmi_cdc/i_cdc_resp/i_dst/data_dst_q_reg[data][13]/D
  -------------------------------------------------------------------    -------------------

                         (clock tck rise edge)        0.000     0.000 r  
    H15                                               0.000     0.000 r  tck (IN)
                         net (fo=0)                   0.000     0.000    tck
    H15                  IBUF (Prop_ibuf_I_O)         1.500     1.500 r  tck_IBUF_inst/O
                         net (fo=1, routed)           3.659     5.159    tck_IBUF
    BUFGCTRL_X0Y0        BUFG (Prop_bufg_I_O)         0.101     5.260 r  tck_IBUF_BUFG_inst/O
                         net (fo=258, routed)         1.871     7.131    i_dmi_jtag/i_dmi_cdc/i_cdc_resp/i_dst/CLK
    SLICE_X108Y34        FDCE                                         r  i_dmi_jtag/i_dmi_cdc/i_cdc_resp/i_dst/data_dst_q_reg[data][13]/C





--------------------------------------------------------------------------------------
Path Group:  (none)
From Clock:  clk_out1_xlnx_clk_gen
  To Clock:  

Max Delay            33 Endpoints
Min Delay            33 Endpoints
--------------------------------------------------------------------------------------


Max Delay Paths
--------------------------------------------------------------------------------------
Slack:                    inf
  Source:                 i_ariane/i_cva6/csr_regfile_i/mstatus_q_reg[mpp][1]/C
                            (rising edge-triggered cell FDCE clocked by clk_out1_xlnx_clk_gen  {rise@0.000ns fall@10.000ns period=20.000ns})
  Destination:            i_ariane/i_cva6/ex_stage_i/lsu_i/i_load_unit/result_o_reg[17]/D
  Path Group:             (none)
  Path Type:              Max at Slow Process Corner
  Data Path Delay:        19.657ns  (logic 4.104ns (20.878%)  route 15.553ns (79.122%))
  Logic Levels:           18  (CARRY4=2 LUT3=1 LUT4=2 LUT5=4 LUT6=9)
  Clock Uncertainty:      0.172ns  ((TSJ^2 + DJ^2)^1/2) / 2 + PE
    Total System Jitter     (TSJ):    0.050ns
    Discrete Jitter          (DJ):    0.142ns
    Phase Error              (PE):    0.097ns

    Location             Delay type                Incr(ns)  Path(ns)    Netlist Resource(s)
  -------------------------------------------------------------------    -------------------
                         (clock clk_out1_xlnx_clk_gen rise edge)
                                                      0.000     0.000 r  
    K17                                               0.000     0.000 r  clk_sys (IN)
                         net (fo=0)                   0.000     0.000    i_xlnx_clk_gen/inst/clk_in1
    K17                  IBUF (Prop_ibuf_I_O)         1.475     1.475 r  i_xlnx_clk_gen/inst/clkin1_ibufg/O
                         net (fo=1, routed)           1.285     2.760    i_xlnx_clk_gen/inst/clk_in1_xlnx_clk_gen
    MMCME2_ADV_X1Y2      MMCME2_ADV (Prop_mmcme2_adv_CLKIN1_CLKOUT0)
                                                     -7.759    -4.999 r  i_xlnx_clk_gen/inst/mmcm_adv_inst/CLKOUT0
                         net (fo=1, routed)           2.206    -2.793    i_xlnx_clk_gen/inst/clk_out1_xlnx_clk_gen
    BUFGCTRL_X0Y16       BUFG (Prop_bufg_I_O)         0.101    -2.692 r  i_xlnx_clk_gen/inst/clkout1_buf/O
                         net (fo=20038, routed)       1.782    -0.910    i_ariane/i_cva6/csr_regfile_i/clk_out1
    SLICE_X92Y58         FDCE                                         r  i_ariane/i_cva6/csr_regfile_i/mstatus_q_reg[mpp][1]/C
  -------------------------------------------------------------------    -------------------
    SLICE_X92Y58         FDCE (Prop_fdce_C_Q)         0.518    -0.392 f  i_ariane/i_cva6/csr_regfile_i/mstatus_q_reg[mpp][1]/Q
                         net (fo=5, routed)           1.252     0.860    i_ariane/i_cva6/csr_regfile_i/mstatus_q_reg[mpp][1]_0[1]
    SLICE_X82Y60         LUT5 (Prop_lut5_I0_O)        0.150     1.010 f  i_ariane/i_cva6/csr_regfile_i/gen_register.d_o[34]_i_5/O
                         net (fo=1, routed)           1.211     2.221    i_ariane/i_cva6/csr_regfile_i/ld_st_priv_lvl_csr_ex[1]
    SLICE_X67Y52         LUT4 (Prop_lut4_I0_O)        0.348     2.569 f  i_ariane/i_cva6/csr_regfile_i/gen_register.d_o[34]_i_3/O
                         net (fo=4, routed)           0.648     3.217    i_ariane/i_cva6/ex_stage_i/lsu_i/gen_mmu_sv32.i_cva6_mmu/i_ptw/gen_register.d_o_reg[33]
    SLICE_X54Y51         LUT6 (Prop_lut6_I2_O)        0.124     3.341 r  i_ariane/i_cva6/ex_stage_i/lsu_i/gen_mmu_sv32.i_cva6_mmu/i_ptw/gen_register.d_o[33]_i_1/O
                         net (fo=51, routed)          1.174     4.515    i_ariane/i_cva6/ex_stage_i/lsu_i/i_load_unit/store_exception_ex_id[cause][0]
    SLICE_X41Y62         LUT6 (Prop_lut6_I0_O)        0.124     4.639 r  i_ariane/i_cva6/ex_stage_i/lsu_i/i_load_unit/FSM_sequential_state_q[1]_i_4__4/O
                         net (fo=12, routed)          0.822     5.461    i_ariane/i_cva6/gen_cache_wt.i_cache_subsystem/i_wt_dcache/gen_rd_ports[1].i_wt_dcache_ctrl/dcache_req_ports_ex_cache[1][kill_req]
    SLICE_X41Y54         LUT5 (Prop_lut5_I1_O)        0.118     5.579 r  i_ariane/i_cva6/gen_cache_wt.i_cache_subsystem/i_wt_dcache/gen_rd_ports[1].i_wt_dcache_ctrl/rd_hit_oh_q[1]_i_35/O
                         net (fo=22, routed)          0.777     6.356    i_ariane/i_cva6/gen_cache_wt.i_cache_subsystem/i_wt_dcache/i_wt_dcache_mem/rd_hit_oh_q[1]_i_32_0
    SLICE_X47Y45         LUT6 (Prop_lut6_I4_O)        0.326     6.682 f  i_ariane/i_cva6/gen_cache_wt.i_cache_subsystem/i_wt_dcache/i_wt_dcache_mem/rd_hit_oh_q[1]_i_56/O
                         net (fo=1, routed)           0.606     7.288    i_ariane/i_cva6/gen_cache_wt.i_cache_subsystem/i_wt_dcache/i_wt_dcache_mem/rd_hit_oh_q[1]_i_56_n_1
    SLICE_X52Y47         LUT6 (Prop_lut6_I5_O)        0.124     7.412 r  i_ariane/i_cva6/gen_cache_wt.i_cache_subsystem/i_wt_dcache/i_wt_dcache_mem/rd_hit_oh_q[1]_i_32/O
                         net (fo=3, routed)           0.657     8.068    i_ariane/i_cva6/gen_cache_wt.i_cache_subsystem/i_wt_dcache/i_wt_dcache_missunit/data_rdata_q[31]_i_36_1
    SLICE_X52Y47         LUT3 (Prop_lut3_I1_O)        0.150     8.218 r  i_ariane/i_cva6/gen_cache_wt.i_cache_subsystem/i_wt_dcache/i_wt_dcache_missunit/data_rdata_q[31]_i_52/O
                         net (fo=2, routed)           1.084     9.303    i_ariane/i_cva6/gen_cache_wt.i_cache_subsystem/i_wt_dcache/i_wt_dcache_missunit/data_rdata_q[31]_i_52_n_1
    SLICE_X42Y46         LUT6 (Prop_lut6_I5_O)        0.326     9.629 r  i_ariane/i_cva6/gen_cache_wt.i_cache_subsystem/i_wt_dcache/i_wt_dcache_missunit/data_rdata_q[31]_i_24/O
                         net (fo=1, routed)           0.000     9.629    i_ariane/i_cva6/gen_cache_wt.i_cache_subsystem/i_wt_dcache/i_wt_dcache_missunit/data_rdata_q[31]_i_24_n_1
    SLICE_X42Y46         CARRY4 (Prop_carry4_S[0]_CO[3])
                                                      0.513    10.142 r  i_ariane/i_cva6/gen_cache_wt.i_cache_subsystem/i_wt_dcache/i_wt_dcache_missunit/data_rdata_q_reg[31]_i_12/CO[3]
                         net (fo=1, routed)           0.000    10.142    i_ariane/i_cva6/gen_cache_wt.i_cache_subsystem/i_wt_dcache/i_wt_dcache_missunit/data_rdata_q_reg[31]_i_12_n_1
    SLICE_X42Y47         CARRY4 (Prop_carry4_CI_CO[2])
                                                      0.229    10.371 f  i_ariane/i_cva6/gen_cache_wt.i_cache_subsystem/i_wt_dcache/i_wt_dcache_missunit/data_rdata_q_reg[31]_i_9/CO[2]
                         net (fo=2, routed)           0.919    11.289    i_ariane/i_cva6/gen_cache_wt.i_cache_subsystem/i_wt_dcache/i_wt_dcache_wbuffer/data_rdata_q_reg[7]_0[0]
    SLICE_X31Y51         LUT5 (Prop_lut5_I0_O)        0.310    11.599 f  i_ariane/i_cva6/gen_cache_wt.i_cache_subsystem/i_wt_dcache/i_wt_dcache_wbuffer/data_rdata_q[31]_i_4/O
                         net (fo=37, routed)          0.614    12.213    i_ariane/i_cva6/gen_cache_wt.i_cache_subsystem/i_wt_dcache/i_wt_dcache_wbuffer/data_rdata_q[31]_i_4_n_1
    SLICE_X31Y50         LUT6 (Prop_lut6_I5_O)        0.124    12.337 r  i_ariane/i_cva6/gen_cache_wt.i_cache_subsystem/i_wt_dcache/i_wt_dcache_wbuffer/data_rdata_q[31]_i_8/O
                         net (fo=4, routed)           0.461    12.798    i_ariane/i_cva6/gen_cache_wt.i_cache_subsystem/i_wt_dcache/i_wt_dcache_wbuffer/data_rdata_q[31]_i_8_n_1
    SLICE_X29Y50         LUT4 (Prop_lut4_I0_O)        0.124    12.922 r  i_ariane/i_cva6/gen_cache_wt.i_cache_subsystem/i_wt_dcache/i_wt_dcache_wbuffer/data_rdata_q[23]_i_3/O
                         net (fo=8, routed)           0.810    13.731    i_ariane/i_cva6/gen_cache_wt.i_cache_subsystem/i_wt_dcache/i_wt_dcache_wbuffer/data_rdata_q[23]_i_3_n_1
    SLICE_X22Y48         LUT5 (Prop_lut5_I1_O)        0.124    13.855 r  i_ariane/i_cva6/gen_cache_wt.i_cache_subsystem/i_wt_dcache/i_wt_dcache_wbuffer/data_rdata_q[23]_i_1/O
                         net (fo=5, routed)           1.841    15.697    i_ariane/i_cva6/gen_cache_wt.i_cache_subsystem/i_wt_dcache/i_wt_dcache_wbuffer/req_port_i[data_rdata][23]
    SLICE_X35Y58         LUT6 (Prop_lut6_I5_O)        0.124    15.821 r  i_ariane/i_cva6/gen_cache_wt.i_cache_subsystem/i_wt_dcache/i_wt_dcache_wbuffer/result_o_reg[31]_i_10/O
                         net (fo=1, routed)           0.295    16.116    i_ariane/i_cva6/ex_stage_i/lsu_i/i_load_unit/rdata_sign_bit1__2
    SLICE_X35Y59         LUT6 (Prop_lut6_I0_O)        0.124    16.240 r  i_ariane/i_cva6/ex_stage_i/lsu_i/i_load_unit/result_o_reg[31]_i_3/O
                         net (fo=24, routed)          1.707    17.947    i_ariane/i_cva6/ex_stage_i/lsu_i/i_load_unit/rdata_sign_bit__5
    SLICE_X35Y55         LUT6 (Prop_lut6_I1_O)        0.124    18.071 r  i_ariane/i_cva6/ex_stage_i/lsu_i/i_load_unit/result_o_reg[17]_i_1/O
                         net (fo=1, routed)           0.676    18.747    i_ariane/i_cva6/ex_stage_i/lsu_i/i_load_unit/result_o_reg[17]_i_1_n_1
    SLICE_X35Y60         LDCE                                         r  i_ariane/i_cva6/ex_stage_i/lsu_i/i_load_unit/result_o_reg[17]/D
  -------------------------------------------------------------------    -------------------

Slack:                    inf
  Source:                 i_ariane/i_cva6/csr_regfile_i/mstatus_q_reg[mpp][1]/C
                            (rising edge-triggered cell FDCE clocked by clk_out1_xlnx_clk_gen  {rise@0.000ns fall@10.000ns period=20.000ns})
  Destination:            i_ariane/i_cva6/ex_stage_i/lsu_i/i_load_unit/result_o_reg[10]/D
  Path Group:             (none)
  Path Type:              Max at Slow Process Corner
  Data Path Delay:        19.572ns  (logic 4.104ns (20.969%)  route 15.468ns (79.031%))
  Logic Levels:           18  (CARRY4=2 LUT3=1 LUT4=2 LUT5=5 LUT6=8)
  Clock Uncertainty:      0.172ns  ((TSJ^2 + DJ^2)^1/2) / 2 + PE
    Total System Jitter     (TSJ):    0.050ns
    Discrete Jitter          (DJ):    0.142ns
    Phase Error              (PE):    0.097ns

    Location             Delay type                Incr(ns)  Path(ns)    Netlist Resource(s)
  -------------------------------------------------------------------    -------------------
                         (clock clk_out1_xlnx_clk_gen rise edge)
                                                      0.000     0.000 r  
    K17                                               0.000     0.000 r  clk_sys (IN)
                         net (fo=0)                   0.000     0.000    i_xlnx_clk_gen/inst/clk_in1
    K17                  IBUF (Prop_ibuf_I_O)         1.475     1.475 r  i_xlnx_clk_gen/inst/clkin1_ibufg/O
                         net (fo=1, routed)           1.285     2.760    i_xlnx_clk_gen/inst/clk_in1_xlnx_clk_gen
    MMCME2_ADV_X1Y2      MMCME2_ADV (Prop_mmcme2_adv_CLKIN1_CLKOUT0)
                                                     -7.759    -4.999 r  i_xlnx_clk_gen/inst/mmcm_adv_inst/CLKOUT0
                         net (fo=1, routed)           2.206    -2.793    i_xlnx_clk_gen/inst/clk_out1_xlnx_clk_gen
    BUFGCTRL_X0Y16       BUFG (Prop_bufg_I_O)         0.101    -2.692 r  i_xlnx_clk_gen/inst/clkout1_buf/O
                         net (fo=20038, routed)       1.782    -0.910    i_ariane/i_cva6/csr_regfile_i/clk_out1
    SLICE_X92Y58         FDCE                                         r  i_ariane/i_cva6/csr_regfile_i/mstatus_q_reg[mpp][1]/C
  -------------------------------------------------------------------    -------------------
    SLICE_X92Y58         FDCE (Prop_fdce_C_Q)         0.518    -0.392 f  i_ariane/i_cva6/csr_regfile_i/mstatus_q_reg[mpp][1]/Q
                         net (fo=5, routed)           1.252     0.860    i_ariane/i_cva6/csr_regfile_i/mstatus_q_reg[mpp][1]_0[1]
    SLICE_X82Y60         LUT5 (Prop_lut5_I0_O)        0.150     1.010 f  i_ariane/i_cva6/csr_regfile_i/gen_register.d_o[34]_i_5/O
                         net (fo=1, routed)           1.211     2.221    i_ariane/i_cva6/csr_regfile_i/ld_st_priv_lvl_csr_ex[1]
    SLICE_X67Y52         LUT4 (Prop_lut4_I0_O)        0.348     2.569 f  i_ariane/i_cva6/csr_regfile_i/gen_register.d_o[34]_i_3/O
                         net (fo=4, routed)           0.648     3.217    i_ariane/i_cva6/ex_stage_i/lsu_i/gen_mmu_sv32.i_cva6_mmu/i_ptw/gen_register.d_o_reg[33]
    SLICE_X54Y51         LUT6 (Prop_lut6_I2_O)        0.124     3.341 r  i_ariane/i_cva6/ex_stage_i/lsu_i/gen_mmu_sv32.i_cva6_mmu/i_ptw/gen_register.d_o[33]_i_1/O
                         net (fo=51, routed)          1.174     4.515    i_ariane/i_cva6/ex_stage_i/lsu_i/i_load_unit/store_exception_ex_id[cause][0]
    SLICE_X41Y62         LUT6 (Prop_lut6_I0_O)        0.124     4.639 r  i_ariane/i_cva6/ex_stage_i/lsu_i/i_load_unit/FSM_sequential_state_q[1]_i_4__4/O
                         net (fo=12, routed)          0.822     5.461    i_ariane/i_cva6/gen_cache_wt.i_cache_subsystem/i_wt_dcache/gen_rd_ports[1].i_wt_dcache_ctrl/dcache_req_ports_ex_cache[1][kill_req]
    SLICE_X41Y54         LUT5 (Prop_lut5_I1_O)        0.118     5.579 r  i_ariane/i_cva6/gen_cache_wt.i_cache_subsystem/i_wt_dcache/gen_rd_ports[1].i_wt_dcache_ctrl/rd_hit_oh_q[1]_i_35/O
                         net (fo=22, routed)          0.777     6.356    i_ariane/i_cva6/gen_cache_wt.i_cache_subsystem/i_wt_dcache/i_wt_dcache_mem/rd_hit_oh_q[1]_i_32_0
    SLICE_X47Y45         LUT6 (Prop_lut6_I4_O)        0.326     6.682 f  i_ariane/i_cva6/gen_cache_wt.i_cache_subsystem/i_wt_dcache/i_wt_dcache_mem/rd_hit_oh_q[1]_i_56/O
                         net (fo=1, routed)           0.606     7.288    i_ariane/i_cva6/gen_cache_wt.i_cache_subsystem/i_wt_dcache/i_wt_dcache_mem/rd_hit_oh_q[1]_i_56_n_1
    SLICE_X52Y47         LUT6 (Prop_lut6_I5_O)        0.124     7.412 r  i_ariane/i_cva6/gen_cache_wt.i_cache_subsystem/i_wt_dcache/i_wt_dcache_mem/rd_hit_oh_q[1]_i_32/O
                         net (fo=3, routed)           0.657     8.068    i_ariane/i_cva6/gen_cache_wt.i_cache_subsystem/i_wt_dcache/i_wt_dcache_missunit/data_rdata_q[31]_i_36_1
    SLICE_X52Y47         LUT3 (Prop_lut3_I1_O)        0.150     8.218 r  i_ariane/i_cva6/gen_cache_wt.i_cache_subsystem/i_wt_dcache/i_wt_dcache_missunit/data_rdata_q[31]_i_52/O
                         net (fo=2, routed)           1.084     9.303    i_ariane/i_cva6/gen_cache_wt.i_cache_subsystem/i_wt_dcache/i_wt_dcache_missunit/data_rdata_q[31]_i_52_n_1
    SLICE_X42Y46         LUT6 (Prop_lut6_I5_O)        0.326     9.629 r  i_ariane/i_cva6/gen_cache_wt.i_cache_subsystem/i_wt_dcache/i_wt_dcache_missunit/data_rdata_q[31]_i_24/O
                         net (fo=1, routed)           0.000     9.629    i_ariane/i_cva6/gen_cache_wt.i_cache_subsystem/i_wt_dcache/i_wt_dcache_missunit/data_rdata_q[31]_i_24_n_1
    SLICE_X42Y46         CARRY4 (Prop_carry4_S[0]_CO[3])
                                                      0.513    10.142 r  i_ariane/i_cva6/gen_cache_wt.i_cache_subsystem/i_wt_dcache/i_wt_dcache_missunit/data_rdata_q_reg[31]_i_12/CO[3]
                         net (fo=1, routed)           0.000    10.142    i_ariane/i_cva6/gen_cache_wt.i_cache_subsystem/i_wt_dcache/i_wt_dcache_missunit/data_rdata_q_reg[31]_i_12_n_1
    SLICE_X42Y47         CARRY4 (Prop_carry4_CI_CO[2])
                                                      0.229    10.371 f  i_ariane/i_cva6/gen_cache_wt.i_cache_subsystem/i_wt_dcache/i_wt_dcache_missunit/data_rdata_q_reg[31]_i_9/CO[2]
                         net (fo=2, routed)           0.919    11.289    i_ariane/i_cva6/gen_cache_wt.i_cache_subsystem/i_wt_dcache/i_wt_dcache_wbuffer/data_rdata_q_reg[7]_0[0]
    SLICE_X31Y51         LUT5 (Prop_lut5_I0_O)        0.310    11.599 f  i_ariane/i_cva6/gen_cache_wt.i_cache_subsystem/i_wt_dcache/i_wt_dcache_wbuffer/data_rdata_q[31]_i_4/O
                         net (fo=37, routed)          0.614    12.213    i_ariane/i_cva6/gen_cache_wt.i_cache_subsystem/i_wt_dcache/i_wt_dcache_wbuffer/data_rdata_q[31]_i_4_n_1
    SLICE_X31Y50         LUT6 (Prop_lut6_I5_O)        0.124    12.337 r  i_ariane/i_cva6/gen_cache_wt.i_cache_subsystem/i_wt_dcache/i_wt_dcache_wbuffer/data_rdata_q[31]_i_8/O
                         net (fo=4, routed)           0.461    12.798    i_ariane/i_cva6/gen_cache_wt.i_cache_subsystem/i_wt_dcache/i_wt_dcache_wbuffer/data_rdata_q[31]_i_8_n_1
    SLICE_X29Y50         LUT4 (Prop_lut4_I0_O)        0.124    12.922 r  i_ariane/i_cva6/gen_cache_wt.i_cache_subsystem/i_wt_dcache/i_wt_dcache_wbuffer/data_rdata_q[23]_i_3/O
                         net (fo=8, routed)           0.810    13.731    i_ariane/i_cva6/gen_cache_wt.i_cache_subsystem/i_wt_dcache/i_wt_dcache_wbuffer/data_rdata_q[23]_i_3_n_1
    SLICE_X22Y48         LUT5 (Prop_lut5_I1_O)        0.124    13.855 r  i_ariane/i_cva6/gen_cache_wt.i_cache_subsystem/i_wt_dcache/i_wt_dcache_wbuffer/data_rdata_q[23]_i_1/O
                         net (fo=5, routed)           1.841    15.697    i_ariane/i_cva6/gen_cache_wt.i_cache_subsystem/i_wt_dcache/i_wt_dcache_wbuffer/req_port_i[data_rdata][23]
    SLICE_X35Y58         LUT6 (Prop_lut6_I5_O)        0.124    15.821 r  i_ariane/i_cva6/gen_cache_wt.i_cache_subsystem/i_wt_dcache/i_wt_dcache_wbuffer/result_o_reg[31]_i_10/O
                         net (fo=1, routed)           0.295    16.116    i_ariane/i_cva6/ex_stage_i/lsu_i/i_load_unit/rdata_sign_bit1__2
    SLICE_X35Y59         LUT6 (Prop_lut6_I0_O)        0.124    16.240 r  i_ariane/i_cva6/ex_stage_i/lsu_i/i_load_unit/result_o_reg[31]_i_3/O
                         net (fo=24, routed)          1.093    17.333    i_ariane/i_cva6/ex_stage_i/lsu_i/i_load_unit/rdata_sign_bit__5
    SLICE_X33Y56         LUT5 (Prop_lut5_I0_O)        0.124    17.457 r  i_ariane/i_cva6/ex_stage_i/lsu_i/i_load_unit/result_o_reg[10]_i_1/O
                         net (fo=1, routed)           1.204    18.661    i_ariane/i_cva6/ex_stage_i/lsu_i/i_load_unit/result_o_reg[10]_i_1_n_1
    SLICE_X34Y66         LDCE                                         r  i_ariane/i_cva6/ex_stage_i/lsu_i/i_load_unit/result_o_reg[10]/D
  -------------------------------------------------------------------    -------------------

Slack:                    inf
  Source:                 i_ariane/i_cva6/csr_regfile_i/mstatus_q_reg[mpp][1]/C
                            (rising edge-triggered cell FDCE clocked by clk_out1_xlnx_clk_gen  {rise@0.000ns fall@10.000ns period=20.000ns})
  Destination:            i_ariane/i_cva6/ex_stage_i/lsu_i/i_load_unit/result_o_reg[11]/D
  Path Group:             (none)
  Path Type:              Max at Slow Process Corner
  Data Path Delay:        19.487ns  (logic 4.104ns (21.060%)  route 15.383ns (78.940%))
  Logic Levels:           18  (CARRY4=2 LUT3=1 LUT4=2 LUT5=5 LUT6=8)
  Clock Uncertainty:      0.172ns  ((TSJ^2 + DJ^2)^1/2) / 2 + PE
    Total System Jitter     (TSJ):    0.050ns
    Discrete Jitter          (DJ):    0.142ns
    Phase Error              (PE):    0.097ns

    Location             Delay type                Incr(ns)  Path(ns)    Netlist Resource(s)
  -------------------------------------------------------------------    -------------------
                         (clock clk_out1_xlnx_clk_gen rise edge)
                                                      0.000     0.000 r  
    K17                                               0.000     0.000 r  clk_sys (IN)
                         net (fo=0)                   0.000     0.000    i_xlnx_clk_gen/inst/clk_in1
    K17                  IBUF (Prop_ibuf_I_O)         1.475     1.475 r  i_xlnx_clk_gen/inst/clkin1_ibufg/O
                         net (fo=1, routed)           1.285     2.760    i_xlnx_clk_gen/inst/clk_in1_xlnx_clk_gen
    MMCME2_ADV_X1Y2      MMCME2_ADV (Prop_mmcme2_adv_CLKIN1_CLKOUT0)
                                                     -7.759    -4.999 r  i_xlnx_clk_gen/inst/mmcm_adv_inst/CLKOUT0
                         net (fo=1, routed)           2.206    -2.793    i_xlnx_clk_gen/inst/clk_out1_xlnx_clk_gen
    BUFGCTRL_X0Y16       BUFG (Prop_bufg_I_O)         0.101    -2.692 r  i_xlnx_clk_gen/inst/clkout1_buf/O
                         net (fo=20038, routed)       1.782    -0.910    i_ariane/i_cva6/csr_regfile_i/clk_out1
    SLICE_X92Y58         FDCE                                         r  i_ariane/i_cva6/csr_regfile_i/mstatus_q_reg[mpp][1]/C
  -------------------------------------------------------------------    -------------------
    SLICE_X92Y58         FDCE (Prop_fdce_C_Q)         0.518    -0.392 f  i_ariane/i_cva6/csr_regfile_i/mstatus_q_reg[mpp][1]/Q
                         net (fo=5, routed)           1.252     0.860    i_ariane/i_cva6/csr_regfile_i/mstatus_q_reg[mpp][1]_0[1]
    SLICE_X82Y60         LUT5 (Prop_lut5_I0_O)        0.150     1.010 f  i_ariane/i_cva6/csr_regfile_i/gen_register.d_o[34]_i_5/O
                         net (fo=1, routed)           1.211     2.221    i_ariane/i_cva6/csr_regfile_i/ld_st_priv_lvl_csr_ex[1]
    SLICE_X67Y52         LUT4 (Prop_lut4_I0_O)        0.348     2.569 f  i_ariane/i_cva6/csr_regfile_i/gen_register.d_o[34]_i_3/O
                         net (fo=4, routed)           0.648     3.217    i_ariane/i_cva6/ex_stage_i/lsu_i/gen_mmu_sv32.i_cva6_mmu/i_ptw/gen_register.d_o_reg[33]
    SLICE_X54Y51         LUT6 (Prop_lut6_I2_O)        0.124     3.341 r  i_ariane/i_cva6/ex_stage_i/lsu_i/gen_mmu_sv32.i_cva6_mmu/i_ptw/gen_register.d_o[33]_i_1/O
                         net (fo=51, routed)          1.174     4.515    i_ariane/i_cva6/ex_stage_i/lsu_i/i_load_unit/store_exception_ex_id[cause][0]
    SLICE_X41Y62         LUT6 (Prop_lut6_I0_O)        0.124     4.639 r  i_ariane/i_cva6/ex_stage_i/lsu_i/i_load_unit/FSM_sequential_state_q[1]_i_4__4/O
                         net (fo=12, routed)          0.822     5.461    i_ariane/i_cva6/gen_cache_wt.i_cache_subsystem/i_wt_dcache/gen_rd_ports[1].i_wt_dcache_ctrl/dcache_req_ports_ex_cache[1][kill_req]
    SLICE_X41Y54         LUT5 (Prop_lut5_I1_O)        0.118     5.579 r  i_ariane/i_cva6/gen_cache_wt.i_cache_subsystem/i_wt_dcache/gen_rd_ports[1].i_wt_dcache_ctrl/rd_hit_oh_q[1]_i_35/O
                         net (fo=22, routed)          0.777     6.356    i_ariane/i_cva6/gen_cache_wt.i_cache_subsystem/i_wt_dcache/i_wt_dcache_mem/rd_hit_oh_q[1]_i_32_0
    SLICE_X47Y45         LUT6 (Prop_lut6_I4_O)        0.326     6.682 f  i_ariane/i_cva6/gen_cache_wt.i_cache_subsystem/i_wt_dcache/i_wt_dcache_mem/rd_hit_oh_q[1]_i_56/O
                         net (fo=1, routed)           0.606     7.288    i_ariane/i_cva6/gen_cache_wt.i_cache_subsystem/i_wt_dcache/i_wt_dcache_mem/rd_hit_oh_q[1]_i_56_n_1
    SLICE_X52Y47         LUT6 (Prop_lut6_I5_O)        0.124     7.412 r  i_ariane/i_cva6/gen_cache_wt.i_cache_subsystem/i_wt_dcache/i_wt_dcache_mem/rd_hit_oh_q[1]_i_32/O
                         net (fo=3, routed)           0.657     8.068    i_ariane/i_cva6/gen_cache_wt.i_cache_subsystem/i_wt_dcache/i_wt_dcache_missunit/data_rdata_q[31]_i_36_1
    SLICE_X52Y47         LUT3 (Prop_lut3_I1_O)        0.150     8.218 r  i_ariane/i_cva6/gen_cache_wt.i_cache_subsystem/i_wt_dcache/i_wt_dcache_missunit/data_rdata_q[31]_i_52/O
                         net (fo=2, routed)           1.084     9.303    i_ariane/i_cva6/gen_cache_wt.i_cache_subsystem/i_wt_dcache/i_wt_dcache_missunit/data_rdata_q[31]_i_52_n_1
    SLICE_X42Y46         LUT6 (Prop_lut6_I5_O)        0.326     9.629 r  i_ariane/i_cva6/gen_cache_wt.i_cache_subsystem/i_wt_dcache/i_wt_dcache_missunit/data_rdata_q[31]_i_24/O
                         net (fo=1, routed)           0.000     9.629    i_ariane/i_cva6/gen_cache_wt.i_cache_subsystem/i_wt_dcache/i_wt_dcache_missunit/data_rdata_q[31]_i_24_n_1
    SLICE_X42Y46         CARRY4 (Prop_carry4_S[0]_CO[3])
                                                      0.513    10.142 r  i_ariane/i_cva6/gen_cache_wt.i_cache_subsystem/i_wt_dcache/i_wt_dcache_missunit/data_rdata_q_reg[31]_i_12/CO[3]
                         net (fo=1, routed)           0.000    10.142    i_ariane/i_cva6/gen_cache_wt.i_cache_subsystem/i_wt_dcache/i_wt_dcache_missunit/data_rdata_q_reg[31]_i_12_n_1
    SLICE_X42Y47         CARRY4 (Prop_carry4_CI_CO[2])
                                                      0.229    10.371 f  i_ariane/i_cva6/gen_cache_wt.i_cache_subsystem/i_wt_dcache/i_wt_dcache_missunit/data_rdata_q_reg[31]_i_9/CO[2]
                         net (fo=2, routed)           0.919    11.289    i_ariane/i_cva6/gen_cache_wt.i_cache_subsystem/i_wt_dcache/i_wt_dcache_wbuffer/data_rdata_q_reg[7]_0[0]
    SLICE_X31Y51         LUT5 (Prop_lut5_I0_O)        0.310    11.599 f  i_ariane/i_cva6/gen_cache_wt.i_cache_subsystem/i_wt_dcache/i_wt_dcache_wbuffer/data_rdata_q[31]_i_4/O
                         net (fo=37, routed)          0.614    12.213    i_ariane/i_cva6/gen_cache_wt.i_cache_subsystem/i_wt_dcache/i_wt_dcache_wbuffer/data_rdata_q[31]_i_4_n_1
    SLICE_X31Y50         LUT6 (Prop_lut6_I5_O)        0.124    12.337 r  i_ariane/i_cva6/gen_cache_wt.i_cache_subsystem/i_wt_dcache/i_wt_dcache_wbuffer/data_rdata_q[31]_i_8/O
                         net (fo=4, routed)           0.461    12.798    i_ariane/i_cva6/gen_cache_wt.i_cache_subsystem/i_wt_dcache/i_wt_dcache_wbuffer/data_rdata_q[31]_i_8_n_1
    SLICE_X29Y50         LUT4 (Prop_lut4_I0_O)        0.124    12.922 r  i_ariane/i_cva6/gen_cache_wt.i_cache_subsystem/i_wt_dcache/i_wt_dcache_wbuffer/data_rdata_q[23]_i_3/O
                         net (fo=8, routed)           0.810    13.731    i_ariane/i_cva6/gen_cache_wt.i_cache_subsystem/i_wt_dcache/i_wt_dcache_wbuffer/data_rdata_q[23]_i_3_n_1
    SLICE_X22Y48         LUT5 (Prop_lut5_I1_O)        0.124    13.855 r  i_ariane/i_cva6/gen_cache_wt.i_cache_subsystem/i_wt_dcache/i_wt_dcache_wbuffer/data_rdata_q[23]_i_1/O
                         net (fo=5, routed)           1.841    15.697    i_ariane/i_cva6/gen_cache_wt.i_cache_subsystem/i_wt_dcache/i_wt_dcache_wbuffer/req_port_i[data_rdata][23]
    SLICE_X35Y58         LUT6 (Prop_lut6_I5_O)        0.124    15.821 r  i_ariane/i_cva6/gen_cache_wt.i_cache_subsystem/i_wt_dcache/i_wt_dcache_wbuffer/result_o_reg[31]_i_10/O
                         net (fo=1, routed)           0.295    16.116    i_ariane/i_cva6/ex_stage_i/lsu_i/i_load_unit/rdata_sign_bit1__2
    SLICE_X35Y59         LUT6 (Prop_lut6_I0_O)        0.124    16.240 r  i_ariane/i_cva6/ex_stage_i/lsu_i/i_load_unit/result_o_reg[31]_i_3/O
                         net (fo=24, routed)          1.488    17.728    i_ariane/i_cva6/ex_stage_i/lsu_i/i_load_unit/rdata_sign_bit__5
    SLICE_X32Y55         LUT5 (Prop_lut5_I0_O)        0.124    17.852 r  i_ariane/i_cva6/ex_stage_i/lsu_i/i_load_unit/result_o_reg[11]_i_1/O
                         net (fo=1, routed)           0.725    18.577    i_ariane/i_cva6/ex_stage_i/lsu_i/i_load_unit/result_o_reg[11]_i_1_n_1
    SLICE_X34Y66         LDCE                                         r  i_ariane/i_cva6/ex_stage_i/lsu_i/i_load_unit/result_o_reg[11]/D
  -------------------------------------------------------------------    -------------------

Slack:                    inf
  Source:                 i_ariane/i_cva6/csr_regfile_i/mstatus_q_reg[mpp][1]/C
                            (rising edge-triggered cell FDCE clocked by clk_out1_xlnx_clk_gen  {rise@0.000ns fall@10.000ns period=20.000ns})
  Destination:            i_ariane/i_cva6/ex_stage_i/lsu_i/i_load_unit/result_o_reg[12]/D
  Path Group:             (none)
  Path Type:              Max at Slow Process Corner
  Data Path Delay:        19.483ns  (logic 4.104ns (21.065%)  route 15.379ns (78.935%))
  Logic Levels:           18  (CARRY4=2 LUT3=1 LUT4=2 LUT5=5 LUT6=8)
  Clock Uncertainty:      0.172ns  ((TSJ^2 + DJ^2)^1/2) / 2 + PE
    Total System Jitter     (TSJ):    0.050ns
    Discrete Jitter          (DJ):    0.142ns
    Phase Error              (PE):    0.097ns

    Location             Delay type                Incr(ns)  Path(ns)    Netlist Resource(s)
  -------------------------------------------------------------------    -------------------
                         (clock clk_out1_xlnx_clk_gen rise edge)
                                                      0.000     0.000 r  
    K17                                               0.000     0.000 r  clk_sys (IN)
                         net (fo=0)                   0.000     0.000    i_xlnx_clk_gen/inst/clk_in1
    K17                  IBUF (Prop_ibuf_I_O)         1.475     1.475 r  i_xlnx_clk_gen/inst/clkin1_ibufg/O
                         net (fo=1, routed)           1.285     2.760    i_xlnx_clk_gen/inst/clk_in1_xlnx_clk_gen
    MMCME2_ADV_X1Y2      MMCME2_ADV (Prop_mmcme2_adv_CLKIN1_CLKOUT0)
                                                     -7.759    -4.999 r  i_xlnx_clk_gen/inst/mmcm_adv_inst/CLKOUT0
                         net (fo=1, routed)           2.206    -2.793    i_xlnx_clk_gen/inst/clk_out1_xlnx_clk_gen
    BUFGCTRL_X0Y16       BUFG (Prop_bufg_I_O)         0.101    -2.692 r  i_xlnx_clk_gen/inst/clkout1_buf/O
                         net (fo=20038, routed)       1.782    -0.910    i_ariane/i_cva6/csr_regfile_i/clk_out1
    SLICE_X92Y58         FDCE                                         r  i_ariane/i_cva6/csr_regfile_i/mstatus_q_reg[mpp][1]/C
  -------------------------------------------------------------------    -------------------
    SLICE_X92Y58         FDCE (Prop_fdce_C_Q)         0.518    -0.392 f  i_ariane/i_cva6/csr_regfile_i/mstatus_q_reg[mpp][1]/Q
                         net (fo=5, routed)           1.252     0.860    i_ariane/i_cva6/csr_regfile_i/mstatus_q_reg[mpp][1]_0[1]
    SLICE_X82Y60         LUT5 (Prop_lut5_I0_O)        0.150     1.010 f  i_ariane/i_cva6/csr_regfile_i/gen_register.d_o[34]_i_5/O
                         net (fo=1, routed)           1.211     2.221    i_ariane/i_cva6/csr_regfile_i/ld_st_priv_lvl_csr_ex[1]
    SLICE_X67Y52         LUT4 (Prop_lut4_I0_O)        0.348     2.569 f  i_ariane/i_cva6/csr_regfile_i/gen_register.d_o[34]_i_3/O
                         net (fo=4, routed)           0.648     3.217    i_ariane/i_cva6/ex_stage_i/lsu_i/gen_mmu_sv32.i_cva6_mmu/i_ptw/gen_register.d_o_reg[33]
    SLICE_X54Y51         LUT6 (Prop_lut6_I2_O)        0.124     3.341 r  i_ariane/i_cva6/ex_stage_i/lsu_i/gen_mmu_sv32.i_cva6_mmu/i_ptw/gen_register.d_o[33]_i_1/O
                         net (fo=51, routed)          1.174     4.515    i_ariane/i_cva6/ex_stage_i/lsu_i/i_load_unit/store_exception_ex_id[cause][0]
    SLICE_X41Y62         LUT6 (Prop_lut6_I0_O)        0.124     4.639 r  i_ariane/i_cva6/ex_stage_i/lsu_i/i_load_unit/FSM_sequential_state_q[1]_i_4__4/O
                         net (fo=12, routed)          0.822     5.461    i_ariane/i_cva6/gen_cache_wt.i_cache_subsystem/i_wt_dcache/gen_rd_ports[1].i_wt_dcache_ctrl/dcache_req_ports_ex_cache[1][kill_req]
    SLICE_X41Y54         LUT5 (Prop_lut5_I1_O)        0.118     5.579 r  i_ariane/i_cva6/gen_cache_wt.i_cache_subsystem/i_wt_dcache/gen_rd_ports[1].i_wt_dcache_ctrl/rd_hit_oh_q[1]_i_35/O
                         net (fo=22, routed)          0.777     6.356    i_ariane/i_cva6/gen_cache_wt.i_cache_subsystem/i_wt_dcache/i_wt_dcache_mem/rd_hit_oh_q[1]_i_32_0
    SLICE_X47Y45         LUT6 (Prop_lut6_I4_O)        0.326     6.682 f  i_ariane/i_cva6/gen_cache_wt.i_cache_subsystem/i_wt_dcache/i_wt_dcache_mem/rd_hit_oh_q[1]_i_56/O
                         net (fo=1, routed)           0.606     7.288    i_ariane/i_cva6/gen_cache_wt.i_cache_subsystem/i_wt_dcache/i_wt_dcache_mem/rd_hit_oh_q[1]_i_56_n_1
    SLICE_X52Y47         LUT6 (Prop_lut6_I5_O)        0.124     7.412 r  i_ariane/i_cva6/gen_cache_wt.i_cache_subsystem/i_wt_dcache/i_wt_dcache_mem/rd_hit_oh_q[1]_i_32/O
                         net (fo=3, routed)           0.657     8.068    i_ariane/i_cva6/gen_cache_wt.i_cache_subsystem/i_wt_dcache/i_wt_dcache_missunit/data_rdata_q[31]_i_36_1
    SLICE_X52Y47         LUT3 (Prop_lut3_I1_O)        0.150     8.218 r  i_ariane/i_cva6/gen_cache_wt.i_cache_subsystem/i_wt_dcache/i_wt_dcache_missunit/data_rdata_q[31]_i_52/O
                         net (fo=2, routed)           1.084     9.303    i_ariane/i_cva6/gen_cache_wt.i_cache_subsystem/i_wt_dcache/i_wt_dcache_missunit/data_rdata_q[31]_i_52_n_1
    SLICE_X42Y46         LUT6 (Prop_lut6_I5_O)        0.326     9.629 r  i_ariane/i_cva6/gen_cache_wt.i_cache_subsystem/i_wt_dcache/i_wt_dcache_missunit/data_rdata_q[31]_i_24/O
                         net (fo=1, routed)           0.000     9.629    i_ariane/i_cva6/gen_cache_wt.i_cache_subsystem/i_wt_dcache/i_wt_dcache_missunit/data_rdata_q[31]_i_24_n_1
    SLICE_X42Y46         CARRY4 (Prop_carry4_S[0]_CO[3])
                                                      0.513    10.142 r  i_ariane/i_cva6/gen_cache_wt.i_cache_subsystem/i_wt_dcache/i_wt_dcache_missunit/data_rdata_q_reg[31]_i_12/CO[3]
                         net (fo=1, routed)           0.000    10.142    i_ariane/i_cva6/gen_cache_wt.i_cache_subsystem/i_wt_dcache/i_wt_dcache_missunit/data_rdata_q_reg[31]_i_12_n_1
    SLICE_X42Y47         CARRY4 (Prop_carry4_CI_CO[2])
                                                      0.229    10.371 f  i_ariane/i_cva6/gen_cache_wt.i_cache_subsystem/i_wt_dcache/i_wt_dcache_missunit/data_rdata_q_reg[31]_i_9/CO[2]
                         net (fo=2, routed)           0.919    11.289    i_ariane/i_cva6/gen_cache_wt.i_cache_subsystem/i_wt_dcache/i_wt_dcache_wbuffer/data_rdata_q_reg[7]_0[0]
    SLICE_X31Y51         LUT5 (Prop_lut5_I0_O)        0.310    11.599 f  i_ariane/i_cva6/gen_cache_wt.i_cache_subsystem/i_wt_dcache/i_wt_dcache_wbuffer/data_rdata_q[31]_i_4/O
                         net (fo=37, routed)          0.614    12.213    i_ariane/i_cva6/gen_cache_wt.i_cache_subsystem/i_wt_dcache/i_wt_dcache_wbuffer/data_rdata_q[31]_i_4_n_1
    SLICE_X31Y50         LUT6 (Prop_lut6_I5_O)        0.124    12.337 r  i_ariane/i_cva6/gen_cache_wt.i_cache_subsystem/i_wt_dcache/i_wt_dcache_wbuffer/data_rdata_q[31]_i_8/O
                         net (fo=4, routed)           0.461    12.798    i_ariane/i_cva6/gen_cache_wt.i_cache_subsystem/i_wt_dcache/i_wt_dcache_wbuffer/data_rdata_q[31]_i_8_n_1
    SLICE_X29Y50         LUT4 (Prop_lut4_I0_O)        0.124    12.922 r  i_ariane/i_cva6/gen_cache_wt.i_cache_subsystem/i_wt_dcache/i_wt_dcache_wbuffer/data_rdata_q[23]_i_3/O
                         net (fo=8, routed)           0.810    13.731    i_ariane/i_cva6/gen_cache_wt.i_cache_subsystem/i_wt_dcache/i_wt_dcache_wbuffer/data_rdata_q[23]_i_3_n_1
    SLICE_X22Y48         LUT5 (Prop_lut5_I1_O)        0.124    13.855 r  i_ariane/i_cva6/gen_cache_wt.i_cache_subsystem/i_wt_dcache/i_wt_dcache_wbuffer/data_rdata_q[23]_i_1/O
                         net (fo=5, routed)           1.841    15.697    i_ariane/i_cva6/gen_cache_wt.i_cache_subsystem/i_wt_dcache/i_wt_dcache_wbuffer/req_port_i[data_rdata][23]
    SLICE_X35Y58         LUT6 (Prop_lut6_I5_O)        0.124    15.821 r  i_ariane/i_cva6/gen_cache_wt.i_cache_subsystem/i_wt_dcache/i_wt_dcache_wbuffer/result_o_reg[31]_i_10/O
                         net (fo=1, routed)           0.295    16.116    i_ariane/i_cva6/ex_stage_i/lsu_i/i_load_unit/rdata_sign_bit1__2
    SLICE_X35Y59         LUT6 (Prop_lut6_I0_O)        0.124    16.240 r  i_ariane/i_cva6/ex_stage_i/lsu_i/i_load_unit/result_o_reg[31]_i_3/O
                         net (fo=24, routed)          1.497    17.737    i_ariane/i_cva6/ex_stage_i/lsu_i/i_load_unit/rdata_sign_bit__5
    SLICE_X35Y55         LUT5 (Prop_lut5_I0_O)        0.124    17.861 r  i_ariane/i_cva6/ex_stage_i/lsu_i/i_load_unit/result_o_reg[12]_i_1/O
                         net (fo=1, routed)           0.711    18.573    i_ariane/i_cva6/ex_stage_i/lsu_i/i_load_unit/result_o_reg[12]_i_1_n_1
    SLICE_X35Y60         LDCE                                         r  i_ariane/i_cva6/ex_stage_i/lsu_i/i_load_unit/result_o_reg[12]/D
  -------------------------------------------------------------------    -------------------

Slack:                    inf
  Source:                 i_ariane/i_cva6/csr_regfile_i/mstatus_q_reg[mpp][1]/C
                            (rising edge-triggered cell FDCE clocked by clk_out1_xlnx_clk_gen  {rise@0.000ns fall@10.000ns period=20.000ns})
  Destination:            i_ariane/i_cva6/ex_stage_i/lsu_i/i_load_unit/result_o_reg[26]/D
  Path Group:             (none)
  Path Type:              Max at Slow Process Corner
  Data Path Delay:        19.444ns  (logic 4.104ns (21.106%)  route 15.340ns (78.894%))
  Logic Levels:           18  (CARRY4=2 LUT3=1 LUT4=3 LUT5=4 LUT6=8)
  Clock Uncertainty:      0.172ns  ((TSJ^2 + DJ^2)^1/2) / 2 + PE
    Total System Jitter     (TSJ):    0.050ns
    Discrete Jitter          (DJ):    0.142ns
    Phase Error              (PE):    0.097ns

    Location             Delay type                Incr(ns)  Path(ns)    Netlist Resource(s)
  -------------------------------------------------------------------    -------------------
                         (clock clk_out1_xlnx_clk_gen rise edge)
                                                      0.000     0.000 r  
    K17                                               0.000     0.000 r  clk_sys (IN)
                         net (fo=0)                   0.000     0.000    i_xlnx_clk_gen/inst/clk_in1
    K17                  IBUF (Prop_ibuf_I_O)         1.475     1.475 r  i_xlnx_clk_gen/inst/clkin1_ibufg/O
                         net (fo=1, routed)           1.285     2.760    i_xlnx_clk_gen/inst/clk_in1_xlnx_clk_gen
    MMCME2_ADV_X1Y2      MMCME2_ADV (Prop_mmcme2_adv_CLKIN1_CLKOUT0)
                                                     -7.759    -4.999 r  i_xlnx_clk_gen/inst/mmcm_adv_inst/CLKOUT0
                         net (fo=1, routed)           2.206    -2.793    i_xlnx_clk_gen/inst/clk_out1_xlnx_clk_gen
    BUFGCTRL_X0Y16       BUFG (Prop_bufg_I_O)         0.101    -2.692 r  i_xlnx_clk_gen/inst/clkout1_buf/O
                         net (fo=20038, routed)       1.782    -0.910    i_ariane/i_cva6/csr_regfile_i/clk_out1
    SLICE_X92Y58         FDCE                                         r  i_ariane/i_cva6/csr_regfile_i/mstatus_q_reg[mpp][1]/C
  -------------------------------------------------------------------    -------------------
    SLICE_X92Y58         FDCE (Prop_fdce_C_Q)         0.518    -0.392 f  i_ariane/i_cva6/csr_regfile_i/mstatus_q_reg[mpp][1]/Q
                         net (fo=5, routed)           1.252     0.860    i_ariane/i_cva6/csr_regfile_i/mstatus_q_reg[mpp][1]_0[1]
    SLICE_X82Y60         LUT5 (Prop_lut5_I0_O)        0.150     1.010 f  i_ariane/i_cva6/csr_regfile_i/gen_register.d_o[34]_i_5/O
                         net (fo=1, routed)           1.211     2.221    i_ariane/i_cva6/csr_regfile_i/ld_st_priv_lvl_csr_ex[1]
    SLICE_X67Y52         LUT4 (Prop_lut4_I0_O)        0.348     2.569 f  i_ariane/i_cva6/csr_regfile_i/gen_register.d_o[34]_i_3/O
                         net (fo=4, routed)           0.648     3.217    i_ariane/i_cva6/ex_stage_i/lsu_i/gen_mmu_sv32.i_cva6_mmu/i_ptw/gen_register.d_o_reg[33]
    SLICE_X54Y51         LUT6 (Prop_lut6_I2_O)        0.124     3.341 r  i_ariane/i_cva6/ex_stage_i/lsu_i/gen_mmu_sv32.i_cva6_mmu/i_ptw/gen_register.d_o[33]_i_1/O
                         net (fo=51, routed)          1.174     4.515    i_ariane/i_cva6/ex_stage_i/lsu_i/i_load_unit/store_exception_ex_id[cause][0]
    SLICE_X41Y62         LUT6 (Prop_lut6_I0_O)        0.124     4.639 r  i_ariane/i_cva6/ex_stage_i/lsu_i/i_load_unit/FSM_sequential_state_q[1]_i_4__4/O
                         net (fo=12, routed)          0.822     5.461    i_ariane/i_cva6/gen_cache_wt.i_cache_subsystem/i_wt_dcache/gen_rd_ports[1].i_wt_dcache_ctrl/dcache_req_ports_ex_cache[1][kill_req]
    SLICE_X41Y54         LUT5 (Prop_lut5_I1_O)        0.118     5.579 r  i_ariane/i_cva6/gen_cache_wt.i_cache_subsystem/i_wt_dcache/gen_rd_ports[1].i_wt_dcache_ctrl/rd_hit_oh_q[1]_i_35/O
                         net (fo=22, routed)          0.777     6.356    i_ariane/i_cva6/gen_cache_wt.i_cache_subsystem/i_wt_dcache/i_wt_dcache_mem/rd_hit_oh_q[1]_i_32_0
    SLICE_X47Y45         LUT6 (Prop_lut6_I4_O)        0.326     6.682 f  i_ariane/i_cva6/gen_cache_wt.i_cache_subsystem/i_wt_dcache/i_wt_dcache_mem/rd_hit_oh_q[1]_i_56/O
                         net (fo=1, routed)           0.606     7.288    i_ariane/i_cva6/gen_cache_wt.i_cache_subsystem/i_wt_dcache/i_wt_dcache_mem/rd_hit_oh_q[1]_i_56_n_1
    SLICE_X52Y47         LUT6 (Prop_lut6_I5_O)        0.124     7.412 r  i_ariane/i_cva6/gen_cache_wt.i_cache_subsystem/i_wt_dcache/i_wt_dcache_mem/rd_hit_oh_q[1]_i_32/O
                         net (fo=3, routed)           0.657     8.068    i_ariane/i_cva6/gen_cache_wt.i_cache_subsystem/i_wt_dcache/i_wt_dcache_missunit/data_rdata_q[31]_i_36_1
    SLICE_X52Y47         LUT3 (Prop_lut3_I1_O)        0.150     8.218 r  i_ariane/i_cva6/gen_cache_wt.i_cache_subsystem/i_wt_dcache/i_wt_dcache_missunit/data_rdata_q[31]_i_52/O
                         net (fo=2, routed)           1.084     9.303    i_ariane/i_cva6/gen_cache_wt.i_cache_subsystem/i_wt_dcache/i_wt_dcache_missunit/data_rdata_q[31]_i_52_n_1
    SLICE_X42Y46         LUT6 (Prop_lut6_I5_O)        0.326     9.629 r  i_ariane/i_cva6/gen_cache_wt.i_cache_subsystem/i_wt_dcache/i_wt_dcache_missunit/data_rdata_q[31]_i_24/O
                         net (fo=1, routed)           0.000     9.629    i_ariane/i_cva6/gen_cache_wt.i_cache_subsystem/i_wt_dcache/i_wt_dcache_missunit/data_rdata_q[31]_i_24_n_1
    SLICE_X42Y46         CARRY4 (Prop_carry4_S[0]_CO[3])
                                                      0.513    10.142 r  i_ariane/i_cva6/gen_cache_wt.i_cache_subsystem/i_wt_dcache/i_wt_dcache_missunit/data_rdata_q_reg[31]_i_12/CO[3]
                         net (fo=1, routed)           0.000    10.142    i_ariane/i_cva6/gen_cache_wt.i_cache_subsystem/i_wt_dcache/i_wt_dcache_missunit/data_rdata_q_reg[31]_i_12_n_1
    SLICE_X42Y47         CARRY4 (Prop_carry4_CI_CO[2])
                                                      0.229    10.371 f  i_ariane/i_cva6/gen_cache_wt.i_cache_subsystem/i_wt_dcache/i_wt_dcache_missunit/data_rdata_q_reg[31]_i_9/CO[2]
                         net (fo=2, routed)           0.919    11.289    i_ariane/i_cva6/gen_cache_wt.i_cache_subsystem/i_wt_dcache/i_wt_dcache_wbuffer/data_rdata_q_reg[7]_0[0]
    SLICE_X31Y51         LUT5 (Prop_lut5_I0_O)        0.310    11.599 f  i_ariane/i_cva6/gen_cache_wt.i_cache_subsystem/i_wt_dcache/i_wt_dcache_wbuffer/data_rdata_q[31]_i_4/O
                         net (fo=37, routed)          0.614    12.213    i_ariane/i_cva6/gen_cache_wt.i_cache_subsystem/i_wt_dcache/i_wt_dcache_wbuffer/data_rdata_q[31]_i_4_n_1
    SLICE_X31Y50         LUT6 (Prop_lut6_I5_O)        0.124    12.337 r  i_ariane/i_cva6/gen_cache_wt.i_cache_subsystem/i_wt_dcache/i_wt_dcache_wbuffer/data_rdata_q[31]_i_8/O
                         net (fo=4, routed)           0.461    12.798    i_ariane/i_cva6/gen_cache_wt.i_cache_subsystem/i_wt_dcache/i_wt_dcache_wbuffer/data_rdata_q[31]_i_8_n_1
    SLICE_X29Y50         LUT4 (Prop_lut4_I0_O)        0.124    12.922 r  i_ariane/i_cva6/gen_cache_wt.i_cache_subsystem/i_wt_dcache/i_wt_dcache_wbuffer/data_rdata_q[23]_i_3/O
                         net (fo=8, routed)           0.810    13.731    i_ariane/i_cva6/gen_cache_wt.i_cache_subsystem/i_wt_dcache/i_wt_dcache_wbuffer/data_rdata_q[23]_i_3_n_1
    SLICE_X22Y48         LUT5 (Prop_lut5_I1_O)        0.124    13.855 r  i_ariane/i_cva6/gen_cache_wt.i_cache_subsystem/i_wt_dcache/i_wt_dcache_wbuffer/data_rdata_q[23]_i_1/O
                         net (fo=5, routed)           1.841    15.697    i_ariane/i_cva6/gen_cache_wt.i_cache_subsystem/i_wt_dcache/i_wt_dcache_wbuffer/req_port_i[data_rdata][23]
    SLICE_X35Y58         LUT6 (Prop_lut6_I5_O)        0.124    15.821 r  i_ariane/i_cva6/gen_cache_wt.i_cache_subsystem/i_wt_dcache/i_wt_dcache_wbuffer/result_o_reg[31]_i_10/O
                         net (fo=1, routed)           0.295    16.116    i_ariane/i_cva6/ex_stage_i/lsu_i/i_load_unit/rdata_sign_bit1__2
    SLICE_X35Y59         LUT6 (Prop_lut6_I0_O)        0.124    16.240 r  i_ariane/i_cva6/ex_stage_i/lsu_i/i_load_unit/result_o_reg[31]_i_3/O
                         net (fo=24, routed)          1.323    17.563    i_ariane/i_cva6/ex_stage_i/lsu_i/i_load_unit/rdata_sign_bit__5
    SLICE_X38Y58         LUT4 (Prop_lut4_I1_O)        0.124    17.687 r  i_ariane/i_cva6/ex_stage_i/lsu_i/i_load_unit/result_o_reg[26]_i_1/O
                         net (fo=1, routed)           0.848    18.534    i_ariane/i_cva6/ex_stage_i/lsu_i/i_load_unit/result_o_reg[26]_i_1_n_1
    SLICE_X39Y67         LDCE                                         r  i_ariane/i_cva6/ex_stage_i/lsu_i/i_load_unit/result_o_reg[26]/D
  -------------------------------------------------------------------    -------------------

Slack:                    inf
  Source:                 i_ariane/i_cva6/csr_regfile_i/mstatus_q_reg[mpp][1]/C
                            (rising edge-triggered cell FDCE clocked by clk_out1_xlnx_clk_gen  {rise@0.000ns fall@10.000ns period=20.000ns})
  Destination:            i_ariane/i_cva6/ex_stage_i/lsu_i/i_load_unit/result_o_reg[13]/D
  Path Group:             (none)
  Path Type:              Max at Slow Process Corner
  Data Path Delay:        19.416ns  (logic 4.104ns (21.138%)  route 15.312ns (78.862%))
  Logic Levels:           18  (CARRY4=2 LUT3=1 LUT4=2 LUT5=5 LUT6=8)
  Clock Uncertainty:      0.172ns  ((TSJ^2 + DJ^2)^1/2) / 2 + PE
    Total System Jitter     (TSJ):    0.050ns
    Discrete Jitter          (DJ):    0.142ns
    Phase Error              (PE):    0.097ns

    Location             Delay type                Incr(ns)  Path(ns)    Netlist Resource(s)
  -------------------------------------------------------------------    -------------------
                         (clock clk_out1_xlnx_clk_gen rise edge)
                                                      0.000     0.000 r  
    K17                                               0.000     0.000 r  clk_sys (IN)
                         net (fo=0)                   0.000     0.000    i_xlnx_clk_gen/inst/clk_in1
    K17                  IBUF (Prop_ibuf_I_O)         1.475     1.475 r  i_xlnx_clk_gen/inst/clkin1_ibufg/O
                         net (fo=1, routed)           1.285     2.760    i_xlnx_clk_gen/inst/clk_in1_xlnx_clk_gen
    MMCME2_ADV_X1Y2      MMCME2_ADV (Prop_mmcme2_adv_CLKIN1_CLKOUT0)
                                                     -7.759    -4.999 r  i_xlnx_clk_gen/inst/mmcm_adv_inst/CLKOUT0
                         net (fo=1, routed)           2.206    -2.793    i_xlnx_clk_gen/inst/clk_out1_xlnx_clk_gen
    BUFGCTRL_X0Y16       BUFG (Prop_bufg_I_O)         0.101    -2.692 r  i_xlnx_clk_gen/inst/clkout1_buf/O
                         net (fo=20038, routed)       1.782    -0.910    i_ariane/i_cva6/csr_regfile_i/clk_out1
    SLICE_X92Y58         FDCE                                         r  i_ariane/i_cva6/csr_regfile_i/mstatus_q_reg[mpp][1]/C
  -------------------------------------------------------------------    -------------------
    SLICE_X92Y58         FDCE (Prop_fdce_C_Q)         0.518    -0.392 f  i_ariane/i_cva6/csr_regfile_i/mstatus_q_reg[mpp][1]/Q
                         net (fo=5, routed)           1.252     0.860    i_ariane/i_cva6/csr_regfile_i/mstatus_q_reg[mpp][1]_0[1]
    SLICE_X82Y60         LUT5 (Prop_lut5_I0_O)        0.150     1.010 f  i_ariane/i_cva6/csr_regfile_i/gen_register.d_o[34]_i_5/O
                         net (fo=1, routed)           1.211     2.221    i_ariane/i_cva6/csr_regfile_i/ld_st_priv_lvl_csr_ex[1]
    SLICE_X67Y52         LUT4 (Prop_lut4_I0_O)        0.348     2.569 f  i_ariane/i_cva6/csr_regfile_i/gen_register.d_o[34]_i_3/O
                         net (fo=4, routed)           0.648     3.217    i_ariane/i_cva6/ex_stage_i/lsu_i/gen_mmu_sv32.i_cva6_mmu/i_ptw/gen_register.d_o_reg[33]
    SLICE_X54Y51         LUT6 (Prop_lut6_I2_O)        0.124     3.341 r  i_ariane/i_cva6/ex_stage_i/lsu_i/gen_mmu_sv32.i_cva6_mmu/i_ptw/gen_register.d_o[33]_i_1/O
                         net (fo=51, routed)          1.174     4.515    i_ariane/i_cva6/ex_stage_i/lsu_i/i_load_unit/store_exception_ex_id[cause][0]
    SLICE_X41Y62         LUT6 (Prop_lut6_I0_O)        0.124     4.639 r  i_ariane/i_cva6/ex_stage_i/lsu_i/i_load_unit/FSM_sequential_state_q[1]_i_4__4/O
                         net (fo=12, routed)          0.822     5.461    i_ariane/i_cva6/gen_cache_wt.i_cache_subsystem/i_wt_dcache/gen_rd_ports[1].i_wt_dcache_ctrl/dcache_req_ports_ex_cache[1][kill_req]
    SLICE_X41Y54         LUT5 (Prop_lut5_I1_O)        0.118     5.579 r  i_ariane/i_cva6/gen_cache_wt.i_cache_subsystem/i_wt_dcache/gen_rd_ports[1].i_wt_dcache_ctrl/rd_hit_oh_q[1]_i_35/O
                         net (fo=22, routed)          0.777     6.356    i_ariane/i_cva6/gen_cache_wt.i_cache_subsystem/i_wt_dcache/i_wt_dcache_mem/rd_hit_oh_q[1]_i_32_0
    SLICE_X47Y45         LUT6 (Prop_lut6_I4_O)        0.326     6.682 f  i_ariane/i_cva6/gen_cache_wt.i_cache_subsystem/i_wt_dcache/i_wt_dcache_mem/rd_hit_oh_q[1]_i_56/O
                         net (fo=1, routed)           0.606     7.288    i_ariane/i_cva6/gen_cache_wt.i_cache_subsystem/i_wt_dcache/i_wt_dcache_mem/rd_hit_oh_q[1]_i_56_n_1
    SLICE_X52Y47         LUT6 (Prop_lut6_I5_O)        0.124     7.412 r  i_ariane/i_cva6/gen_cache_wt.i_cache_subsystem/i_wt_dcache/i_wt_dcache_mem/rd_hit_oh_q[1]_i_32/O
                         net (fo=3, routed)           0.657     8.068    i_ariane/i_cva6/gen_cache_wt.i_cache_subsystem/i_wt_dcache/i_wt_dcache_missunit/data_rdata_q[31]_i_36_1
    SLICE_X52Y47         LUT3 (Prop_lut3_I1_O)        0.150     8.218 r  i_ariane/i_cva6/gen_cache_wt.i_cache_subsystem/i_wt_dcache/i_wt_dcache_missunit/data_rdata_q[31]_i_52/O
                         net (fo=2, routed)           1.084     9.303    i_ariane/i_cva6/gen_cache_wt.i_cache_subsystem/i_wt_dcache/i_wt_dcache_missunit/data_rdata_q[31]_i_52_n_1
    SLICE_X42Y46         LUT6 (Prop_lut6_I5_O)        0.326     9.629 r  i_ariane/i_cva6/gen_cache_wt.i_cache_subsystem/i_wt_dcache/i_wt_dcache_missunit/data_rdata_q[31]_i_24/O
                         net (fo=1, routed)           0.000     9.629    i_ariane/i_cva6/gen_cache_wt.i_cache_subsystem/i_wt_dcache/i_wt_dcache_missunit/data_rdata_q[31]_i_24_n_1
    SLICE_X42Y46         CARRY4 (Prop_carry4_S[0]_CO[3])
                                                      0.513    10.142 r  i_ariane/i_cva6/gen_cache_wt.i_cache_subsystem/i_wt_dcache/i_wt_dcache_missunit/data_rdata_q_reg[31]_i_12/CO[3]
                         net (fo=1, routed)           0.000    10.142    i_ariane/i_cva6/gen_cache_wt.i_cache_subsystem/i_wt_dcache/i_wt_dcache_missunit/data_rdata_q_reg[31]_i_12_n_1
    SLICE_X42Y47         CARRY4 (Prop_carry4_CI_CO[2])
                                                      0.229    10.371 f  i_ariane/i_cva6/gen_cache_wt.i_cache_subsystem/i_wt_dcache/i_wt_dcache_missunit/data_rdata_q_reg[31]_i_9/CO[2]
                         net (fo=2, routed)           0.919    11.289    i_ariane/i_cva6/gen_cache_wt.i_cache_subsystem/i_wt_dcache/i_wt_dcache_wbuffer/data_rdata_q_reg[7]_0[0]
    SLICE_X31Y51         LUT5 (Prop_lut5_I0_O)        0.310    11.599 f  i_ariane/i_cva6/gen_cache_wt.i_cache_subsystem/i_wt_dcache/i_wt_dcache_wbuffer/data_rdata_q[31]_i_4/O
                         net (fo=37, routed)          0.614    12.213    i_ariane/i_cva6/gen_cache_wt.i_cache_subsystem/i_wt_dcache/i_wt_dcache_wbuffer/data_rdata_q[31]_i_4_n_1
    SLICE_X31Y50         LUT6 (Prop_lut6_I5_O)        0.124    12.337 r  i_ariane/i_cva6/gen_cache_wt.i_cache_subsystem/i_wt_dcache/i_wt_dcache_wbuffer/data_rdata_q[31]_i_8/O
                         net (fo=4, routed)           0.461    12.798    i_ariane/i_cva6/gen_cache_wt.i_cache_subsystem/i_wt_dcache/i_wt_dcache_wbuffer/data_rdata_q[31]_i_8_n_1
    SLICE_X29Y50         LUT4 (Prop_lut4_I0_O)        0.124    12.922 r  i_ariane/i_cva6/gen_cache_wt.i_cache_subsystem/i_wt_dcache/i_wt_dcache_wbuffer/data_rdata_q[23]_i_3/O
                         net (fo=8, routed)           0.810    13.731    i_ariane/i_cva6/gen_cache_wt.i_cache_subsystem/i_wt_dcache/i_wt_dcache_wbuffer/data_rdata_q[23]_i_3_n_1
    SLICE_X22Y48         LUT5 (Prop_lut5_I1_O)        0.124    13.855 r  i_ariane/i_cva6/gen_cache_wt.i_cache_subsystem/i_wt_dcache/i_wt_dcache_wbuffer/data_rdata_q[23]_i_1/O
                         net (fo=5, routed)           1.841    15.697    i_ariane/i_cva6/gen_cache_wt.i_cache_subsystem/i_wt_dcache/i_wt_dcache_wbuffer/req_port_i[data_rdata][23]
    SLICE_X35Y58         LUT6 (Prop_lut6_I5_O)        0.124    15.821 r  i_ariane/i_cva6/gen_cache_wt.i_cache_subsystem/i_wt_dcache/i_wt_dcache_wbuffer/result_o_reg[31]_i_10/O
                         net (fo=1, routed)           0.295    16.116    i_ariane/i_cva6/ex_stage_i/lsu_i/i_load_unit/rdata_sign_bit1__2
    SLICE_X35Y59         LUT6 (Prop_lut6_I0_O)        0.124    16.240 r  i_ariane/i_cva6/ex_stage_i/lsu_i/i_load_unit/result_o_reg[31]_i_3/O
                         net (fo=24, routed)          1.329    17.569    i_ariane/i_cva6/ex_stage_i/lsu_i/i_load_unit/rdata_sign_bit__5
    SLICE_X32Y56         LUT5 (Prop_lut5_I0_O)        0.124    17.693 r  i_ariane/i_cva6/ex_stage_i/lsu_i/i_load_unit/result_o_reg[13]_i_1/O
                         net (fo=1, routed)           0.812    18.506    i_ariane/i_cva6/ex_stage_i/lsu_i/i_load_unit/result_o_reg[13]_i_1_n_1
    SLICE_X32Y65         LDCE                                         r  i_ariane/i_cva6/ex_stage_i/lsu_i/i_load_unit/result_o_reg[13]/D
  -------------------------------------------------------------------    -------------------

Slack:                    inf
  Source:                 i_ariane/i_cva6/csr_regfile_i/mstatus_q_reg[mpp][1]/C
                            (rising edge-triggered cell FDCE clocked by clk_out1_xlnx_clk_gen  {rise@0.000ns fall@10.000ns period=20.000ns})
  Destination:            i_ariane/i_cva6/ex_stage_i/lsu_i/i_load_unit/result_o_reg[27]/D
  Path Group:             (none)
  Path Type:              Max at Slow Process Corner
  Data Path Delay:        19.304ns  (logic 4.132ns (21.404%)  route 15.172ns (78.596%))
  Logic Levels:           18  (CARRY4=2 LUT3=1 LUT4=3 LUT5=4 LUT6=8)
  Clock Uncertainty:      0.172ns  ((TSJ^2 + DJ^2)^1/2) / 2 + PE
    Total System Jitter     (TSJ):    0.050ns
    Discrete Jitter          (DJ):    0.142ns
    Phase Error              (PE):    0.097ns

    Location             Delay type                Incr(ns)  Path(ns)    Netlist Resource(s)
  -------------------------------------------------------------------    -------------------
                         (clock clk_out1_xlnx_clk_gen rise edge)
                                                      0.000     0.000 r  
    K17                                               0.000     0.000 r  clk_sys (IN)
                         net (fo=0)                   0.000     0.000    i_xlnx_clk_gen/inst/clk_in1
    K17                  IBUF (Prop_ibuf_I_O)         1.475     1.475 r  i_xlnx_clk_gen/inst/clkin1_ibufg/O
                         net (fo=1, routed)           1.285     2.760    i_xlnx_clk_gen/inst/clk_in1_xlnx_clk_gen
    MMCME2_ADV_X1Y2      MMCME2_ADV (Prop_mmcme2_adv_CLKIN1_CLKOUT0)
                                                     -7.759    -4.999 r  i_xlnx_clk_gen/inst/mmcm_adv_inst/CLKOUT0
                         net (fo=1, routed)           2.206    -2.793    i_xlnx_clk_gen/inst/clk_out1_xlnx_clk_gen
    BUFGCTRL_X0Y16       BUFG (Prop_bufg_I_O)         0.101    -2.692 r  i_xlnx_clk_gen/inst/clkout1_buf/O
                         net (fo=20038, routed)       1.782    -0.910    i_ariane/i_cva6/csr_regfile_i/clk_out1
    SLICE_X92Y58         FDCE                                         r  i_ariane/i_cva6/csr_regfile_i/mstatus_q_reg[mpp][1]/C
  -------------------------------------------------------------------    -------------------
    SLICE_X92Y58         FDCE (Prop_fdce_C_Q)         0.518    -0.392 f  i_ariane/i_cva6/csr_regfile_i/mstatus_q_reg[mpp][1]/Q
                         net (fo=5, routed)           1.252     0.860    i_ariane/i_cva6/csr_regfile_i/mstatus_q_reg[mpp][1]_0[1]
    SLICE_X82Y60         LUT5 (Prop_lut5_I0_O)        0.150     1.010 f  i_ariane/i_cva6/csr_regfile_i/gen_register.d_o[34]_i_5/O
                         net (fo=1, routed)           1.211     2.221    i_ariane/i_cva6/csr_regfile_i/ld_st_priv_lvl_csr_ex[1]
    SLICE_X67Y52         LUT4 (Prop_lut4_I0_O)        0.348     2.569 f  i_ariane/i_cva6/csr_regfile_i/gen_register.d_o[34]_i_3/O
                         net (fo=4, routed)           0.648     3.217    i_ariane/i_cva6/ex_stage_i/lsu_i/gen_mmu_sv32.i_cva6_mmu/i_ptw/gen_register.d_o_reg[33]
    SLICE_X54Y51         LUT6 (Prop_lut6_I2_O)        0.124     3.341 r  i_ariane/i_cva6/ex_stage_i/lsu_i/gen_mmu_sv32.i_cva6_mmu/i_ptw/gen_register.d_o[33]_i_1/O
                         net (fo=51, routed)          1.174     4.515    i_ariane/i_cva6/ex_stage_i/lsu_i/i_load_unit/store_exception_ex_id[cause][0]
    SLICE_X41Y62         LUT6 (Prop_lut6_I0_O)        0.124     4.639 r  i_ariane/i_cva6/ex_stage_i/lsu_i/i_load_unit/FSM_sequential_state_q[1]_i_4__4/O
                         net (fo=12, routed)          0.822     5.461    i_ariane/i_cva6/gen_cache_wt.i_cache_subsystem/i_wt_dcache/gen_rd_ports[1].i_wt_dcache_ctrl/dcache_req_ports_ex_cache[1][kill_req]
    SLICE_X41Y54         LUT5 (Prop_lut5_I1_O)        0.118     5.579 r  i_ariane/i_cva6/gen_cache_wt.i_cache_subsystem/i_wt_dcache/gen_rd_ports[1].i_wt_dcache_ctrl/rd_hit_oh_q[1]_i_35/O
                         net (fo=22, routed)          0.777     6.356    i_ariane/i_cva6/gen_cache_wt.i_cache_subsystem/i_wt_dcache/i_wt_dcache_mem/rd_hit_oh_q[1]_i_32_0
    SLICE_X47Y45         LUT6 (Prop_lut6_I4_O)        0.326     6.682 f  i_ariane/i_cva6/gen_cache_wt.i_cache_subsystem/i_wt_dcache/i_wt_dcache_mem/rd_hit_oh_q[1]_i_56/O
                         net (fo=1, routed)           0.606     7.288    i_ariane/i_cva6/gen_cache_wt.i_cache_subsystem/i_wt_dcache/i_wt_dcache_mem/rd_hit_oh_q[1]_i_56_n_1
    SLICE_X52Y47         LUT6 (Prop_lut6_I5_O)        0.124     7.412 r  i_ariane/i_cva6/gen_cache_wt.i_cache_subsystem/i_wt_dcache/i_wt_dcache_mem/rd_hit_oh_q[1]_i_32/O
                         net (fo=3, routed)           0.657     8.068    i_ariane/i_cva6/gen_cache_wt.i_cache_subsystem/i_wt_dcache/i_wt_dcache_missunit/data_rdata_q[31]_i_36_1
    SLICE_X52Y47         LUT3 (Prop_lut3_I1_O)        0.150     8.218 r  i_ariane/i_cva6/gen_cache_wt.i_cache_subsystem/i_wt_dcache/i_wt_dcache_missunit/data_rdata_q[31]_i_52/O
                         net (fo=2, routed)           1.084     9.303    i_ariane/i_cva6/gen_cache_wt.i_cache_subsystem/i_wt_dcache/i_wt_dcache_missunit/data_rdata_q[31]_i_52_n_1
    SLICE_X42Y46         LUT6 (Prop_lut6_I5_O)        0.326     9.629 r  i_ariane/i_cva6/gen_cache_wt.i_cache_subsystem/i_wt_dcache/i_wt_dcache_missunit/data_rdata_q[31]_i_24/O
                         net (fo=1, routed)           0.000     9.629    i_ariane/i_cva6/gen_cache_wt.i_cache_subsystem/i_wt_dcache/i_wt_dcache_missunit/data_rdata_q[31]_i_24_n_1
    SLICE_X42Y46         CARRY4 (Prop_carry4_S[0]_CO[3])
                                                      0.513    10.142 r  i_ariane/i_cva6/gen_cache_wt.i_cache_subsystem/i_wt_dcache/i_wt_dcache_missunit/data_rdata_q_reg[31]_i_12/CO[3]
                         net (fo=1, routed)           0.000    10.142    i_ariane/i_cva6/gen_cache_wt.i_cache_subsystem/i_wt_dcache/i_wt_dcache_missunit/data_rdata_q_reg[31]_i_12_n_1
    SLICE_X42Y47         CARRY4 (Prop_carry4_CI_CO[2])
                                                      0.229    10.371 f  i_ariane/i_cva6/gen_cache_wt.i_cache_subsystem/i_wt_dcache/i_wt_dcache_missunit/data_rdata_q_reg[31]_i_9/CO[2]
                         net (fo=2, routed)           0.919    11.289    i_ariane/i_cva6/gen_cache_wt.i_cache_subsystem/i_wt_dcache/i_wt_dcache_wbuffer/data_rdata_q_reg[7]_0[0]
    SLICE_X31Y51         LUT5 (Prop_lut5_I0_O)        0.310    11.599 f  i_ariane/i_cva6/gen_cache_wt.i_cache_subsystem/i_wt_dcache/i_wt_dcache_wbuffer/data_rdata_q[31]_i_4/O
                         net (fo=37, routed)          0.614    12.213    i_ariane/i_cva6/gen_cache_wt.i_cache_subsystem/i_wt_dcache/i_wt_dcache_wbuffer/data_rdata_q[31]_i_4_n_1
    SLICE_X31Y50         LUT6 (Prop_lut6_I5_O)        0.124    12.337 r  i_ariane/i_cva6/gen_cache_wt.i_cache_subsystem/i_wt_dcache/i_wt_dcache_wbuffer/data_rdata_q[31]_i_8/O
                         net (fo=4, routed)           0.461    12.798    i_ariane/i_cva6/gen_cache_wt.i_cache_subsystem/i_wt_dcache/i_wt_dcache_wbuffer/data_rdata_q[31]_i_8_n_1
    SLICE_X29Y50         LUT4 (Prop_lut4_I0_O)        0.124    12.922 r  i_ariane/i_cva6/gen_cache_wt.i_cache_subsystem/i_wt_dcache/i_wt_dcache_wbuffer/data_rdata_q[23]_i_3/O
                         net (fo=8, routed)           0.810    13.731    i_ariane/i_cva6/gen_cache_wt.i_cache_subsystem/i_wt_dcache/i_wt_dcache_wbuffer/data_rdata_q[23]_i_3_n_1
    SLICE_X22Y48         LUT5 (Prop_lut5_I1_O)        0.124    13.855 r  i_ariane/i_cva6/gen_cache_wt.i_cache_subsystem/i_wt_dcache/i_wt_dcache_wbuffer/data_rdata_q[23]_i_1/O
                         net (fo=5, routed)           1.841    15.697    i_ariane/i_cva6/gen_cache_wt.i_cache_subsystem/i_wt_dcache/i_wt_dcache_wbuffer/req_port_i[data_rdata][23]
    SLICE_X35Y58         LUT6 (Prop_lut6_I5_O)        0.124    15.821 r  i_ariane/i_cva6/gen_cache_wt.i_cache_subsystem/i_wt_dcache/i_wt_dcache_wbuffer/result_o_reg[31]_i_10/O
                         net (fo=1, routed)           0.295    16.116    i_ariane/i_cva6/ex_stage_i/lsu_i/i_load_unit/rdata_sign_bit1__2
    SLICE_X35Y59         LUT6 (Prop_lut6_I0_O)        0.124    16.240 r  i_ariane/i_cva6/ex_stage_i/lsu_i/i_load_unit/result_o_reg[31]_i_3/O
                         net (fo=24, routed)          1.323    17.563    i_ariane/i_cva6/ex_stage_i/lsu_i/i_load_unit/rdata_sign_bit__5
    SLICE_X38Y58         LUT4 (Prop_lut4_I1_O)        0.152    17.715 r  i_ariane/i_cva6/ex_stage_i/lsu_i/i_load_unit/result_o_reg[27]_i_1/O
                         net (fo=1, routed)           0.680    18.394    i_ariane/i_cva6/ex_stage_i/lsu_i/i_load_unit/result_o_reg[27]_i_1_n_1
    SLICE_X39Y67         LDCE                                         r  i_ariane/i_cva6/ex_stage_i/lsu_i/i_load_unit/result_o_reg[27]/D
  -------------------------------------------------------------------    -------------------

Slack:                    inf
  Source:                 i_ariane/i_cva6/csr_regfile_i/mstatus_q_reg[mpp][1]/C
                            (rising edge-triggered cell FDCE clocked by clk_out1_xlnx_clk_gen  {rise@0.000ns fall@10.000ns period=20.000ns})
  Destination:            i_ariane/i_cva6/ex_stage_i/lsu_i/i_load_unit/result_o_reg[16]/D
  Path Group:             (none)
  Path Type:              Max at Slow Process Corner
  Data Path Delay:        19.297ns  (logic 4.104ns (21.267%)  route 15.193ns (78.733%))
  Logic Levels:           18  (CARRY4=2 LUT3=1 LUT4=2 LUT5=4 LUT6=9)
  Clock Uncertainty:      0.172ns  ((TSJ^2 + DJ^2)^1/2) / 2 + PE
    Total System Jitter     (TSJ):    0.050ns
    Discrete Jitter          (DJ):    0.142ns
    Phase Error              (PE):    0.097ns

    Location             Delay type                Incr(ns)  Path(ns)    Netlist Resource(s)
  -------------------------------------------------------------------    -------------------
                         (clock clk_out1_xlnx_clk_gen rise edge)
                                                      0.000     0.000 r  
    K17                                               0.000     0.000 r  clk_sys (IN)
                         net (fo=0)                   0.000     0.000    i_xlnx_clk_gen/inst/clk_in1
    K17                  IBUF (Prop_ibuf_I_O)         1.475     1.475 r  i_xlnx_clk_gen/inst/clkin1_ibufg/O
                         net (fo=1, routed)           1.285     2.760    i_xlnx_clk_gen/inst/clk_in1_xlnx_clk_gen
    MMCME2_ADV_X1Y2      MMCME2_ADV (Prop_mmcme2_adv_CLKIN1_CLKOUT0)
                                                     -7.759    -4.999 r  i_xlnx_clk_gen/inst/mmcm_adv_inst/CLKOUT0
                         net (fo=1, routed)           2.206    -2.793    i_xlnx_clk_gen/inst/clk_out1_xlnx_clk_gen
    BUFGCTRL_X0Y16       BUFG (Prop_bufg_I_O)         0.101    -2.692 r  i_xlnx_clk_gen/inst/clkout1_buf/O
                         net (fo=20038, routed)       1.782    -0.910    i_ariane/i_cva6/csr_regfile_i/clk_out1
    SLICE_X92Y58         FDCE                                         r  i_ariane/i_cva6/csr_regfile_i/mstatus_q_reg[mpp][1]/C
  -------------------------------------------------------------------    -------------------
    SLICE_X92Y58         FDCE (Prop_fdce_C_Q)         0.518    -0.392 f  i_ariane/i_cva6/csr_regfile_i/mstatus_q_reg[mpp][1]/Q
                         net (fo=5, routed)           1.252     0.860    i_ariane/i_cva6/csr_regfile_i/mstatus_q_reg[mpp][1]_0[1]
    SLICE_X82Y60         LUT5 (Prop_lut5_I0_O)        0.150     1.010 f  i_ariane/i_cva6/csr_regfile_i/gen_register.d_o[34]_i_5/O
                         net (fo=1, routed)           1.211     2.221    i_ariane/i_cva6/csr_regfile_i/ld_st_priv_lvl_csr_ex[1]
    SLICE_X67Y52         LUT4 (Prop_lut4_I0_O)        0.348     2.569 f  i_ariane/i_cva6/csr_regfile_i/gen_register.d_o[34]_i_3/O
                         net (fo=4, routed)           0.648     3.217    i_ariane/i_cva6/ex_stage_i/lsu_i/gen_mmu_sv32.i_cva6_mmu/i_ptw/gen_register.d_o_reg[33]
    SLICE_X54Y51         LUT6 (Prop_lut6_I2_O)        0.124     3.341 r  i_ariane/i_cva6/ex_stage_i/lsu_i/gen_mmu_sv32.i_cva6_mmu/i_ptw/gen_register.d_o[33]_i_1/O
                         net (fo=51, routed)          1.174     4.515    i_ariane/i_cva6/ex_stage_i/lsu_i/i_load_unit/store_exception_ex_id[cause][0]
    SLICE_X41Y62         LUT6 (Prop_lut6_I0_O)        0.124     4.639 r  i_ariane/i_cva6/ex_stage_i/lsu_i/i_load_unit/FSM_sequential_state_q[1]_i_4__4/O
                         net (fo=12, routed)          0.822     5.461    i_ariane/i_cva6/gen_cache_wt.i_cache_subsystem/i_wt_dcache/gen_rd_ports[1].i_wt_dcache_ctrl/dcache_req_ports_ex_cache[1][kill_req]
    SLICE_X41Y54         LUT5 (Prop_lut5_I1_O)        0.118     5.579 r  i_ariane/i_cva6/gen_cache_wt.i_cache_subsystem/i_wt_dcache/gen_rd_ports[1].i_wt_dcache_ctrl/rd_hit_oh_q[1]_i_35/O
                         net (fo=22, routed)          0.777     6.356    i_ariane/i_cva6/gen_cache_wt.i_cache_subsystem/i_wt_dcache/i_wt_dcache_mem/rd_hit_oh_q[1]_i_32_0
    SLICE_X47Y45         LUT6 (Prop_lut6_I4_O)        0.326     6.682 f  i_ariane/i_cva6/gen_cache_wt.i_cache_subsystem/i_wt_dcache/i_wt_dcache_mem/rd_hit_oh_q[1]_i_56/O
                         net (fo=1, routed)           0.606     7.288    i_ariane/i_cva6/gen_cache_wt.i_cache_subsystem/i_wt_dcache/i_wt_dcache_mem/rd_hit_oh_q[1]_i_56_n_1
    SLICE_X52Y47         LUT6 (Prop_lut6_I5_O)        0.124     7.412 r  i_ariane/i_cva6/gen_cache_wt.i_cache_subsystem/i_wt_dcache/i_wt_dcache_mem/rd_hit_oh_q[1]_i_32/O
                         net (fo=3, routed)           0.657     8.068    i_ariane/i_cva6/gen_cache_wt.i_cache_subsystem/i_wt_dcache/i_wt_dcache_missunit/data_rdata_q[31]_i_36_1
    SLICE_X52Y47         LUT3 (Prop_lut3_I1_O)        0.150     8.218 r  i_ariane/i_cva6/gen_cache_wt.i_cache_subsystem/i_wt_dcache/i_wt_dcache_missunit/data_rdata_q[31]_i_52/O
                         net (fo=2, routed)           1.084     9.303    i_ariane/i_cva6/gen_cache_wt.i_cache_subsystem/i_wt_dcache/i_wt_dcache_missunit/data_rdata_q[31]_i_52_n_1
    SLICE_X42Y46         LUT6 (Prop_lut6_I5_O)        0.326     9.629 r  i_ariane/i_cva6/gen_cache_wt.i_cache_subsystem/i_wt_dcache/i_wt_dcache_missunit/data_rdata_q[31]_i_24/O
                         net (fo=1, routed)           0.000     9.629    i_ariane/i_cva6/gen_cache_wt.i_cache_subsystem/i_wt_dcache/i_wt_dcache_missunit/data_rdata_q[31]_i_24_n_1
    SLICE_X42Y46         CARRY4 (Prop_carry4_S[0]_CO[3])
                                                      0.513    10.142 r  i_ariane/i_cva6/gen_cache_wt.i_cache_subsystem/i_wt_dcache/i_wt_dcache_missunit/data_rdata_q_reg[31]_i_12/CO[3]
                         net (fo=1, routed)           0.000    10.142    i_ariane/i_cva6/gen_cache_wt.i_cache_subsystem/i_wt_dcache/i_wt_dcache_missunit/data_rdata_q_reg[31]_i_12_n_1
    SLICE_X42Y47         CARRY4 (Prop_carry4_CI_CO[2])
                                                      0.229    10.371 f  i_ariane/i_cva6/gen_cache_wt.i_cache_subsystem/i_wt_dcache/i_wt_dcache_missunit/data_rdata_q_reg[31]_i_9/CO[2]
                         net (fo=2, routed)           0.919    11.289    i_ariane/i_cva6/gen_cache_wt.i_cache_subsystem/i_wt_dcache/i_wt_dcache_wbuffer/data_rdata_q_reg[7]_0[0]
    SLICE_X31Y51         LUT5 (Prop_lut5_I0_O)        0.310    11.599 f  i_ariane/i_cva6/gen_cache_wt.i_cache_subsystem/i_wt_dcache/i_wt_dcache_wbuffer/data_rdata_q[31]_i_4/O
                         net (fo=37, routed)          0.614    12.213    i_ariane/i_cva6/gen_cache_wt.i_cache_subsystem/i_wt_dcache/i_wt_dcache_wbuffer/data_rdata_q[31]_i_4_n_1
    SLICE_X31Y50         LUT6 (Prop_lut6_I5_O)        0.124    12.337 r  i_ariane/i_cva6/gen_cache_wt.i_cache_subsystem/i_wt_dcache/i_wt_dcache_wbuffer/data_rdata_q[31]_i_8/O
                         net (fo=4, routed)           0.461    12.798    i_ariane/i_cva6/gen_cache_wt.i_cache_subsystem/i_wt_dcache/i_wt_dcache_wbuffer/data_rdata_q[31]_i_8_n_1
    SLICE_X29Y50         LUT4 (Prop_lut4_I0_O)        0.124    12.922 r  i_ariane/i_cva6/gen_cache_wt.i_cache_subsystem/i_wt_dcache/i_wt_dcache_wbuffer/data_rdata_q[23]_i_3/O
                         net (fo=8, routed)           0.810    13.731    i_ariane/i_cva6/gen_cache_wt.i_cache_subsystem/i_wt_dcache/i_wt_dcache_wbuffer/data_rdata_q[23]_i_3_n_1
    SLICE_X22Y48         LUT5 (Prop_lut5_I1_O)        0.124    13.855 r  i_ariane/i_cva6/gen_cache_wt.i_cache_subsystem/i_wt_dcache/i_wt_dcache_wbuffer/data_rdata_q[23]_i_1/O
                         net (fo=5, routed)           1.841    15.697    i_ariane/i_cva6/gen_cache_wt.i_cache_subsystem/i_wt_dcache/i_wt_dcache_wbuffer/req_port_i[data_rdata][23]
    SLICE_X35Y58         LUT6 (Prop_lut6_I5_O)        0.124    15.821 r  i_ariane/i_cva6/gen_cache_wt.i_cache_subsystem/i_wt_dcache/i_wt_dcache_wbuffer/result_o_reg[31]_i_10/O
                         net (fo=1, routed)           0.295    16.116    i_ariane/i_cva6/ex_stage_i/lsu_i/i_load_unit/rdata_sign_bit1__2
    SLICE_X35Y59         LUT6 (Prop_lut6_I0_O)        0.124    16.240 r  i_ariane/i_cva6/ex_stage_i/lsu_i/i_load_unit/result_o_reg[31]_i_3/O
                         net (fo=24, routed)          1.308    17.548    i_ariane/i_cva6/ex_stage_i/lsu_i/i_load_unit/rdata_sign_bit__5
    SLICE_X37Y58         LUT6 (Prop_lut6_I1_O)        0.124    17.672 r  i_ariane/i_cva6/ex_stage_i/lsu_i/i_load_unit/result_o_reg[16]_i_1/O
                         net (fo=1, routed)           0.715    18.387    i_ariane/i_cva6/ex_stage_i/lsu_i/i_load_unit/result_o_reg[16]_i_1_n_1
    SLICE_X37Y64         LDCE                                         r  i_ariane/i_cva6/ex_stage_i/lsu_i/i_load_unit/result_o_reg[16]/D
  -------------------------------------------------------------------    -------------------

Slack:                    inf
  Source:                 i_ariane/i_cva6/csr_regfile_i/mstatus_q_reg[mpp][1]/C
                            (rising edge-triggered cell FDCE clocked by clk_out1_xlnx_clk_gen  {rise@0.000ns fall@10.000ns period=20.000ns})
  Destination:            i_ariane/i_cva6/ex_stage_i/lsu_i/i_load_unit/result_o_reg[9]/D
  Path Group:             (none)
  Path Type:              Max at Slow Process Corner
  Data Path Delay:        19.245ns  (logic 4.104ns (21.325%)  route 15.141ns (78.675%))
  Logic Levels:           18  (CARRY4=2 LUT3=1 LUT4=2 LUT5=5 LUT6=8)
  Clock Uncertainty:      0.172ns  ((TSJ^2 + DJ^2)^1/2) / 2 + PE
    Total System Jitter     (TSJ):    0.050ns
    Discrete Jitter          (DJ):    0.142ns
    Phase Error              (PE):    0.097ns

    Location             Delay type                Incr(ns)  Path(ns)    Netlist Resource(s)
  -------------------------------------------------------------------    -------------------
                         (clock clk_out1_xlnx_clk_gen rise edge)
                                                      0.000     0.000 r  
    K17                                               0.000     0.000 r  clk_sys (IN)
                         net (fo=0)                   0.000     0.000    i_xlnx_clk_gen/inst/clk_in1
    K17                  IBUF (Prop_ibuf_I_O)         1.475     1.475 r  i_xlnx_clk_gen/inst/clkin1_ibufg/O
                         net (fo=1, routed)           1.285     2.760    i_xlnx_clk_gen/inst/clk_in1_xlnx_clk_gen
    MMCME2_ADV_X1Y2      MMCME2_ADV (Prop_mmcme2_adv_CLKIN1_CLKOUT0)
                                                     -7.759    -4.999 r  i_xlnx_clk_gen/inst/mmcm_adv_inst/CLKOUT0
                         net (fo=1, routed)           2.206    -2.793    i_xlnx_clk_gen/inst/clk_out1_xlnx_clk_gen
    BUFGCTRL_X0Y16       BUFG (Prop_bufg_I_O)         0.101    -2.692 r  i_xlnx_clk_gen/inst/clkout1_buf/O
                         net (fo=20038, routed)       1.782    -0.910    i_ariane/i_cva6/csr_regfile_i/clk_out1
    SLICE_X92Y58         FDCE                                         r  i_ariane/i_cva6/csr_regfile_i/mstatus_q_reg[mpp][1]/C
  -------------------------------------------------------------------    -------------------
    SLICE_X92Y58         FDCE (Prop_fdce_C_Q)         0.518    -0.392 f  i_ariane/i_cva6/csr_regfile_i/mstatus_q_reg[mpp][1]/Q
                         net (fo=5, routed)           1.252     0.860    i_ariane/i_cva6/csr_regfile_i/mstatus_q_reg[mpp][1]_0[1]
    SLICE_X82Y60         LUT5 (Prop_lut5_I0_O)        0.150     1.010 f  i_ariane/i_cva6/csr_regfile_i/gen_register.d_o[34]_i_5/O
                         net (fo=1, routed)           1.211     2.221    i_ariane/i_cva6/csr_regfile_i/ld_st_priv_lvl_csr_ex[1]
    SLICE_X67Y52         LUT4 (Prop_lut4_I0_O)        0.348     2.569 f  i_ariane/i_cva6/csr_regfile_i/gen_register.d_o[34]_i_3/O
                         net (fo=4, routed)           0.648     3.217    i_ariane/i_cva6/ex_stage_i/lsu_i/gen_mmu_sv32.i_cva6_mmu/i_ptw/gen_register.d_o_reg[33]
    SLICE_X54Y51         LUT6 (Prop_lut6_I2_O)        0.124     3.341 r  i_ariane/i_cva6/ex_stage_i/lsu_i/gen_mmu_sv32.i_cva6_mmu/i_ptw/gen_register.d_o[33]_i_1/O
                         net (fo=51, routed)          1.174     4.515    i_ariane/i_cva6/ex_stage_i/lsu_i/i_load_unit/store_exception_ex_id[cause][0]
    SLICE_X41Y62         LUT6 (Prop_lut6_I0_O)        0.124     4.639 r  i_ariane/i_cva6/ex_stage_i/lsu_i/i_load_unit/FSM_sequential_state_q[1]_i_4__4/O
                         net (fo=12, routed)          0.822     5.461    i_ariane/i_cva6/gen_cache_wt.i_cache_subsystem/i_wt_dcache/gen_rd_ports[1].i_wt_dcache_ctrl/dcache_req_ports_ex_cache[1][kill_req]
    SLICE_X41Y54         LUT5 (Prop_lut5_I1_O)        0.118     5.579 r  i_ariane/i_cva6/gen_cache_wt.i_cache_subsystem/i_wt_dcache/gen_rd_ports[1].i_wt_dcache_ctrl/rd_hit_oh_q[1]_i_35/O
                         net (fo=22, routed)          0.777     6.356    i_ariane/i_cva6/gen_cache_wt.i_cache_subsystem/i_wt_dcache/i_wt_dcache_mem/rd_hit_oh_q[1]_i_32_0
    SLICE_X47Y45         LUT6 (Prop_lut6_I4_O)        0.326     6.682 f  i_ariane/i_cva6/gen_cache_wt.i_cache_subsystem/i_wt_dcache/i_wt_dcache_mem/rd_hit_oh_q[1]_i_56/O
                         net (fo=1, routed)           0.606     7.288    i_ariane/i_cva6/gen_cache_wt.i_cache_subsystem/i_wt_dcache/i_wt_dcache_mem/rd_hit_oh_q[1]_i_56_n_1
    SLICE_X52Y47         LUT6 (Prop_lut6_I5_O)        0.124     7.412 r  i_ariane/i_cva6/gen_cache_wt.i_cache_subsystem/i_wt_dcache/i_wt_dcache_mem/rd_hit_oh_q[1]_i_32/O
                         net (fo=3, routed)           0.657     8.068    i_ariane/i_cva6/gen_cache_wt.i_cache_subsystem/i_wt_dcache/i_wt_dcache_missunit/data_rdata_q[31]_i_36_1
    SLICE_X52Y47         LUT3 (Prop_lut3_I1_O)        0.150     8.218 r  i_ariane/i_cva6/gen_cache_wt.i_cache_subsystem/i_wt_dcache/i_wt_dcache_missunit/data_rdata_q[31]_i_52/O
                         net (fo=2, routed)           1.084     9.303    i_ariane/i_cva6/gen_cache_wt.i_cache_subsystem/i_wt_dcache/i_wt_dcache_missunit/data_rdata_q[31]_i_52_n_1
    SLICE_X42Y46         LUT6 (Prop_lut6_I5_O)        0.326     9.629 r  i_ariane/i_cva6/gen_cache_wt.i_cache_subsystem/i_wt_dcache/i_wt_dcache_missunit/data_rdata_q[31]_i_24/O
                         net (fo=1, routed)           0.000     9.629    i_ariane/i_cva6/gen_cache_wt.i_cache_subsystem/i_wt_dcache/i_wt_dcache_missunit/data_rdata_q[31]_i_24_n_1
    SLICE_X42Y46         CARRY4 (Prop_carry4_S[0]_CO[3])
                                                      0.513    10.142 r  i_ariane/i_cva6/gen_cache_wt.i_cache_subsystem/i_wt_dcache/i_wt_dcache_missunit/data_rdata_q_reg[31]_i_12/CO[3]
                         net (fo=1, routed)           0.000    10.142    i_ariane/i_cva6/gen_cache_wt.i_cache_subsystem/i_wt_dcache/i_wt_dcache_missunit/data_rdata_q_reg[31]_i_12_n_1
    SLICE_X42Y47         CARRY4 (Prop_carry4_CI_CO[2])
                                                      0.229    10.371 f  i_ariane/i_cva6/gen_cache_wt.i_cache_subsystem/i_wt_dcache/i_wt_dcache_missunit/data_rdata_q_reg[31]_i_9/CO[2]
                         net (fo=2, routed)           0.919    11.289    i_ariane/i_cva6/gen_cache_wt.i_cache_subsystem/i_wt_dcache/i_wt_dcache_wbuffer/data_rdata_q_reg[7]_0[0]
    SLICE_X31Y51         LUT5 (Prop_lut5_I0_O)        0.310    11.599 f  i_ariane/i_cva6/gen_cache_wt.i_cache_subsystem/i_wt_dcache/i_wt_dcache_wbuffer/data_rdata_q[31]_i_4/O
                         net (fo=37, routed)          0.614    12.213    i_ariane/i_cva6/gen_cache_wt.i_cache_subsystem/i_wt_dcache/i_wt_dcache_wbuffer/data_rdata_q[31]_i_4_n_1
    SLICE_X31Y50         LUT6 (Prop_lut6_I5_O)        0.124    12.337 r  i_ariane/i_cva6/gen_cache_wt.i_cache_subsystem/i_wt_dcache/i_wt_dcache_wbuffer/data_rdata_q[31]_i_8/O
                         net (fo=4, routed)           0.461    12.798    i_ariane/i_cva6/gen_cache_wt.i_cache_subsystem/i_wt_dcache/i_wt_dcache_wbuffer/data_rdata_q[31]_i_8_n_1
    SLICE_X29Y50         LUT4 (Prop_lut4_I0_O)        0.124    12.922 r  i_ariane/i_cva6/gen_cache_wt.i_cache_subsystem/i_wt_dcache/i_wt_dcache_wbuffer/data_rdata_q[23]_i_3/O
                         net (fo=8, routed)           0.810    13.731    i_ariane/i_cva6/gen_cache_wt.i_cache_subsystem/i_wt_dcache/i_wt_dcache_wbuffer/data_rdata_q[23]_i_3_n_1
    SLICE_X22Y48         LUT5 (Prop_lut5_I1_O)        0.124    13.855 r  i_ariane/i_cva6/gen_cache_wt.i_cache_subsystem/i_wt_dcache/i_wt_dcache_wbuffer/data_rdata_q[23]_i_1/O
                         net (fo=5, routed)           1.841    15.697    i_ariane/i_cva6/gen_cache_wt.i_cache_subsystem/i_wt_dcache/i_wt_dcache_wbuffer/req_port_i[data_rdata][23]
    SLICE_X35Y58         LUT6 (Prop_lut6_I5_O)        0.124    15.821 r  i_ariane/i_cva6/gen_cache_wt.i_cache_subsystem/i_wt_dcache/i_wt_dcache_wbuffer/result_o_reg[31]_i_10/O
                         net (fo=1, routed)           0.295    16.116    i_ariane/i_cva6/ex_stage_i/lsu_i/i_load_unit/rdata_sign_bit1__2
    SLICE_X35Y59         LUT6 (Prop_lut6_I0_O)        0.124    16.240 r  i_ariane/i_cva6/ex_stage_i/lsu_i/i_load_unit/result_o_reg[31]_i_3/O
                         net (fo=24, routed)          1.100    17.340    i_ariane/i_cva6/ex_stage_i/lsu_i/i_load_unit/rdata_sign_bit__5
    SLICE_X32Y55         LUT5 (Prop_lut5_I0_O)        0.124    17.464 r  i_ariane/i_cva6/ex_stage_i/lsu_i/i_load_unit/result_o_reg[9]_i_1/O
                         net (fo=1, routed)           0.870    18.335    i_ariane/i_cva6/ex_stage_i/lsu_i/i_load_unit/result_o_reg[9]_i_1_n_1
    SLICE_X34Y67         LDCE                                         r  i_ariane/i_cva6/ex_stage_i/lsu_i/i_load_unit/result_o_reg[9]/D
  -------------------------------------------------------------------    -------------------

Slack:                    inf
  Source:                 i_ariane/i_cva6/csr_regfile_i/mstatus_q_reg[mpp][1]/C
                            (rising edge-triggered cell FDCE clocked by clk_out1_xlnx_clk_gen  {rise@0.000ns fall@10.000ns period=20.000ns})
  Destination:            i_ariane/i_cva6/ex_stage_i/lsu_i/i_load_unit/result_o_reg[23]/D
  Path Group:             (none)
  Path Type:              Max at Slow Process Corner
  Data Path Delay:        19.239ns  (logic 4.104ns (21.332%)  route 15.135ns (78.668%))
  Logic Levels:           18  (CARRY4=2 LUT3=1 LUT4=2 LUT5=4 LUT6=9)
  Clock Uncertainty:      0.172ns  ((TSJ^2 + DJ^2)^1/2) / 2 + PE
    Total System Jitter     (TSJ):    0.050ns
    Discrete Jitter          (DJ):    0.142ns
    Phase Error              (PE):    0.097ns

    Location             Delay type                Incr(ns)  Path(ns)    Netlist Resource(s)
  -------------------------------------------------------------------    -------------------
                         (clock clk_out1_xlnx_clk_gen rise edge)
                                                      0.000     0.000 r  
    K17                                               0.000     0.000 r  clk_sys (IN)
                         net (fo=0)                   0.000     0.000    i_xlnx_clk_gen/inst/clk_in1
    K17                  IBUF (Prop_ibuf_I_O)         1.475     1.475 r  i_xlnx_clk_gen/inst/clkin1_ibufg/O
                         net (fo=1, routed)           1.285     2.760    i_xlnx_clk_gen/inst/clk_in1_xlnx_clk_gen
    MMCME2_ADV_X1Y2      MMCME2_ADV (Prop_mmcme2_adv_CLKIN1_CLKOUT0)
                                                     -7.759    -4.999 r  i_xlnx_clk_gen/inst/mmcm_adv_inst/CLKOUT0
                         net (fo=1, routed)           2.206    -2.793    i_xlnx_clk_gen/inst/clk_out1_xlnx_clk_gen
    BUFGCTRL_X0Y16       BUFG (Prop_bufg_I_O)         0.101    -2.692 r  i_xlnx_clk_gen/inst/clkout1_buf/O
                         net (fo=20038, routed)       1.782    -0.910    i_ariane/i_cva6/csr_regfile_i/clk_out1
    SLICE_X92Y58         FDCE                                         r  i_ariane/i_cva6/csr_regfile_i/mstatus_q_reg[mpp][1]/C
  -------------------------------------------------------------------    -------------------
    SLICE_X92Y58         FDCE (Prop_fdce_C_Q)         0.518    -0.392 f  i_ariane/i_cva6/csr_regfile_i/mstatus_q_reg[mpp][1]/Q
                         net (fo=5, routed)           1.252     0.860    i_ariane/i_cva6/csr_regfile_i/mstatus_q_reg[mpp][1]_0[1]
    SLICE_X82Y60         LUT5 (Prop_lut5_I0_O)        0.150     1.010 f  i_ariane/i_cva6/csr_regfile_i/gen_register.d_o[34]_i_5/O
                         net (fo=1, routed)           1.211     2.221    i_ariane/i_cva6/csr_regfile_i/ld_st_priv_lvl_csr_ex[1]
    SLICE_X67Y52         LUT4 (Prop_lut4_I0_O)        0.348     2.569 f  i_ariane/i_cva6/csr_regfile_i/gen_register.d_o[34]_i_3/O
                         net (fo=4, routed)           0.648     3.217    i_ariane/i_cva6/ex_stage_i/lsu_i/gen_mmu_sv32.i_cva6_mmu/i_ptw/gen_register.d_o_reg[33]
    SLICE_X54Y51         LUT6 (Prop_lut6_I2_O)        0.124     3.341 r  i_ariane/i_cva6/ex_stage_i/lsu_i/gen_mmu_sv32.i_cva6_mmu/i_ptw/gen_register.d_o[33]_i_1/O
                         net (fo=51, routed)          1.174     4.515    i_ariane/i_cva6/ex_stage_i/lsu_i/i_load_unit/store_exception_ex_id[cause][0]
    SLICE_X41Y62         LUT6 (Prop_lut6_I0_O)        0.124     4.639 r  i_ariane/i_cva6/ex_stage_i/lsu_i/i_load_unit/FSM_sequential_state_q[1]_i_4__4/O
                         net (fo=12, routed)          0.822     5.461    i_ariane/i_cva6/gen_cache_wt.i_cache_subsystem/i_wt_dcache/gen_rd_ports[1].i_wt_dcache_ctrl/dcache_req_ports_ex_cache[1][kill_req]
    SLICE_X41Y54         LUT5 (Prop_lut5_I1_O)        0.118     5.579 r  i_ariane/i_cva6/gen_cache_wt.i_cache_subsystem/i_wt_dcache/gen_rd_ports[1].i_wt_dcache_ctrl/rd_hit_oh_q[1]_i_35/O
                         net (fo=22, routed)          0.777     6.356    i_ariane/i_cva6/gen_cache_wt.i_cache_subsystem/i_wt_dcache/i_wt_dcache_mem/rd_hit_oh_q[1]_i_32_0
    SLICE_X47Y45         LUT6 (Prop_lut6_I4_O)        0.326     6.682 f  i_ariane/i_cva6/gen_cache_wt.i_cache_subsystem/i_wt_dcache/i_wt_dcache_mem/rd_hit_oh_q[1]_i_56/O
                         net (fo=1, routed)           0.606     7.288    i_ariane/i_cva6/gen_cache_wt.i_cache_subsystem/i_wt_dcache/i_wt_dcache_mem/rd_hit_oh_q[1]_i_56_n_1
    SLICE_X52Y47         LUT6 (Prop_lut6_I5_O)        0.124     7.412 r  i_ariane/i_cva6/gen_cache_wt.i_cache_subsystem/i_wt_dcache/i_wt_dcache_mem/rd_hit_oh_q[1]_i_32/O
                         net (fo=3, routed)           0.657     8.068    i_ariane/i_cva6/gen_cache_wt.i_cache_subsystem/i_wt_dcache/i_wt_dcache_missunit/data_rdata_q[31]_i_36_1
    SLICE_X52Y47         LUT3 (Prop_lut3_I1_O)        0.150     8.218 r  i_ariane/i_cva6/gen_cache_wt.i_cache_subsystem/i_wt_dcache/i_wt_dcache_missunit/data_rdata_q[31]_i_52/O
                         net (fo=2, routed)           1.084     9.303    i_ariane/i_cva6/gen_cache_wt.i_cache_subsystem/i_wt_dcache/i_wt_dcache_missunit/data_rdata_q[31]_i_52_n_1
    SLICE_X42Y46         LUT6 (Prop_lut6_I5_O)        0.326     9.629 r  i_ariane/i_cva6/gen_cache_wt.i_cache_subsystem/i_wt_dcache/i_wt_dcache_missunit/data_rdata_q[31]_i_24/O
                         net (fo=1, routed)           0.000     9.629    i_ariane/i_cva6/gen_cache_wt.i_cache_subsystem/i_wt_dcache/i_wt_dcache_missunit/data_rdata_q[31]_i_24_n_1
    SLICE_X42Y46         CARRY4 (Prop_carry4_S[0]_CO[3])
                                                      0.513    10.142 r  i_ariane/i_cva6/gen_cache_wt.i_cache_subsystem/i_wt_dcache/i_wt_dcache_missunit/data_rdata_q_reg[31]_i_12/CO[3]
                         net (fo=1, routed)           0.000    10.142    i_ariane/i_cva6/gen_cache_wt.i_cache_subsystem/i_wt_dcache/i_wt_dcache_missunit/data_rdata_q_reg[31]_i_12_n_1
    SLICE_X42Y47         CARRY4 (Prop_carry4_CI_CO[2])
                                                      0.229    10.371 f  i_ariane/i_cva6/gen_cache_wt.i_cache_subsystem/i_wt_dcache/i_wt_dcache_missunit/data_rdata_q_reg[31]_i_9/CO[2]
                         net (fo=2, routed)           0.919    11.289    i_ariane/i_cva6/gen_cache_wt.i_cache_subsystem/i_wt_dcache/i_wt_dcache_wbuffer/data_rdata_q_reg[7]_0[0]
    SLICE_X31Y51         LUT5 (Prop_lut5_I0_O)        0.310    11.599 f  i_ariane/i_cva6/gen_cache_wt.i_cache_subsystem/i_wt_dcache/i_wt_dcache_wbuffer/data_rdata_q[31]_i_4/O
                         net (fo=37, routed)          0.614    12.213    i_ariane/i_cva6/gen_cache_wt.i_cache_subsystem/i_wt_dcache/i_wt_dcache_wbuffer/data_rdata_q[31]_i_4_n_1
    SLICE_X31Y50         LUT6 (Prop_lut6_I5_O)        0.124    12.337 r  i_ariane/i_cva6/gen_cache_wt.i_cache_subsystem/i_wt_dcache/i_wt_dcache_wbuffer/data_rdata_q[31]_i_8/O
                         net (fo=4, routed)           0.461    12.798    i_ariane/i_cva6/gen_cache_wt.i_cache_subsystem/i_wt_dcache/i_wt_dcache_wbuffer/data_rdata_q[31]_i_8_n_1
    SLICE_X29Y50         LUT4 (Prop_lut4_I0_O)        0.124    12.922 r  i_ariane/i_cva6/gen_cache_wt.i_cache_subsystem/i_wt_dcache/i_wt_dcache_wbuffer/data_rdata_q[23]_i_3/O
                         net (fo=8, routed)           0.810    13.731    i_ariane/i_cva6/gen_cache_wt.i_cache_subsystem/i_wt_dcache/i_wt_dcache_wbuffer/data_rdata_q[23]_i_3_n_1
    SLICE_X22Y48         LUT5 (Prop_lut5_I1_O)        0.124    13.855 r  i_ariane/i_cva6/gen_cache_wt.i_cache_subsystem/i_wt_dcache/i_wt_dcache_wbuffer/data_rdata_q[23]_i_1/O
                         net (fo=5, routed)           1.841    15.697    i_ariane/i_cva6/gen_cache_wt.i_cache_subsystem/i_wt_dcache/i_wt_dcache_wbuffer/req_port_i[data_rdata][23]
    SLICE_X35Y58         LUT6 (Prop_lut6_I5_O)        0.124    15.821 r  i_ariane/i_cva6/gen_cache_wt.i_cache_subsystem/i_wt_dcache/i_wt_dcache_wbuffer/result_o_reg[31]_i_10/O
                         net (fo=1, routed)           0.295    16.116    i_ariane/i_cva6/ex_stage_i/lsu_i/i_load_unit/rdata_sign_bit1__2
    SLICE_X35Y59         LUT6 (Prop_lut6_I0_O)        0.124    16.240 r  i_ariane/i_cva6/ex_stage_i/lsu_i/i_load_unit/result_o_reg[31]_i_3/O
                         net (fo=24, routed)          1.437    17.677    i_ariane/i_cva6/ex_stage_i/lsu_i/i_load_unit/rdata_sign_bit__5
    SLICE_X34Y59         LUT6 (Prop_lut6_I1_O)        0.124    17.801 r  i_ariane/i_cva6/ex_stage_i/lsu_i/i_load_unit/result_o_reg[23]_i_1/O
                         net (fo=1, routed)           0.528    18.329    i_ariane/i_cva6/ex_stage_i/lsu_i/i_load_unit/result_o_reg[23]_i_1_n_1
    SLICE_X34Y67         LDCE                                         r  i_ariane/i_cva6/ex_stage_i/lsu_i/i_load_unit/result_o_reg[23]/D
  -------------------------------------------------------------------    -------------------





Min Delay Paths
--------------------------------------------------------------------------------------
Slack:                    inf
  Source:                 i_ariane/i_cva6/ex_stage_i/lsu_i/i_load_unit/ldbuf_q_reg[0][address_offset][1]/C
                            (rising edge-triggered cell FDCE clocked by clk_out1_xlnx_clk_gen  {rise@0.000ns fall@10.000ns period=20.000ns})
  Destination:            i_ariane/i_cva6/ex_stage_i/lsu_i/i_load_unit/result_o_reg[29]/D
  Path Group:             (none)
  Path Type:              Min at Slow Process Corner
  Data Path Delay:        1.523ns  (logic 0.562ns (36.897%)  route 0.961ns (63.103%))
  Logic Levels:           2  (LUT4=1 LUT6=1)
  Clock Uncertainty:      0.172ns  ((TSJ^2 + DJ^2)^1/2) / 2 + PE
    Total System Jitter     (TSJ):    0.050ns
    Discrete Jitter          (DJ):    0.142ns
    Phase Error              (PE):    0.097ns

    Location             Delay type                Incr(ns)  Path(ns)    Netlist Resource(s)
  -------------------------------------------------------------------    -------------------
                         (clock clk_out1_xlnx_clk_gen rise edge)
                                                      0.000     0.000 r  
    K17                                               0.000     0.000 r  clk_sys (IN)
                         net (fo=0)                   0.000     0.000    i_xlnx_clk_gen/inst/clk_in1
    K17                  IBUF (Prop_ibuf_I_O)         1.404     1.404 r  i_xlnx_clk_gen/inst/clkin1_ibufg/O
                         net (fo=1, routed)           1.162     2.566    i_xlnx_clk_gen/inst/clk_in1_xlnx_clk_gen
    MMCME2_ADV_X1Y2      MMCME2_ADV (Prop_mmcme2_adv_CLKIN1_CLKOUT0)
                                                     -7.814    -5.248 r  i_xlnx_clk_gen/inst/mmcm_adv_inst/CLKOUT0
                         net (fo=1, routed)           2.012    -3.236    i_xlnx_clk_gen/inst/clk_out1_xlnx_clk_gen
    BUFGCTRL_X0Y16       BUFG (Prop_bufg_I_O)         0.091    -3.145 r  i_xlnx_clk_gen/inst/clkout1_buf/O
                         net (fo=20038, routed)       1.479    -1.666    i_ariane/i_cva6/ex_stage_i/lsu_i/i_load_unit/clk_out1
    SLICE_X35Y58         FDCE                                         r  i_ariane/i_cva6/ex_stage_i/lsu_i/i_load_unit/ldbuf_q_reg[0][address_offset][1]/C
  -------------------------------------------------------------------    -------------------
    SLICE_X35Y58         FDCE (Prop_fdce_C_Q)         0.367    -1.299 f  i_ariane/i_cva6/ex_stage_i/lsu_i/i_load_unit/ldbuf_q_reg[0][address_offset][1]/Q
                         net (fo=7, routed)           0.302    -0.997    i_ariane/i_cva6/ex_stage_i/lsu_i/i_load_unit/ldbuf_q_reg[0][address_offset][1]
    SLICE_X35Y57         LUT6 (Prop_lut6_I4_O)        0.100    -0.897 r  i_ariane/i_cva6/ex_stage_i/lsu_i/i_load_unit/result_o_reg[31]_i_4/O
                         net (fo=16, routed)          0.659    -0.238    i_ariane/i_cva6/ex_stage_i/lsu_i/i_load_unit/result_o_reg[31]_i_4_n_1
    SLICE_X37Y60         LUT4 (Prop_lut4_I3_O)        0.095    -0.143 r  i_ariane/i_cva6/ex_stage_i/lsu_i/i_load_unit/result_o_reg[29]_i_1/O
                         net (fo=1, routed)           0.000    -0.143    i_ariane/i_cva6/ex_stage_i/lsu_i/i_load_unit/result_o_reg[29]_i_1_n_1
    SLICE_X37Y60         LDCE                                         r  i_ariane/i_cva6/ex_stage_i/lsu_i/i_load_unit/result_o_reg[29]/D
  -------------------------------------------------------------------    -------------------

Slack:                    inf
  Source:                 i_ariane/i_cva6/ex_stage_i/lsu_i/i_load_unit/ldbuf_q_reg[0][address_offset][1]/C
                            (rising edge-triggered cell FDCE clocked by clk_out1_xlnx_clk_gen  {rise@0.000ns fall@10.000ns period=20.000ns})
  Destination:            i_ariane/i_cva6/ex_stage_i/lsu_i/i_load_unit/result_o_reg[31]/D
  Path Group:             (none)
  Path Type:              Min at Slow Process Corner
  Data Path Delay:        1.740ns  (logic 0.589ns (33.847%)  route 1.151ns (66.153%))
  Logic Levels:           2  (LUT4=1 LUT6=1)
  Clock Uncertainty:      0.172ns  ((TSJ^2 + DJ^2)^1/2) / 2 + PE
    Total System Jitter     (TSJ):    0.050ns
    Discrete Jitter          (DJ):    0.142ns
    Phase Error              (PE):    0.097ns

    Location             Delay type                Incr(ns)  Path(ns)    Netlist Resource(s)
  -------------------------------------------------------------------    -------------------
                         (clock clk_out1_xlnx_clk_gen rise edge)
                                                      0.000     0.000 r  
    K17                                               0.000     0.000 r  clk_sys (IN)
                         net (fo=0)                   0.000     0.000    i_xlnx_clk_gen/inst/clk_in1
    K17                  IBUF (Prop_ibuf_I_O)         1.404     1.404 r  i_xlnx_clk_gen/inst/clkin1_ibufg/O
                         net (fo=1, routed)           1.162     2.566    i_xlnx_clk_gen/inst/clk_in1_xlnx_clk_gen
    MMCME2_ADV_X1Y2      MMCME2_ADV (Prop_mmcme2_adv_CLKIN1_CLKOUT0)
                                                     -7.814    -5.248 r  i_xlnx_clk_gen/inst/mmcm_adv_inst/CLKOUT0
                         net (fo=1, routed)           2.012    -3.236    i_xlnx_clk_gen/inst/clk_out1_xlnx_clk_gen
    BUFGCTRL_X0Y16       BUFG (Prop_bufg_I_O)         0.091    -3.145 r  i_xlnx_clk_gen/inst/clkout1_buf/O
                         net (fo=20038, routed)       1.479    -1.666    i_ariane/i_cva6/ex_stage_i/lsu_i/i_load_unit/clk_out1
    SLICE_X35Y58         FDCE                                         r  i_ariane/i_cva6/ex_stage_i/lsu_i/i_load_unit/ldbuf_q_reg[0][address_offset][1]/C
  -------------------------------------------------------------------    -------------------
    SLICE_X35Y58         FDCE (Prop_fdce_C_Q)         0.367    -1.299 f  i_ariane/i_cva6/ex_stage_i/lsu_i/i_load_unit/ldbuf_q_reg[0][address_offset][1]/Q
                         net (fo=7, routed)           0.302    -0.997    i_ariane/i_cva6/ex_stage_i/lsu_i/i_load_unit/ldbuf_q_reg[0][address_offset][1]
    SLICE_X35Y57         LUT6 (Prop_lut6_I4_O)        0.100    -0.897 r  i_ariane/i_cva6/ex_stage_i/lsu_i/i_load_unit/result_o_reg[31]_i_4/O
                         net (fo=16, routed)          0.849    -0.048    i_ariane/i_cva6/ex_stage_i/lsu_i/i_load_unit/result_o_reg[31]_i_4_n_1
    SLICE_X37Y60         LUT4 (Prop_lut4_I3_O)        0.122     0.074 r  i_ariane/i_cva6/ex_stage_i/lsu_i/i_load_unit/result_o_reg[31]_i_1/O
                         net (fo=1, routed)           0.000     0.074    i_ariane/i_cva6/ex_stage_i/lsu_i/i_load_unit/result_o_reg[31]_i_1_n_1
    SLICE_X37Y60         LDCE                                         r  i_ariane/i_cva6/ex_stage_i/lsu_i/i_load_unit/result_o_reg[31]/D
  -------------------------------------------------------------------    -------------------

Slack:                    inf
  Source:                 i_ariane/i_cva6/ex_stage_i/lsu_i/i_load_unit/ldbuf_q_reg[0][address_offset][0]/C
                            (rising edge-triggered cell FDCE clocked by clk_out1_xlnx_clk_gen  {rise@0.000ns fall@10.000ns period=20.000ns})
  Destination:            i_ariane/i_cva6/ex_stage_i/lsu_i/i_load_unit/result_o_reg[19]/D
  Path Group:             (none)
  Path Type:              Min at Fast Process Corner
  Data Path Delay:        0.807ns  (logic 0.231ns (28.625%)  route 0.576ns (71.375%))
  Logic Levels:           2  (LUT6=2)
  Clock Uncertainty:      0.172ns  ((TSJ^2 + DJ^2)^1/2) / 2 + PE
    Total System Jitter     (TSJ):    0.050ns
    Discrete Jitter          (DJ):    0.142ns
    Phase Error              (PE):    0.097ns

    Location             Delay type                Incr(ns)  Path(ns)    Netlist Resource(s)
  -------------------------------------------------------------------    -------------------
                         (clock clk_out1_xlnx_clk_gen rise edge)
                                                      0.000     0.000 r  
    K17                                               0.000     0.000 r  clk_sys (IN)
                         net (fo=0)                   0.000     0.000    i_xlnx_clk_gen/inst/clk_in1
    K17                  IBUF (Prop_ibuf_I_O)         0.243     0.243 r  i_xlnx_clk_gen/inst/clkin1_ibufg/O
                         net (fo=1, routed)           0.440     0.683    i_xlnx_clk_gen/inst/clk_in1_xlnx_clk_gen
    MMCME2_ADV_X1Y2      MMCME2_ADV (Prop_mmcme2_adv_CLKIN1_CLKOUT0)
                                                     -2.613    -1.930 r  i_xlnx_clk_gen/inst/mmcm_adv_inst/CLKOUT0
                         net (fo=1, routed)           0.696    -1.233    i_xlnx_clk_gen/inst/clk_out1_xlnx_clk_gen
    BUFGCTRL_X0Y16       BUFG (Prop_bufg_I_O)         0.026    -1.207 r  i_xlnx_clk_gen/inst/clkout1_buf/O
                         net (fo=20038, routed)       0.557    -0.651    i_ariane/i_cva6/ex_stage_i/lsu_i/i_load_unit/clk_out1
    SLICE_X35Y58         FDCE                                         r  i_ariane/i_cva6/ex_stage_i/lsu_i/i_load_unit/ldbuf_q_reg[0][address_offset][0]/C
  -------------------------------------------------------------------    -------------------
    SLICE_X35Y58         FDCE (Prop_fdce_C_Q)         0.141    -0.510 r  i_ariane/i_cva6/ex_stage_i/lsu_i/i_load_unit/ldbuf_q_reg[0][address_offset][0]/Q
                         net (fo=8, routed)           0.121    -0.388    i_ariane/i_cva6/ex_stage_i/lsu_i/i_load_unit/ldbuf_q_reg[0][address_offset][0]
    SLICE_X34Y58         LUT6 (Prop_lut6_I4_O)        0.045    -0.343 r  i_ariane/i_cva6/ex_stage_i/lsu_i/i_load_unit/result_o_reg[23]_i_2/O
                         net (fo=8, routed)           0.256    -0.087    i_ariane/i_cva6/ex_stage_i/lsu_i/i_load_unit/result_o_reg[23]_i_2_n_1
    SLICE_X34Y56         LUT6 (Prop_lut6_I5_O)        0.045    -0.042 r  i_ariane/i_cva6/ex_stage_i/lsu_i/i_load_unit/result_o_reg[19]_i_1/O
                         net (fo=1, routed)           0.198     0.156    i_ariane/i_cva6/ex_stage_i/lsu_i/i_load_unit/result_o_reg[19]_i_1_n_1
    SLICE_X33Y63         LDCE                                         r  i_ariane/i_cva6/ex_stage_i/lsu_i/i_load_unit/result_o_reg[19]/D
  -------------------------------------------------------------------    -------------------

Slack:                    inf
  Source:                 i_ariane/i_cva6/ex_stage_i/lsu_i/i_load_unit/ldbuf_q_reg[1][address_offset][0]/C
                            (rising edge-triggered cell FDCE clocked by clk_out1_xlnx_clk_gen  {rise@0.000ns fall@10.000ns period=20.000ns})
  Destination:            i_ariane/i_cva6/ex_stage_i/lsu_i/i_load_unit/result_o_reg[8]/D
  Path Group:             (none)
  Path Type:              Min at Slow Process Corner
  Data Path Delay:        1.838ns  (logic 0.567ns (30.843%)  route 1.271ns (69.157%))
  Logic Levels:           2  (LUT5=1 LUT6=1)
  Clock Uncertainty:      0.172ns  ((TSJ^2 + DJ^2)^1/2) / 2 + PE
    Total System Jitter     (TSJ):    0.050ns
    Discrete Jitter          (DJ):    0.142ns
    Phase Error              (PE):    0.097ns

    Location             Delay type                Incr(ns)  Path(ns)    Netlist Resource(s)
  -------------------------------------------------------------------    -------------------
                         (clock clk_out1_xlnx_clk_gen rise edge)
                                                      0.000     0.000 r  
    K17                                               0.000     0.000 r  clk_sys (IN)
                         net (fo=0)                   0.000     0.000    i_xlnx_clk_gen/inst/clk_in1
    K17                  IBUF (Prop_ibuf_I_O)         1.404     1.404 r  i_xlnx_clk_gen/inst/clkin1_ibufg/O
                         net (fo=1, routed)           1.162     2.566    i_xlnx_clk_gen/inst/clk_in1_xlnx_clk_gen
    MMCME2_ADV_X1Y2      MMCME2_ADV (Prop_mmcme2_adv_CLKIN1_CLKOUT0)
                                                     -7.814    -5.248 r  i_xlnx_clk_gen/inst/mmcm_adv_inst/CLKOUT0
                         net (fo=1, routed)           2.012    -3.236    i_xlnx_clk_gen/inst/clk_out1_xlnx_clk_gen
    BUFGCTRL_X0Y16       BUFG (Prop_bufg_I_O)         0.091    -3.145 r  i_xlnx_clk_gen/inst/clkout1_buf/O
                         net (fo=20038, routed)       1.478    -1.667    i_ariane/i_cva6/ex_stage_i/lsu_i/i_load_unit/clk_out1
    SLICE_X35Y59         FDCE                                         r  i_ariane/i_cva6/ex_stage_i/lsu_i/i_load_unit/ldbuf_q_reg[1][address_offset][0]/C
  -------------------------------------------------------------------    -------------------
    SLICE_X35Y59         FDCE (Prop_fdce_C_Q)         0.367    -1.300 f  i_ariane/i_cva6/ex_stage_i/lsu_i/i_load_unit/ldbuf_q_reg[1][address_offset][0]/Q
                         net (fo=8, routed)           0.387    -0.913    i_ariane/i_cva6/ex_stage_i/lsu_i/i_load_unit/ldbuf_q_reg[1][address_offset][0]
    SLICE_X35Y57         LUT6 (Prop_lut6_I0_O)        0.100    -0.813 r  i_ariane/i_cva6/ex_stage_i/lsu_i/i_load_unit/result_o_reg[15]_i_4/O
                         net (fo=8, routed)           0.288    -0.525    i_ariane/i_cva6/ex_stage_i/lsu_i/i_load_unit/result_o_reg[15]_i_4_n_1
    SLICE_X33Y57         LUT5 (Prop_lut5_I3_O)        0.100    -0.425 r  i_ariane/i_cva6/ex_stage_i/lsu_i/i_load_unit/result_o_reg[8]_i_1/O
                         net (fo=1, routed)           0.596     0.171    i_ariane/i_cva6/ex_stage_i/lsu_i/i_load_unit/result_o_reg[8]_i_1_n_1
    SLICE_X33Y65         LDCE                                         r  i_ariane/i_cva6/ex_stage_i/lsu_i/i_load_unit/result_o_reg[8]/D
  -------------------------------------------------------------------    -------------------

Slack:                    inf
  Source:                 i_ariane/i_cva6/ex_stage_i/lsu_i/i_load_unit/ldbuf_q_reg[0][address_offset][1]/C
                            (rising edge-triggered cell FDCE clocked by clk_out1_xlnx_clk_gen  {rise@0.000ns fall@10.000ns period=20.000ns})
  Destination:            i_ariane/i_cva6/ex_stage_i/lsu_i/i_load_unit/result_o_reg[16]/D
  Path Group:             (none)
  Path Type:              Min at Fast Process Corner
  Data Path Delay:        0.891ns  (logic 0.231ns (25.935%)  route 0.660ns (74.065%))
  Logic Levels:           2  (LUT6=2)
  Clock Uncertainty:      0.172ns  ((TSJ^2 + DJ^2)^1/2) / 2 + PE
    Total System Jitter     (TSJ):    0.050ns
    Discrete Jitter          (DJ):    0.142ns
    Phase Error              (PE):    0.097ns

    Location             Delay type                Incr(ns)  Path(ns)    Netlist Resource(s)
  -------------------------------------------------------------------    -------------------
                         (clock clk_out1_xlnx_clk_gen rise edge)
                                                      0.000     0.000 r  
    K17                                               0.000     0.000 r  clk_sys (IN)
                         net (fo=0)                   0.000     0.000    i_xlnx_clk_gen/inst/clk_in1
    K17                  IBUF (Prop_ibuf_I_O)         0.243     0.243 r  i_xlnx_clk_gen/inst/clkin1_ibufg/O
                         net (fo=1, routed)           0.440     0.683    i_xlnx_clk_gen/inst/clk_in1_xlnx_clk_gen
    MMCME2_ADV_X1Y2      MMCME2_ADV (Prop_mmcme2_adv_CLKIN1_CLKOUT0)
                                                     -2.613    -1.930 r  i_xlnx_clk_gen/inst/mmcm_adv_inst/CLKOUT0
                         net (fo=1, routed)           0.696    -1.233    i_xlnx_clk_gen/inst/clk_out1_xlnx_clk_gen
    BUFGCTRL_X0Y16       BUFG (Prop_bufg_I_O)         0.026    -1.207 r  i_xlnx_clk_gen/inst/clkout1_buf/O
                         net (fo=20038, routed)       0.557    -0.651    i_ariane/i_cva6/ex_stage_i/lsu_i/i_load_unit/clk_out1
    SLICE_X35Y58         FDCE                                         r  i_ariane/i_cva6/ex_stage_i/lsu_i/i_load_unit/ldbuf_q_reg[0][address_offset][1]/C
  -------------------------------------------------------------------    -------------------
    SLICE_X35Y58         FDCE (Prop_fdce_C_Q)         0.141    -0.510 f  i_ariane/i_cva6/ex_stage_i/lsu_i/i_load_unit/ldbuf_q_reg[0][address_offset][1]/Q
                         net (fo=7, routed)           0.156    -0.353    i_ariane/i_cva6/ex_stage_i/lsu_i/i_load_unit/ldbuf_q_reg[0][address_offset][1]
    SLICE_X35Y57         LUT6 (Prop_lut6_I4_O)        0.045    -0.308 r  i_ariane/i_cva6/ex_stage_i/lsu_i/i_load_unit/result_o_reg[31]_i_4/O
                         net (fo=16, routed)          0.251    -0.057    i_ariane/i_cva6/ex_stage_i/lsu_i/i_load_unit/result_o_reg[31]_i_4_n_1
    SLICE_X37Y58         LUT6 (Prop_lut6_I2_O)        0.045    -0.012 r  i_ariane/i_cva6/ex_stage_i/lsu_i/i_load_unit/result_o_reg[16]_i_1/O
                         net (fo=1, routed)           0.252     0.240    i_ariane/i_cva6/ex_stage_i/lsu_i/i_load_unit/result_o_reg[16]_i_1_n_1
    SLICE_X37Y64         LDCE                                         r  i_ariane/i_cva6/ex_stage_i/lsu_i/i_load_unit/result_o_reg[16]/D
  -------------------------------------------------------------------    -------------------

Slack:                    inf
  Source:                 i_ariane/i_cva6/ex_stage_i/lsu_i/i_load_unit/ldbuf_q_reg[0][address_offset][0]/C
                            (rising edge-triggered cell FDCE clocked by clk_out1_xlnx_clk_gen  {rise@0.000ns fall@10.000ns period=20.000ns})
  Destination:            i_ariane/i_cva6/ex_stage_i/lsu_i/i_load_unit/result_o_reg[20]/D
  Path Group:             (none)
  Path Type:              Min at Fast Process Corner
  Data Path Delay:        0.892ns  (logic 0.231ns (25.895%)  route 0.661ns (74.105%))
  Logic Levels:           2  (LUT6=2)
  Clock Uncertainty:      0.172ns  ((TSJ^2 + DJ^2)^1/2) / 2 + PE
    Total System Jitter     (TSJ):    0.050ns
    Discrete Jitter          (DJ):    0.142ns
    Phase Error              (PE):    0.097ns

    Location             Delay type                Incr(ns)  Path(ns)    Netlist Resource(s)
  -------------------------------------------------------------------    -------------------
                         (clock clk_out1_xlnx_clk_gen rise edge)
                                                      0.000     0.000 r  
    K17                                               0.000     0.000 r  clk_sys (IN)
                         net (fo=0)                   0.000     0.000    i_xlnx_clk_gen/inst/clk_in1
    K17                  IBUF (Prop_ibuf_I_O)         0.243     0.243 r  i_xlnx_clk_gen/inst/clkin1_ibufg/O
                         net (fo=1, routed)           0.440     0.683    i_xlnx_clk_gen/inst/clk_in1_xlnx_clk_gen
    MMCME2_ADV_X1Y2      MMCME2_ADV (Prop_mmcme2_adv_CLKIN1_CLKOUT0)
                                                     -2.613    -1.930 r  i_xlnx_clk_gen/inst/mmcm_adv_inst/CLKOUT0
                         net (fo=1, routed)           0.696    -1.233    i_xlnx_clk_gen/inst/clk_out1_xlnx_clk_gen
    BUFGCTRL_X0Y16       BUFG (Prop_bufg_I_O)         0.026    -1.207 r  i_xlnx_clk_gen/inst/clkout1_buf/O
                         net (fo=20038, routed)       0.557    -0.651    i_ariane/i_cva6/ex_stage_i/lsu_i/i_load_unit/clk_out1
    SLICE_X35Y58         FDCE                                         r  i_ariane/i_cva6/ex_stage_i/lsu_i/i_load_unit/ldbuf_q_reg[0][address_offset][0]/C
  -------------------------------------------------------------------    -------------------
    SLICE_X35Y58         FDCE (Prop_fdce_C_Q)         0.141    -0.510 r  i_ariane/i_cva6/ex_stage_i/lsu_i/i_load_unit/ldbuf_q_reg[0][address_offset][0]/Q
                         net (fo=8, routed)           0.121    -0.388    i_ariane/i_cva6/ex_stage_i/lsu_i/i_load_unit/ldbuf_q_reg[0][address_offset][0]
    SLICE_X34Y58         LUT6 (Prop_lut6_I4_O)        0.045    -0.343 r  i_ariane/i_cva6/ex_stage_i/lsu_i/i_load_unit/result_o_reg[23]_i_2/O
                         net (fo=8, routed)           0.313    -0.030    i_ariane/i_cva6/ex_stage_i/lsu_i/i_load_unit/result_o_reg[23]_i_2_n_1
    SLICE_X35Y55         LUT6 (Prop_lut6_I5_O)        0.045     0.015 r  i_ariane/i_cva6/ex_stage_i/lsu_i/i_load_unit/result_o_reg[20]_i_1/O
                         net (fo=1, routed)           0.226     0.242    i_ariane/i_cva6/ex_stage_i/lsu_i/i_load_unit/result_o_reg[20]_i_1_n_1
    SLICE_X35Y60         LDCE                                         r  i_ariane/i_cva6/ex_stage_i/lsu_i/i_load_unit/result_o_reg[20]/D
  -------------------------------------------------------------------    -------------------

Slack:                    inf
  Source:                 i_ariane/i_cva6/ex_stage_i/lsu_i/i_load_unit/ldbuf_q_reg[0][address_offset][1]/C
                            (rising edge-triggered cell FDCE clocked by clk_out1_xlnx_clk_gen  {rise@0.000ns fall@10.000ns period=20.000ns})
  Destination:            i_ariane/i_cva6/ex_stage_i/lsu_i/i_load_unit/result_o_reg[23]/D
  Path Group:             (none)
  Path Type:              Min at Fast Process Corner
  Data Path Delay:        0.912ns  (logic 0.231ns (25.320%)  route 0.681ns (74.680%))
  Logic Levels:           2  (LUT6=2)
  Clock Uncertainty:      0.172ns  ((TSJ^2 + DJ^2)^1/2) / 2 + PE
    Total System Jitter     (TSJ):    0.050ns
    Discrete Jitter          (DJ):    0.142ns
    Phase Error              (PE):    0.097ns

    Location             Delay type                Incr(ns)  Path(ns)    Netlist Resource(s)
  -------------------------------------------------------------------    -------------------
                         (clock clk_out1_xlnx_clk_gen rise edge)
                                                      0.000     0.000 r  
    K17                                               0.000     0.000 r  clk_sys (IN)
                         net (fo=0)                   0.000     0.000    i_xlnx_clk_gen/inst/clk_in1
    K17                  IBUF (Prop_ibuf_I_O)         0.243     0.243 r  i_xlnx_clk_gen/inst/clkin1_ibufg/O
                         net (fo=1, routed)           0.440     0.683    i_xlnx_clk_gen/inst/clk_in1_xlnx_clk_gen
    MMCME2_ADV_X1Y2      MMCME2_ADV (Prop_mmcme2_adv_CLKIN1_CLKOUT0)
                                                     -2.613    -1.930 r  i_xlnx_clk_gen/inst/mmcm_adv_inst/CLKOUT0
                         net (fo=1, routed)           0.696    -1.233    i_xlnx_clk_gen/inst/clk_out1_xlnx_clk_gen
    BUFGCTRL_X0Y16       BUFG (Prop_bufg_I_O)         0.026    -1.207 r  i_xlnx_clk_gen/inst/clkout1_buf/O
                         net (fo=20038, routed)       0.557    -0.651    i_ariane/i_cva6/ex_stage_i/lsu_i/i_load_unit/clk_out1
    SLICE_X35Y58         FDCE                                         r  i_ariane/i_cva6/ex_stage_i/lsu_i/i_load_unit/ldbuf_q_reg[0][address_offset][1]/C
  -------------------------------------------------------------------    -------------------
    SLICE_X35Y58         FDCE (Prop_fdce_C_Q)         0.141    -0.510 f  i_ariane/i_cva6/ex_stage_i/lsu_i/i_load_unit/ldbuf_q_reg[0][address_offset][1]/Q
                         net (fo=7, routed)           0.156    -0.353    i_ariane/i_cva6/ex_stage_i/lsu_i/i_load_unit/ldbuf_q_reg[0][address_offset][1]
    SLICE_X35Y57         LUT6 (Prop_lut6_I4_O)        0.045    -0.308 r  i_ariane/i_cva6/ex_stage_i/lsu_i/i_load_unit/result_o_reg[31]_i_4/O
                         net (fo=16, routed)          0.326     0.018    i_ariane/i_cva6/ex_stage_i/lsu_i/i_load_unit/result_o_reg[31]_i_4_n_1
    SLICE_X34Y59         LUT6 (Prop_lut6_I2_O)        0.045     0.063 r  i_ariane/i_cva6/ex_stage_i/lsu_i/i_load_unit/result_o_reg[23]_i_1/O
                         net (fo=1, routed)           0.199     0.262    i_ariane/i_cva6/ex_stage_i/lsu_i/i_load_unit/result_o_reg[23]_i_1_n_1
    SLICE_X34Y67         LDCE                                         r  i_ariane/i_cva6/ex_stage_i/lsu_i/i_load_unit/result_o_reg[23]/D
  -------------------------------------------------------------------    -------------------

Slack:                    inf
  Source:                 i_ariane/i_cva6/ex_stage_i/lsu_i/i_load_unit/ldbuf_q_reg[0][address_offset][0]/C
                            (rising edge-triggered cell FDCE clocked by clk_out1_xlnx_clk_gen  {rise@0.000ns fall@10.000ns period=20.000ns})
  Destination:            i_ariane/i_cva6/ex_stage_i/lsu_i/i_load_unit/result_o_reg[17]/D
  Path Group:             (none)
  Path Type:              Min at Fast Process Corner
  Data Path Delay:        0.914ns  (logic 0.231ns (25.262%)  route 0.683ns (74.738%))
  Logic Levels:           2  (LUT6=2)
  Clock Uncertainty:      0.172ns  ((TSJ^2 + DJ^2)^1/2) / 2 + PE
    Total System Jitter     (TSJ):    0.050ns
    Discrete Jitter          (DJ):    0.142ns
    Phase Error              (PE):    0.097ns

    Location             Delay type                Incr(ns)  Path(ns)    Netlist Resource(s)
  -------------------------------------------------------------------    -------------------
                         (clock clk_out1_xlnx_clk_gen rise edge)
                                                      0.000     0.000 r  
    K17                                               0.000     0.000 r  clk_sys (IN)
                         net (fo=0)                   0.000     0.000    i_xlnx_clk_gen/inst/clk_in1
    K17                  IBUF (Prop_ibuf_I_O)         0.243     0.243 r  i_xlnx_clk_gen/inst/clkin1_ibufg/O
                         net (fo=1, routed)           0.440     0.683    i_xlnx_clk_gen/inst/clk_in1_xlnx_clk_gen
    MMCME2_ADV_X1Y2      MMCME2_ADV (Prop_mmcme2_adv_CLKIN1_CLKOUT0)
                                                     -2.613    -1.930 r  i_xlnx_clk_gen/inst/mmcm_adv_inst/CLKOUT0
                         net (fo=1, routed)           0.696    -1.233    i_xlnx_clk_gen/inst/clk_out1_xlnx_clk_gen
    BUFGCTRL_X0Y16       BUFG (Prop_bufg_I_O)         0.026    -1.207 r  i_xlnx_clk_gen/inst/clkout1_buf/O
                         net (fo=20038, routed)       0.557    -0.651    i_ariane/i_cva6/ex_stage_i/lsu_i/i_load_unit/clk_out1
    SLICE_X35Y58         FDCE                                         r  i_ariane/i_cva6/ex_stage_i/lsu_i/i_load_unit/ldbuf_q_reg[0][address_offset][0]/C
  -------------------------------------------------------------------    -------------------
    SLICE_X35Y58         FDCE (Prop_fdce_C_Q)         0.141    -0.510 r  i_ariane/i_cva6/ex_stage_i/lsu_i/i_load_unit/ldbuf_q_reg[0][address_offset][0]/Q
                         net (fo=8, routed)           0.121    -0.388    i_ariane/i_cva6/ex_stage_i/lsu_i/i_load_unit/ldbuf_q_reg[0][address_offset][0]
    SLICE_X34Y58         LUT6 (Prop_lut6_I4_O)        0.045    -0.343 r  i_ariane/i_cva6/ex_stage_i/lsu_i/i_load_unit/result_o_reg[23]_i_2/O
                         net (fo=8, routed)           0.311    -0.032    i_ariane/i_cva6/ex_stage_i/lsu_i/i_load_unit/result_o_reg[23]_i_2_n_1
    SLICE_X35Y55         LUT6 (Prop_lut6_I5_O)        0.045     0.013 r  i_ariane/i_cva6/ex_stage_i/lsu_i/i_load_unit/result_o_reg[17]_i_1/O
                         net (fo=1, routed)           0.251     0.264    i_ariane/i_cva6/ex_stage_i/lsu_i/i_load_unit/result_o_reg[17]_i_1_n_1
    SLICE_X35Y60         LDCE                                         r  i_ariane/i_cva6/ex_stage_i/lsu_i/i_load_unit/result_o_reg[17]/D
  -------------------------------------------------------------------    -------------------

Slack:                    inf
  Source:                 i_ariane/i_cva6/ex_stage_i/lsu_i/i_load_unit/ldbuf_q_reg[0][address_offset][0]/C
                            (rising edge-triggered cell FDCE clocked by clk_out1_xlnx_clk_gen  {rise@0.000ns fall@10.000ns period=20.000ns})
  Destination:            i_ariane/i_cva6/ex_stage_i/lsu_i/i_load_unit/result_o_reg[21]/D
  Path Group:             (none)
  Path Type:              Min at Fast Process Corner
  Data Path Delay:        0.916ns  (logic 0.231ns (25.215%)  route 0.685ns (74.785%))
  Logic Levels:           2  (LUT6=2)
  Clock Uncertainty:      0.172ns  ((TSJ^2 + DJ^2)^1/2) / 2 + PE
    Total System Jitter     (TSJ):    0.050ns
    Discrete Jitter          (DJ):    0.142ns
    Phase Error              (PE):    0.097ns

    Location             Delay type                Incr(ns)  Path(ns)    Netlist Resource(s)
  -------------------------------------------------------------------    -------------------
                         (clock clk_out1_xlnx_clk_gen rise edge)
                                                      0.000     0.000 r  
    K17                                               0.000     0.000 r  clk_sys (IN)
                         net (fo=0)                   0.000     0.000    i_xlnx_clk_gen/inst/clk_in1
    K17                  IBUF (Prop_ibuf_I_O)         0.243     0.243 r  i_xlnx_clk_gen/inst/clkin1_ibufg/O
                         net (fo=1, routed)           0.440     0.683    i_xlnx_clk_gen/inst/clk_in1_xlnx_clk_gen
    MMCME2_ADV_X1Y2      MMCME2_ADV (Prop_mmcme2_adv_CLKIN1_CLKOUT0)
                                                     -2.613    -1.930 r  i_xlnx_clk_gen/inst/mmcm_adv_inst/CLKOUT0
                         net (fo=1, routed)           0.696    -1.233    i_xlnx_clk_gen/inst/clk_out1_xlnx_clk_gen
    BUFGCTRL_X0Y16       BUFG (Prop_bufg_I_O)         0.026    -1.207 r  i_xlnx_clk_gen/inst/clkout1_buf/O
                         net (fo=20038, routed)       0.557    -0.651    i_ariane/i_cva6/ex_stage_i/lsu_i/i_load_unit/clk_out1
    SLICE_X35Y58         FDCE                                         r  i_ariane/i_cva6/ex_stage_i/lsu_i/i_load_unit/ldbuf_q_reg[0][address_offset][0]/C
  -------------------------------------------------------------------    -------------------
    SLICE_X35Y58         FDCE (Prop_fdce_C_Q)         0.141    -0.510 r  i_ariane/i_cva6/ex_stage_i/lsu_i/i_load_unit/ldbuf_q_reg[0][address_offset][0]/Q
                         net (fo=8, routed)           0.121    -0.388    i_ariane/i_cva6/ex_stage_i/lsu_i/i_load_unit/ldbuf_q_reg[0][address_offset][0]
    SLICE_X34Y58         LUT6 (Prop_lut6_I4_O)        0.045    -0.343 r  i_ariane/i_cva6/ex_stage_i/lsu_i/i_load_unit/result_o_reg[23]_i_2/O
                         net (fo=8, routed)           0.315    -0.028    i_ariane/i_cva6/ex_stage_i/lsu_i/i_load_unit/result_o_reg[23]_i_2_n_1
    SLICE_X34Y59         LUT6 (Prop_lut6_I5_O)        0.045     0.017 r  i_ariane/i_cva6/ex_stage_i/lsu_i/i_load_unit/result_o_reg[21]_i_1/O
                         net (fo=1, routed)           0.249     0.266    i_ariane/i_cva6/ex_stage_i/lsu_i/i_load_unit/result_o_reg[21]_i_1_n_1
    SLICE_X34Y66         LDCE                                         r  i_ariane/i_cva6/ex_stage_i/lsu_i/i_load_unit/result_o_reg[21]/D
  -------------------------------------------------------------------    -------------------

Slack:                    inf
  Source:                 i_ariane/i_cva6/ex_stage_i/lsu_i/i_load_unit/ldbuf_q_reg[0][address_offset][1]/C
                            (rising edge-triggered cell FDCE clocked by clk_out1_xlnx_clk_gen  {rise@0.000ns fall@10.000ns period=20.000ns})
  Destination:            i_ariane/i_cva6/ex_stage_i/lsu_i/i_load_unit/result_o_reg[22]/D
  Path Group:             (none)
  Path Type:              Min at Fast Process Corner
  Data Path Delay:        0.918ns  (logic 0.231ns (25.151%)  route 0.687ns (74.849%))
  Logic Levels:           2  (LUT6=2)
  Clock Uncertainty:      0.172ns  ((TSJ^2 + DJ^2)^1/2) / 2 + PE
    Total System Jitter     (TSJ):    0.050ns
    Discrete Jitter          (DJ):    0.142ns
    Phase Error              (PE):    0.097ns

    Location             Delay type                Incr(ns)  Path(ns)    Netlist Resource(s)
  -------------------------------------------------------------------    -------------------
                         (clock clk_out1_xlnx_clk_gen rise edge)
                                                      0.000     0.000 r  
    K17                                               0.000     0.000 r  clk_sys (IN)
                         net (fo=0)                   0.000     0.000    i_xlnx_clk_gen/inst/clk_in1
    K17                  IBUF (Prop_ibuf_I_O)         0.243     0.243 r  i_xlnx_clk_gen/inst/clkin1_ibufg/O
                         net (fo=1, routed)           0.440     0.683    i_xlnx_clk_gen/inst/clk_in1_xlnx_clk_gen
    MMCME2_ADV_X1Y2      MMCME2_ADV (Prop_mmcme2_adv_CLKIN1_CLKOUT0)
                                                     -2.613    -1.930 r  i_xlnx_clk_gen/inst/mmcm_adv_inst/CLKOUT0
                         net (fo=1, routed)           0.696    -1.233    i_xlnx_clk_gen/inst/clk_out1_xlnx_clk_gen
    BUFGCTRL_X0Y16       BUFG (Prop_bufg_I_O)         0.026    -1.207 r  i_xlnx_clk_gen/inst/clkout1_buf/O
                         net (fo=20038, routed)       0.557    -0.651    i_ariane/i_cva6/ex_stage_i/lsu_i/i_load_unit/clk_out1
    SLICE_X35Y58         FDCE                                         r  i_ariane/i_cva6/ex_stage_i/lsu_i/i_load_unit/ldbuf_q_reg[0][address_offset][1]/C
  -------------------------------------------------------------------    -------------------
    SLICE_X35Y58         FDCE (Prop_fdce_C_Q)         0.141    -0.510 f  i_ariane/i_cva6/ex_stage_i/lsu_i/i_load_unit/ldbuf_q_reg[0][address_offset][1]/Q
                         net (fo=7, routed)           0.156    -0.353    i_ariane/i_cva6/ex_stage_i/lsu_i/i_load_unit/ldbuf_q_reg[0][address_offset][1]
    SLICE_X35Y57         LUT6 (Prop_lut6_I4_O)        0.045    -0.308 r  i_ariane/i_cva6/ex_stage_i/lsu_i/i_load_unit/result_o_reg[31]_i_4/O
                         net (fo=16, routed)          0.199    -0.109    i_ariane/i_cva6/ex_stage_i/lsu_i/i_load_unit/result_o_reg[31]_i_4_n_1
    SLICE_X37Y58         LUT6 (Prop_lut6_I2_O)        0.045    -0.064 r  i_ariane/i_cva6/ex_stage_i/lsu_i/i_load_unit/result_o_reg[22]_i_1/O
                         net (fo=1, routed)           0.332     0.268    i_ariane/i_cva6/ex_stage_i/lsu_i/i_load_unit/result_o_reg[22]_i_1_n_1
    SLICE_X37Y64         LDCE                                         r  i_ariane/i_cva6/ex_stage_i/lsu_i/i_load_unit/result_o_reg[22]/D
  -------------------------------------------------------------------    -------------------





--------------------------------------------------------------------------------------
Path Group:  (none)
From Clock:  clkfbout_xlnx_clk_gen
  To Clock:  

Max Delay             1 Endpoint
Min Delay             1 Endpoint
--------------------------------------------------------------------------------------


Max Delay Paths
--------------------------------------------------------------------------------------
Slack:                    inf
  Source:                 i_xlnx_clk_gen/inst/mmcm_adv_inst/CLKFBOUT
                            (clock source 'clkfbout_xlnx_clk_gen'  {rise@0.000ns fall@4.000ns period=8.000ns})
  Destination:            i_xlnx_clk_gen/inst/mmcm_adv_inst/CLKFBIN
  Path Group:             (none)
  Path Type:              Max at Slow Process Corner
  Data Path Delay:        4.287ns  (logic 0.101ns (2.356%)  route 4.186ns (97.644%))
  Logic Levels:           1  (BUFG=1)
  Clock Uncertainty:      0.144ns  ((TSJ^2 + DJ^2)^1/2) / 2 + PE
    Total System Jitter     (TSJ):    0.050ns
    Discrete Jitter          (DJ):    0.080ns
    Phase Error              (PE):    0.097ns

    Location             Delay type                Incr(ns)  Path(ns)    Netlist Resource(s)
  -------------------------------------------------------------------    -------------------
                         (clock clkfbout_xlnx_clk_gen fall edge)
                                                      4.000     4.000 f  
    K17                                               0.000     4.000 f  clk_sys (IN)
                         net (fo=0)                   0.000     4.000    i_xlnx_clk_gen/inst/clk_in1
    K17                  IBUF (Prop_ibuf_I_O)         1.475     5.475 f  i_xlnx_clk_gen/inst/clkin1_ibufg/O
                         net (fo=1, routed)           1.285     6.760    i_xlnx_clk_gen/inst/clk_in1_xlnx_clk_gen
  -------------------------------------------------------------------    -------------------
    MMCME2_ADV_X1Y2      MMCME2_ADV (Prop_mmcme2_adv_CLKIN1_CLKFBOUT)
                                                     -7.759    -0.999 f  i_xlnx_clk_gen/inst/mmcm_adv_inst/CLKFBOUT
                         net (fo=1, routed)           2.206     1.207    i_xlnx_clk_gen/inst/clkfbout_xlnx_clk_gen
    BUFGCTRL_X0Y17       BUFG (Prop_bufg_I_O)         0.101     1.308 f  i_xlnx_clk_gen/inst/clkf_buf/O
                         net (fo=1, routed)           1.980     3.288    i_xlnx_clk_gen/inst/clkfbout_buf_xlnx_clk_gen
    MMCME2_ADV_X1Y2      MMCME2_ADV                                   f  i_xlnx_clk_gen/inst/mmcm_adv_inst/CLKFBIN
  -------------------------------------------------------------------    -------------------





Min Delay Paths
--------------------------------------------------------------------------------------
Slack:                    inf
  Source:                 i_xlnx_clk_gen/inst/mmcm_adv_inst/CLKFBOUT
                            (clock source 'clkfbout_xlnx_clk_gen'  {rise@0.000ns fall@4.000ns period=8.000ns})
  Destination:            i_xlnx_clk_gen/inst/mmcm_adv_inst/CLKFBIN
  Path Group:             (none)
  Path Type:              Min at Slow Process Corner
  Data Path Delay:        3.873ns  (logic 0.091ns (2.349%)  route 3.782ns (97.651%))
  Logic Levels:           1  (BUFG=1)
  Clock Uncertainty:      0.144ns  ((TSJ^2 + DJ^2)^1/2) / 2 + PE
    Total System Jitter     (TSJ):    0.050ns
    Discrete Jitter          (DJ):    0.080ns
    Phase Error              (PE):    0.097ns

    Location             Delay type                Incr(ns)  Path(ns)    Netlist Resource(s)
  -------------------------------------------------------------------    -------------------
                         (clock clkfbout_xlnx_clk_gen rise edge)
                                                      0.000     0.000 r  
    K17                                               0.000     0.000 r  clk_sys (IN)
                         net (fo=0)                   0.000     0.000    i_xlnx_clk_gen/inst/clk_in1
    K17                  IBUF (Prop_ibuf_I_O)         1.404     1.404 r  i_xlnx_clk_gen/inst/clkin1_ibufg/O
                         net (fo=1, routed)           1.162     2.566    i_xlnx_clk_gen/inst/clk_in1_xlnx_clk_gen
  -------------------------------------------------------------------    -------------------
    MMCME2_ADV_X1Y2      MMCME2_ADV (Prop_mmcme2_adv_CLKIN1_CLKFBOUT)
                                                     -7.814    -5.248 r  i_xlnx_clk_gen/inst/mmcm_adv_inst/CLKFBOUT
                         net (fo=1, routed)           2.012    -3.236    i_xlnx_clk_gen/inst/clkfbout_xlnx_clk_gen
    BUFGCTRL_X0Y17       BUFG (Prop_bufg_I_O)         0.091    -3.145 r  i_xlnx_clk_gen/inst/clkf_buf/O
                         net (fo=1, routed)           1.770    -1.375    i_xlnx_clk_gen/inst/clkfbout_buf_xlnx_clk_gen
    MMCME2_ADV_X1Y2      MMCME2_ADV                                   r  i_xlnx_clk_gen/inst/mmcm_adv_inst/CLKFBIN
  -------------------------------------------------------------------    -------------------





--------------------------------------------------------------------------------------
Path Group:  (none)
From Clock:  
  To Clock:  clk_out1_xlnx_clk_gen

Max Delay           811 Endpoints
Min Delay           811 Endpoints
--------------------------------------------------------------------------------------


Max Delay Paths
--------------------------------------------------------------------------------------
Slack:                    inf
  Source:                 cpu_reset
                            (input port)
  Destination:            i_dm_top/i_dm_csrs/progbuf_q_reg[4][16]/CLR
                            (recovery check against rising-edge clock clk_out1_xlnx_clk_gen  {rise@0.000ns fall@10.000ns period=20.000ns})
  Path Group:             (none)
  Path Type:              Recovery (Max at Slow Process Corner)
  Data Path Delay:        11.884ns  (logic 1.569ns (13.204%)  route 10.315ns (86.796%))
  Logic Levels:           1  (IBUF=1)
  Clock Path Skew:        -1.522ns (DCD - SCD + CPR)
    Destination Clock Delay (DCD):    -1.522ns
    Source Clock Delay      (SCD):    0.000ns
    Clock Pessimism Removal (CPR):    0.000ns
  Clock Uncertainty:      0.172ns  ((TSJ^2 + DJ^2)^1/2) / 2 + PE
    Total System Jitter     (TSJ):    0.050ns
    Discrete Jitter          (DJ):    0.142ns
    Phase Error              (PE):    0.097ns

    Location             Delay type                Incr(ns)  Path(ns)    Netlist Resource(s)
  -------------------------------------------------------------------    -------------------
    Y16                                               0.000     0.000 f  cpu_reset (IN)
                         net (fo=0)                   0.000     0.000    cpu_reset
    Y16                  IBUF (Prop_ibuf_I_O)         1.569     1.569 f  cpu_reset_IBUF_inst/O
                         net (fo=775, routed)        10.315    11.884    i_dm_top/i_dm_csrs/cpu_reset_IBUF
    SLICE_X96Y42         FDCE                                         f  i_dm_top/i_dm_csrs/progbuf_q_reg[4][16]/CLR
  -------------------------------------------------------------------    -------------------

                         (clock clk_out1_xlnx_clk_gen rise edge)
                                                      0.000     0.000 r  
    K17                                               0.000     0.000 r  clk_sys (IN)
                         net (fo=0)                   0.000     0.000    i_xlnx_clk_gen/inst/clk_in1
    K17                  IBUF (Prop_ibuf_I_O)         1.404     1.404 r  i_xlnx_clk_gen/inst/clkin1_ibufg/O
                         net (fo=1, routed)           1.162     2.566    i_xlnx_clk_gen/inst/clk_in1_xlnx_clk_gen
    MMCME2_ADV_X1Y2      MMCME2_ADV (Prop_mmcme2_adv_CLKIN1_CLKOUT0)
                                                     -7.814    -5.248 r  i_xlnx_clk_gen/inst/mmcm_adv_inst/CLKOUT0
                         net (fo=1, routed)           2.012    -3.236    i_xlnx_clk_gen/inst/clk_out1_xlnx_clk_gen
    BUFGCTRL_X0Y16       BUFG (Prop_bufg_I_O)         0.091    -3.145 r  i_xlnx_clk_gen/inst/clkout1_buf/O
                         net (fo=20038, routed)       1.623    -1.522    i_dm_top/i_dm_csrs/clk_out1
    SLICE_X96Y42         FDCE                                         r  i_dm_top/i_dm_csrs/progbuf_q_reg[4][16]/C

Slack:                    inf
  Source:                 cpu_reset
                            (input port)
  Destination:            i_dm_top/i_dm_csrs/progbuf_q_reg[4][20]/CLR
                            (recovery check against rising-edge clock clk_out1_xlnx_clk_gen  {rise@0.000ns fall@10.000ns period=20.000ns})
  Path Group:             (none)
  Path Type:              Recovery (Max at Slow Process Corner)
  Data Path Delay:        11.884ns  (logic 1.569ns (13.204%)  route 10.315ns (86.796%))
  Logic Levels:           1  (IBUF=1)
  Clock Path Skew:        -1.522ns (DCD - SCD + CPR)
    Destination Clock Delay (DCD):    -1.522ns
    Source Clock Delay      (SCD):    0.000ns
    Clock Pessimism Removal (CPR):    0.000ns
  Clock Uncertainty:      0.172ns  ((TSJ^2 + DJ^2)^1/2) / 2 + PE
    Total System Jitter     (TSJ):    0.050ns
    Discrete Jitter          (DJ):    0.142ns
    Phase Error              (PE):    0.097ns

    Location             Delay type                Incr(ns)  Path(ns)    Netlist Resource(s)
  -------------------------------------------------------------------    -------------------
    Y16                                               0.000     0.000 f  cpu_reset (IN)
                         net (fo=0)                   0.000     0.000    cpu_reset
    Y16                  IBUF (Prop_ibuf_I_O)         1.569     1.569 f  cpu_reset_IBUF_inst/O
                         net (fo=775, routed)        10.315    11.884    i_dm_top/i_dm_csrs/cpu_reset_IBUF
    SLICE_X96Y42         FDCE                                         f  i_dm_top/i_dm_csrs/progbuf_q_reg[4][20]/CLR
  -------------------------------------------------------------------    -------------------

                         (clock clk_out1_xlnx_clk_gen rise edge)
                                                      0.000     0.000 r  
    K17                                               0.000     0.000 r  clk_sys (IN)
                         net (fo=0)                   0.000     0.000    i_xlnx_clk_gen/inst/clk_in1
    K17                  IBUF (Prop_ibuf_I_O)         1.404     1.404 r  i_xlnx_clk_gen/inst/clkin1_ibufg/O
                         net (fo=1, routed)           1.162     2.566    i_xlnx_clk_gen/inst/clk_in1_xlnx_clk_gen
    MMCME2_ADV_X1Y2      MMCME2_ADV (Prop_mmcme2_adv_CLKIN1_CLKOUT0)
                                                     -7.814    -5.248 r  i_xlnx_clk_gen/inst/mmcm_adv_inst/CLKOUT0
                         net (fo=1, routed)           2.012    -3.236    i_xlnx_clk_gen/inst/clk_out1_xlnx_clk_gen
    BUFGCTRL_X0Y16       BUFG (Prop_bufg_I_O)         0.091    -3.145 r  i_xlnx_clk_gen/inst/clkout1_buf/O
                         net (fo=20038, routed)       1.623    -1.522    i_dm_top/i_dm_csrs/clk_out1
    SLICE_X96Y42         FDCE                                         r  i_dm_top/i_dm_csrs/progbuf_q_reg[4][20]/C

Slack:                    inf
  Source:                 cpu_reset
                            (input port)
  Destination:            i_dm_top/i_dm_csrs/progbuf_q_reg[4][22]/CLR
                            (recovery check against rising-edge clock clk_out1_xlnx_clk_gen  {rise@0.000ns fall@10.000ns period=20.000ns})
  Path Group:             (none)
  Path Type:              Recovery (Max at Slow Process Corner)
  Data Path Delay:        11.884ns  (logic 1.569ns (13.204%)  route 10.315ns (86.796%))
  Logic Levels:           1  (IBUF=1)
  Clock Path Skew:        -1.522ns (DCD - SCD + CPR)
    Destination Clock Delay (DCD):    -1.522ns
    Source Clock Delay      (SCD):    0.000ns
    Clock Pessimism Removal (CPR):    0.000ns
  Clock Uncertainty:      0.172ns  ((TSJ^2 + DJ^2)^1/2) / 2 + PE
    Total System Jitter     (TSJ):    0.050ns
    Discrete Jitter          (DJ):    0.142ns
    Phase Error              (PE):    0.097ns

    Location             Delay type                Incr(ns)  Path(ns)    Netlist Resource(s)
  -------------------------------------------------------------------    -------------------
    Y16                                               0.000     0.000 f  cpu_reset (IN)
                         net (fo=0)                   0.000     0.000    cpu_reset
    Y16                  IBUF (Prop_ibuf_I_O)         1.569     1.569 f  cpu_reset_IBUF_inst/O
                         net (fo=775, routed)        10.315    11.884    i_dm_top/i_dm_csrs/cpu_reset_IBUF
    SLICE_X96Y42         FDCE                                         f  i_dm_top/i_dm_csrs/progbuf_q_reg[4][22]/CLR
  -------------------------------------------------------------------    -------------------

                         (clock clk_out1_xlnx_clk_gen rise edge)
                                                      0.000     0.000 r  
    K17                                               0.000     0.000 r  clk_sys (IN)
                         net (fo=0)                   0.000     0.000    i_xlnx_clk_gen/inst/clk_in1
    K17                  IBUF (Prop_ibuf_I_O)         1.404     1.404 r  i_xlnx_clk_gen/inst/clkin1_ibufg/O
                         net (fo=1, routed)           1.162     2.566    i_xlnx_clk_gen/inst/clk_in1_xlnx_clk_gen
    MMCME2_ADV_X1Y2      MMCME2_ADV (Prop_mmcme2_adv_CLKIN1_CLKOUT0)
                                                     -7.814    -5.248 r  i_xlnx_clk_gen/inst/mmcm_adv_inst/CLKOUT0
                         net (fo=1, routed)           2.012    -3.236    i_xlnx_clk_gen/inst/clk_out1_xlnx_clk_gen
    BUFGCTRL_X0Y16       BUFG (Prop_bufg_I_O)         0.091    -3.145 r  i_xlnx_clk_gen/inst/clkout1_buf/O
                         net (fo=20038, routed)       1.623    -1.522    i_dm_top/i_dm_csrs/clk_out1
    SLICE_X96Y42         FDCE                                         r  i_dm_top/i_dm_csrs/progbuf_q_reg[4][22]/C

Slack:                    inf
  Source:                 cpu_reset
                            (input port)
  Destination:            i_dm_top/i_dm_csrs/data_q_reg[1][25]/CLR
                            (recovery check against rising-edge clock clk_out1_xlnx_clk_gen  {rise@0.000ns fall@10.000ns period=20.000ns})
  Path Group:             (none)
  Path Type:              Recovery (Max at Slow Process Corner)
  Data Path Delay:        11.700ns  (logic 1.569ns (13.412%)  route 10.130ns (86.588%))
  Logic Levels:           1  (IBUF=1)
  Clock Path Skew:        -1.523ns (DCD - SCD + CPR)
    Destination Clock Delay (DCD):    -1.523ns
    Source Clock Delay      (SCD):    0.000ns
    Clock Pessimism Removal (CPR):    0.000ns
  Clock Uncertainty:      0.172ns  ((TSJ^2 + DJ^2)^1/2) / 2 + PE
    Total System Jitter     (TSJ):    0.050ns
    Discrete Jitter          (DJ):    0.142ns
    Phase Error              (PE):    0.097ns

    Location             Delay type                Incr(ns)  Path(ns)    Netlist Resource(s)
  -------------------------------------------------------------------    -------------------
    Y16                                               0.000     0.000 f  cpu_reset (IN)
                         net (fo=0)                   0.000     0.000    cpu_reset
    Y16                  IBUF (Prop_ibuf_I_O)         1.569     1.569 f  cpu_reset_IBUF_inst/O
                         net (fo=775, routed)        10.130    11.700    i_dm_top/i_dm_csrs/cpu_reset_IBUF
    SLICE_X101Y38        FDCE                                         f  i_dm_top/i_dm_csrs/data_q_reg[1][25]/CLR
  -------------------------------------------------------------------    -------------------

                         (clock clk_out1_xlnx_clk_gen rise edge)
                                                      0.000     0.000 r  
    K17                                               0.000     0.000 r  clk_sys (IN)
                         net (fo=0)                   0.000     0.000    i_xlnx_clk_gen/inst/clk_in1
    K17                  IBUF (Prop_ibuf_I_O)         1.404     1.404 r  i_xlnx_clk_gen/inst/clkin1_ibufg/O
                         net (fo=1, routed)           1.162     2.566    i_xlnx_clk_gen/inst/clk_in1_xlnx_clk_gen
    MMCME2_ADV_X1Y2      MMCME2_ADV (Prop_mmcme2_adv_CLKIN1_CLKOUT0)
                                                     -7.814    -5.248 r  i_xlnx_clk_gen/inst/mmcm_adv_inst/CLKOUT0
                         net (fo=1, routed)           2.012    -3.236    i_xlnx_clk_gen/inst/clk_out1_xlnx_clk_gen
    BUFGCTRL_X0Y16       BUFG (Prop_bufg_I_O)         0.091    -3.145 r  i_xlnx_clk_gen/inst/clkout1_buf/O
                         net (fo=20038, routed)       1.622    -1.523    i_dm_top/i_dm_csrs/clk_out1
    SLICE_X101Y38        FDCE                                         r  i_dm_top/i_dm_csrs/data_q_reg[1][25]/C

Slack:                    inf
  Source:                 cpu_reset
                            (input port)
  Destination:            i_dm_top/i_dm_csrs/sbaddr_q_reg[49]/CLR
                            (recovery check against rising-edge clock clk_out1_xlnx_clk_gen  {rise@0.000ns fall@10.000ns period=20.000ns})
  Path Group:             (none)
  Path Type:              Recovery (Max at Slow Process Corner)
  Data Path Delay:        11.700ns  (logic 1.569ns (13.412%)  route 10.130ns (86.588%))
  Logic Levels:           1  (IBUF=1)
  Clock Path Skew:        -1.523ns (DCD - SCD + CPR)
    Destination Clock Delay (DCD):    -1.523ns
    Source Clock Delay      (SCD):    0.000ns
    Clock Pessimism Removal (CPR):    0.000ns
  Clock Uncertainty:      0.172ns  ((TSJ^2 + DJ^2)^1/2) / 2 + PE
    Total System Jitter     (TSJ):    0.050ns
    Discrete Jitter          (DJ):    0.142ns
    Phase Error              (PE):    0.097ns

    Location             Delay type                Incr(ns)  Path(ns)    Netlist Resource(s)
  -------------------------------------------------------------------    -------------------
    Y16                                               0.000     0.000 f  cpu_reset (IN)
                         net (fo=0)                   0.000     0.000    cpu_reset
    Y16                  IBUF (Prop_ibuf_I_O)         1.569     1.569 f  cpu_reset_IBUF_inst/O
                         net (fo=775, routed)        10.130    11.700    i_dm_top/i_dm_csrs/cpu_reset_IBUF
    SLICE_X100Y38        FDCE                                         f  i_dm_top/i_dm_csrs/sbaddr_q_reg[49]/CLR
  -------------------------------------------------------------------    -------------------

                         (clock clk_out1_xlnx_clk_gen rise edge)
                                                      0.000     0.000 r  
    K17                                               0.000     0.000 r  clk_sys (IN)
                         net (fo=0)                   0.000     0.000    i_xlnx_clk_gen/inst/clk_in1
    K17                  IBUF (Prop_ibuf_I_O)         1.404     1.404 r  i_xlnx_clk_gen/inst/clkin1_ibufg/O
                         net (fo=1, routed)           1.162     2.566    i_xlnx_clk_gen/inst/clk_in1_xlnx_clk_gen
    MMCME2_ADV_X1Y2      MMCME2_ADV (Prop_mmcme2_adv_CLKIN1_CLKOUT0)
                                                     -7.814    -5.248 r  i_xlnx_clk_gen/inst/mmcm_adv_inst/CLKOUT0
                         net (fo=1, routed)           2.012    -3.236    i_xlnx_clk_gen/inst/clk_out1_xlnx_clk_gen
    BUFGCTRL_X0Y16       BUFG (Prop_bufg_I_O)         0.091    -3.145 r  i_xlnx_clk_gen/inst/clkout1_buf/O
                         net (fo=20038, routed)       1.622    -1.523    i_dm_top/i_dm_csrs/clk_out1
    SLICE_X100Y38        FDCE                                         r  i_dm_top/i_dm_csrs/sbaddr_q_reg[49]/C

Slack:                    inf
  Source:                 cpu_reset
                            (input port)
  Destination:            i_dm_top/i_dm_csrs/sbaddr_q_reg[57]/CLR
                            (recovery check against rising-edge clock clk_out1_xlnx_clk_gen  {rise@0.000ns fall@10.000ns period=20.000ns})
  Path Group:             (none)
  Path Type:              Recovery (Max at Slow Process Corner)
  Data Path Delay:        11.700ns  (logic 1.569ns (13.412%)  route 10.130ns (86.588%))
  Logic Levels:           1  (IBUF=1)
  Clock Path Skew:        -1.523ns (DCD - SCD + CPR)
    Destination Clock Delay (DCD):    -1.523ns
    Source Clock Delay      (SCD):    0.000ns
    Clock Pessimism Removal (CPR):    0.000ns
  Clock Uncertainty:      0.172ns  ((TSJ^2 + DJ^2)^1/2) / 2 + PE
    Total System Jitter     (TSJ):    0.050ns
    Discrete Jitter          (DJ):    0.142ns
    Phase Error              (PE):    0.097ns

    Location             Delay type                Incr(ns)  Path(ns)    Netlist Resource(s)
  -------------------------------------------------------------------    -------------------
    Y16                                               0.000     0.000 f  cpu_reset (IN)
                         net (fo=0)                   0.000     0.000    cpu_reset
    Y16                  IBUF (Prop_ibuf_I_O)         1.569     1.569 f  cpu_reset_IBUF_inst/O
                         net (fo=775, routed)        10.130    11.700    i_dm_top/i_dm_csrs/cpu_reset_IBUF
    SLICE_X100Y38        FDCE                                         f  i_dm_top/i_dm_csrs/sbaddr_q_reg[57]/CLR
  -------------------------------------------------------------------    -------------------

                         (clock clk_out1_xlnx_clk_gen rise edge)
                                                      0.000     0.000 r  
    K17                                               0.000     0.000 r  clk_sys (IN)
                         net (fo=0)                   0.000     0.000    i_xlnx_clk_gen/inst/clk_in1
    K17                  IBUF (Prop_ibuf_I_O)         1.404     1.404 r  i_xlnx_clk_gen/inst/clkin1_ibufg/O
                         net (fo=1, routed)           1.162     2.566    i_xlnx_clk_gen/inst/clk_in1_xlnx_clk_gen
    MMCME2_ADV_X1Y2      MMCME2_ADV (Prop_mmcme2_adv_CLKIN1_CLKOUT0)
                                                     -7.814    -5.248 r  i_xlnx_clk_gen/inst/mmcm_adv_inst/CLKOUT0
                         net (fo=1, routed)           2.012    -3.236    i_xlnx_clk_gen/inst/clk_out1_xlnx_clk_gen
    BUFGCTRL_X0Y16       BUFG (Prop_bufg_I_O)         0.091    -3.145 r  i_xlnx_clk_gen/inst/clkout1_buf/O
                         net (fo=20038, routed)       1.622    -1.523    i_dm_top/i_dm_csrs/clk_out1
    SLICE_X100Y38        FDCE                                         r  i_dm_top/i_dm_csrs/sbaddr_q_reg[57]/C

Slack:                    inf
  Source:                 cpu_reset
                            (input port)
  Destination:            i_dm_top/i_dm_csrs/sbaddr_q_reg[62]/CLR
                            (recovery check against rising-edge clock clk_out1_xlnx_clk_gen  {rise@0.000ns fall@10.000ns period=20.000ns})
  Path Group:             (none)
  Path Type:              Recovery (Max at Slow Process Corner)
  Data Path Delay:        11.700ns  (logic 1.569ns (13.412%)  route 10.130ns (86.588%))
  Logic Levels:           1  (IBUF=1)
  Clock Path Skew:        -1.523ns (DCD - SCD + CPR)
    Destination Clock Delay (DCD):    -1.523ns
    Source Clock Delay      (SCD):    0.000ns
    Clock Pessimism Removal (CPR):    0.000ns
  Clock Uncertainty:      0.172ns  ((TSJ^2 + DJ^2)^1/2) / 2 + PE
    Total System Jitter     (TSJ):    0.050ns
    Discrete Jitter          (DJ):    0.142ns
    Phase Error              (PE):    0.097ns

    Location             Delay type                Incr(ns)  Path(ns)    Netlist Resource(s)
  -------------------------------------------------------------------    -------------------
    Y16                                               0.000     0.000 f  cpu_reset (IN)
                         net (fo=0)                   0.000     0.000    cpu_reset
    Y16                  IBUF (Prop_ibuf_I_O)         1.569     1.569 f  cpu_reset_IBUF_inst/O
                         net (fo=775, routed)        10.130    11.700    i_dm_top/i_dm_csrs/cpu_reset_IBUF
    SLICE_X100Y38        FDCE                                         f  i_dm_top/i_dm_csrs/sbaddr_q_reg[62]/CLR
  -------------------------------------------------------------------    -------------------

                         (clock clk_out1_xlnx_clk_gen rise edge)
                                                      0.000     0.000 r  
    K17                                               0.000     0.000 r  clk_sys (IN)
                         net (fo=0)                   0.000     0.000    i_xlnx_clk_gen/inst/clk_in1
    K17                  IBUF (Prop_ibuf_I_O)         1.404     1.404 r  i_xlnx_clk_gen/inst/clkin1_ibufg/O
                         net (fo=1, routed)           1.162     2.566    i_xlnx_clk_gen/inst/clk_in1_xlnx_clk_gen
    MMCME2_ADV_X1Y2      MMCME2_ADV (Prop_mmcme2_adv_CLKIN1_CLKOUT0)
                                                     -7.814    -5.248 r  i_xlnx_clk_gen/inst/mmcm_adv_inst/CLKOUT0
                         net (fo=1, routed)           2.012    -3.236    i_xlnx_clk_gen/inst/clk_out1_xlnx_clk_gen
    BUFGCTRL_X0Y16       BUFG (Prop_bufg_I_O)         0.091    -3.145 r  i_xlnx_clk_gen/inst/clkout1_buf/O
                         net (fo=20038, routed)       1.622    -1.523    i_dm_top/i_dm_csrs/clk_out1
    SLICE_X100Y38        FDCE                                         r  i_dm_top/i_dm_csrs/sbaddr_q_reg[62]/C

Slack:                    inf
  Source:                 cpu_reset
                            (input port)
  Destination:            i_dm_top/i_dm_csrs/progbuf_q_reg[2][25]/CLR
                            (recovery check against rising-edge clock clk_out1_xlnx_clk_gen  {rise@0.000ns fall@10.000ns period=20.000ns})
  Path Group:             (none)
  Path Type:              Recovery (Max at Slow Process Corner)
  Data Path Delay:        11.586ns  (logic 1.569ns (13.544%)  route 10.016ns (86.456%))
  Logic Levels:           1  (IBUF=1)
  Clock Path Skew:        -1.521ns (DCD - SCD + CPR)
    Destination Clock Delay (DCD):    -1.521ns
    Source Clock Delay      (SCD):    0.000ns
    Clock Pessimism Removal (CPR):    0.000ns
  Clock Uncertainty:      0.172ns  ((TSJ^2 + DJ^2)^1/2) / 2 + PE
    Total System Jitter     (TSJ):    0.050ns
    Discrete Jitter          (DJ):    0.142ns
    Phase Error              (PE):    0.097ns

    Location             Delay type                Incr(ns)  Path(ns)    Netlist Resource(s)
  -------------------------------------------------------------------    -------------------
    Y16                                               0.000     0.000 f  cpu_reset (IN)
                         net (fo=0)                   0.000     0.000    cpu_reset
    Y16                  IBUF (Prop_ibuf_I_O)         1.569     1.569 f  cpu_reset_IBUF_inst/O
                         net (fo=775, routed)        10.016    11.586    i_dm_top/i_dm_csrs/cpu_reset_IBUF
    SLICE_X101Y41        FDCE                                         f  i_dm_top/i_dm_csrs/progbuf_q_reg[2][25]/CLR
  -------------------------------------------------------------------    -------------------

                         (clock clk_out1_xlnx_clk_gen rise edge)
                                                      0.000     0.000 r  
    K17                                               0.000     0.000 r  clk_sys (IN)
                         net (fo=0)                   0.000     0.000    i_xlnx_clk_gen/inst/clk_in1
    K17                  IBUF (Prop_ibuf_I_O)         1.404     1.404 r  i_xlnx_clk_gen/inst/clkin1_ibufg/O
                         net (fo=1, routed)           1.162     2.566    i_xlnx_clk_gen/inst/clk_in1_xlnx_clk_gen
    MMCME2_ADV_X1Y2      MMCME2_ADV (Prop_mmcme2_adv_CLKIN1_CLKOUT0)
                                                     -7.814    -5.248 r  i_xlnx_clk_gen/inst/mmcm_adv_inst/CLKOUT0
                         net (fo=1, routed)           2.012    -3.236    i_xlnx_clk_gen/inst/clk_out1_xlnx_clk_gen
    BUFGCTRL_X0Y16       BUFG (Prop_bufg_I_O)         0.091    -3.145 r  i_xlnx_clk_gen/inst/clkout1_buf/O
                         net (fo=20038, routed)       1.624    -1.521    i_dm_top/i_dm_csrs/clk_out1
    SLICE_X101Y41        FDCE                                         r  i_dm_top/i_dm_csrs/progbuf_q_reg[2][25]/C

Slack:                    inf
  Source:                 cpu_reset
                            (input port)
  Destination:            i_dm_top/i_dm_csrs/progbuf_q_reg[2][29]/CLR
                            (recovery check against rising-edge clock clk_out1_xlnx_clk_gen  {rise@0.000ns fall@10.000ns period=20.000ns})
  Path Group:             (none)
  Path Type:              Recovery (Max at Slow Process Corner)
  Data Path Delay:        11.586ns  (logic 1.569ns (13.544%)  route 10.016ns (86.456%))
  Logic Levels:           1  (IBUF=1)
  Clock Path Skew:        -1.521ns (DCD - SCD + CPR)
    Destination Clock Delay (DCD):    -1.521ns
    Source Clock Delay      (SCD):    0.000ns
    Clock Pessimism Removal (CPR):    0.000ns
  Clock Uncertainty:      0.172ns  ((TSJ^2 + DJ^2)^1/2) / 2 + PE
    Total System Jitter     (TSJ):    0.050ns
    Discrete Jitter          (DJ):    0.142ns
    Phase Error              (PE):    0.097ns

    Location             Delay type                Incr(ns)  Path(ns)    Netlist Resource(s)
  -------------------------------------------------------------------    -------------------
    Y16                                               0.000     0.000 f  cpu_reset (IN)
                         net (fo=0)                   0.000     0.000    cpu_reset
    Y16                  IBUF (Prop_ibuf_I_O)         1.569     1.569 f  cpu_reset_IBUF_inst/O
                         net (fo=775, routed)        10.016    11.586    i_dm_top/i_dm_csrs/cpu_reset_IBUF
    SLICE_X101Y41        FDCE                                         f  i_dm_top/i_dm_csrs/progbuf_q_reg[2][29]/CLR
  -------------------------------------------------------------------    -------------------

                         (clock clk_out1_xlnx_clk_gen rise edge)
                                                      0.000     0.000 r  
    K17                                               0.000     0.000 r  clk_sys (IN)
                         net (fo=0)                   0.000     0.000    i_xlnx_clk_gen/inst/clk_in1
    K17                  IBUF (Prop_ibuf_I_O)         1.404     1.404 r  i_xlnx_clk_gen/inst/clkin1_ibufg/O
                         net (fo=1, routed)           1.162     2.566    i_xlnx_clk_gen/inst/clk_in1_xlnx_clk_gen
    MMCME2_ADV_X1Y2      MMCME2_ADV (Prop_mmcme2_adv_CLKIN1_CLKOUT0)
                                                     -7.814    -5.248 r  i_xlnx_clk_gen/inst/mmcm_adv_inst/CLKOUT0
                         net (fo=1, routed)           2.012    -3.236    i_xlnx_clk_gen/inst/clk_out1_xlnx_clk_gen
    BUFGCTRL_X0Y16       BUFG (Prop_bufg_I_O)         0.091    -3.145 r  i_xlnx_clk_gen/inst/clkout1_buf/O
                         net (fo=20038, routed)       1.624    -1.521    i_dm_top/i_dm_csrs/clk_out1
    SLICE_X101Y41        FDCE                                         r  i_dm_top/i_dm_csrs/progbuf_q_reg[2][29]/C

Slack:                    inf
  Source:                 cpu_reset
                            (input port)
  Destination:            i_dm_top/i_dm_csrs/progbuf_q_reg[4][25]/CLR
                            (recovery check against rising-edge clock clk_out1_xlnx_clk_gen  {rise@0.000ns fall@10.000ns period=20.000ns})
  Path Group:             (none)
  Path Type:              Recovery (Max at Slow Process Corner)
  Data Path Delay:        11.586ns  (logic 1.569ns (13.544%)  route 10.016ns (86.456%))
  Logic Levels:           1  (IBUF=1)
  Clock Path Skew:        -1.521ns (DCD - SCD + CPR)
    Destination Clock Delay (DCD):    -1.521ns
    Source Clock Delay      (SCD):    0.000ns
    Clock Pessimism Removal (CPR):    0.000ns
  Clock Uncertainty:      0.172ns  ((TSJ^2 + DJ^2)^1/2) / 2 + PE
    Total System Jitter     (TSJ):    0.050ns
    Discrete Jitter          (DJ):    0.142ns
    Phase Error              (PE):    0.097ns

    Location             Delay type                Incr(ns)  Path(ns)    Netlist Resource(s)
  -------------------------------------------------------------------    -------------------
    Y16                                               0.000     0.000 f  cpu_reset (IN)
                         net (fo=0)                   0.000     0.000    cpu_reset
    Y16                  IBUF (Prop_ibuf_I_O)         1.569     1.569 f  cpu_reset_IBUF_inst/O
                         net (fo=775, routed)        10.016    11.586    i_dm_top/i_dm_csrs/cpu_reset_IBUF
    SLICE_X100Y41        FDCE                                         f  i_dm_top/i_dm_csrs/progbuf_q_reg[4][25]/CLR
  -------------------------------------------------------------------    -------------------

                         (clock clk_out1_xlnx_clk_gen rise edge)
                                                      0.000     0.000 r  
    K17                                               0.000     0.000 r  clk_sys (IN)
                         net (fo=0)                   0.000     0.000    i_xlnx_clk_gen/inst/clk_in1
    K17                  IBUF (Prop_ibuf_I_O)         1.404     1.404 r  i_xlnx_clk_gen/inst/clkin1_ibufg/O
                         net (fo=1, routed)           1.162     2.566    i_xlnx_clk_gen/inst/clk_in1_xlnx_clk_gen
    MMCME2_ADV_X1Y2      MMCME2_ADV (Prop_mmcme2_adv_CLKIN1_CLKOUT0)
                                                     -7.814    -5.248 r  i_xlnx_clk_gen/inst/mmcm_adv_inst/CLKOUT0
                         net (fo=1, routed)           2.012    -3.236    i_xlnx_clk_gen/inst/clk_out1_xlnx_clk_gen
    BUFGCTRL_X0Y16       BUFG (Prop_bufg_I_O)         0.091    -3.145 r  i_xlnx_clk_gen/inst/clkout1_buf/O
                         net (fo=20038, routed)       1.624    -1.521    i_dm_top/i_dm_csrs/clk_out1
    SLICE_X100Y41        FDCE                                         r  i_dm_top/i_dm_csrs/progbuf_q_reg[4][25]/C





Min Delay Paths
--------------------------------------------------------------------------------------
Slack:                    inf
  Source:                 i_ariane/i_cva6/ex_stage_i/lsu_i/i_load_unit/result_o_reg[27]/G
                            (positive level-sensitive latch)
  Destination:            i_ariane/i_cva6/ex_stage_i/lsu_i/i_pipe_reg_load/gen_register.d_o_reg[92]/D
                            (rising edge-triggered cell FDCE clocked by clk_out1_xlnx_clk_gen  {rise@0.000ns fall@10.000ns period=20.000ns})
  Path Group:             (none)
  Path Type:              Hold (Min at Fast Process Corner)
  Data Path Delay:        0.268ns  (logic 0.158ns (58.954%)  route 0.110ns (41.046%))
  Logic Levels:           1  (LDCE=1)
  Clock Uncertainty:      0.172ns  ((TSJ^2 + DJ^2)^1/2) / 2 + PE
    Total System Jitter     (TSJ):    0.050ns
    Discrete Jitter          (DJ):    0.142ns
    Phase Error              (PE):    0.097ns

    Location             Delay type                Incr(ns)  Path(ns)    Netlist Resource(s)
  -------------------------------------------------------------------    -------------------
    SLICE_X39Y67         LDCE                         0.000     0.000 r  i_ariane/i_cva6/ex_stage_i/lsu_i/i_load_unit/result_o_reg[27]/G
    SLICE_X39Y67         LDCE (EnToQ_ldce_G_Q)        0.158     0.158 r  i_ariane/i_cva6/ex_stage_i/lsu_i/i_load_unit/result_o_reg[27]/Q
                         net (fo=1, routed)           0.110     0.268    i_ariane/i_cva6/ex_stage_i/lsu_i/i_pipe_reg_load/D[64]
    SLICE_X39Y68         FDCE                                         r  i_ariane/i_cva6/ex_stage_i/lsu_i/i_pipe_reg_load/gen_register.d_o_reg[92]/D
  -------------------------------------------------------------------    -------------------

                         (clock clk_out1_xlnx_clk_gen rise edge)
                                                      0.000     0.000 r  
    K17                                               0.000     0.000 r  clk_sys (IN)
                         net (fo=0)                   0.000     0.000    i_xlnx_clk_gen/inst/clk_in1
    K17                  IBUF (Prop_ibuf_I_O)         0.431     0.431 r  i_xlnx_clk_gen/inst/clkin1_ibufg/O
                         net (fo=1, routed)           0.480     0.911    i_xlnx_clk_gen/inst/clk_in1_xlnx_clk_gen
    MMCME2_ADV_X1Y2      MMCME2_ADV (Prop_mmcme2_adv_CLKIN1_CLKOUT0)
                                                     -3.407    -2.496 r  i_xlnx_clk_gen/inst/mmcm_adv_inst/CLKOUT0
                         net (fo=1, routed)           0.752    -1.744    i_xlnx_clk_gen/inst/clk_out1_xlnx_clk_gen
    BUFGCTRL_X0Y16       BUFG (Prop_bufg_I_O)         0.029    -1.715 r  i_xlnx_clk_gen/inst/clkout1_buf/O
                         net (fo=20038, routed)       0.815    -0.900    i_ariane/i_cva6/ex_stage_i/lsu_i/i_pipe_reg_load/clk_out1
    SLICE_X39Y68         FDCE                                         r  i_ariane/i_cva6/ex_stage_i/lsu_i/i_pipe_reg_load/gen_register.d_o_reg[92]/C

Slack:                    inf
  Source:                 i_ariane/i_cva6/ex_stage_i/lsu_i/i_load_unit/result_o_reg[11]/G
                            (positive level-sensitive latch)
  Destination:            i_ariane/i_cva6/ex_stage_i/lsu_i/i_pipe_reg_load/gen_register.d_o_reg[76]/D
                            (rising edge-triggered cell FDCE clocked by clk_out1_xlnx_clk_gen  {rise@0.000ns fall@10.000ns period=20.000ns})
  Path Group:             (none)
  Path Type:              Hold (Min at Fast Process Corner)
  Data Path Delay:        0.294ns  (logic 0.178ns (60.510%)  route 0.116ns (39.490%))
  Logic Levels:           1  (LDCE=1)
  Clock Uncertainty:      0.172ns  ((TSJ^2 + DJ^2)^1/2) / 2 + PE
    Total System Jitter     (TSJ):    0.050ns
    Discrete Jitter          (DJ):    0.142ns
    Phase Error              (PE):    0.097ns

    Location             Delay type                Incr(ns)  Path(ns)    Netlist Resource(s)
  -------------------------------------------------------------------    -------------------
    SLICE_X34Y66         LDCE                         0.000     0.000 r  i_ariane/i_cva6/ex_stage_i/lsu_i/i_load_unit/result_o_reg[11]/G
    SLICE_X34Y66         LDCE (EnToQ_ldce_G_Q)        0.178     0.178 r  i_ariane/i_cva6/ex_stage_i/lsu_i/i_load_unit/result_o_reg[11]/Q
                         net (fo=1, routed)           0.116     0.294    i_ariane/i_cva6/ex_stage_i/lsu_i/i_pipe_reg_load/D[48]
    SLICE_X35Y66         FDCE                                         r  i_ariane/i_cva6/ex_stage_i/lsu_i/i_pipe_reg_load/gen_register.d_o_reg[76]/D
  -------------------------------------------------------------------    -------------------

                         (clock clk_out1_xlnx_clk_gen rise edge)
                                                      0.000     0.000 r  
    K17                                               0.000     0.000 r  clk_sys (IN)
                         net (fo=0)                   0.000     0.000    i_xlnx_clk_gen/inst/clk_in1
    K17                  IBUF (Prop_ibuf_I_O)         0.431     0.431 r  i_xlnx_clk_gen/inst/clkin1_ibufg/O
                         net (fo=1, routed)           0.480     0.911    i_xlnx_clk_gen/inst/clk_in1_xlnx_clk_gen
    MMCME2_ADV_X1Y2      MMCME2_ADV (Prop_mmcme2_adv_CLKIN1_CLKOUT0)
                                                     -3.407    -2.496 r  i_xlnx_clk_gen/inst/mmcm_adv_inst/CLKOUT0
                         net (fo=1, routed)           0.752    -1.744    i_xlnx_clk_gen/inst/clk_out1_xlnx_clk_gen
    BUFGCTRL_X0Y16       BUFG (Prop_bufg_I_O)         0.029    -1.715 r  i_xlnx_clk_gen/inst/clkout1_buf/O
                         net (fo=20038, routed)       0.818    -0.897    i_ariane/i_cva6/ex_stage_i/lsu_i/i_pipe_reg_load/clk_out1
    SLICE_X35Y66         FDCE                                         r  i_ariane/i_cva6/ex_stage_i/lsu_i/i_pipe_reg_load/gen_register.d_o_reg[76]/C

Slack:                    inf
  Source:                 i_ariane/i_cva6/ex_stage_i/lsu_i/i_load_unit/result_o_reg[16]/G
                            (positive level-sensitive latch)
  Destination:            i_ariane/i_cva6/ex_stage_i/lsu_i/i_pipe_reg_load/gen_register.d_o_reg[81]/D
                            (rising edge-triggered cell FDCE clocked by clk_out1_xlnx_clk_gen  {rise@0.000ns fall@10.000ns period=20.000ns})
  Path Group:             (none)
  Path Type:              Hold (Min at Fast Process Corner)
  Data Path Delay:        0.311ns  (logic 0.158ns (50.781%)  route 0.153ns (49.219%))
  Logic Levels:           1  (LDCE=1)
  Clock Uncertainty:      0.172ns  ((TSJ^2 + DJ^2)^1/2) / 2 + PE
    Total System Jitter     (TSJ):    0.050ns
    Discrete Jitter          (DJ):    0.142ns
    Phase Error              (PE):    0.097ns

    Location             Delay type                Incr(ns)  Path(ns)    Netlist Resource(s)
  -------------------------------------------------------------------    -------------------
    SLICE_X37Y64         LDCE                         0.000     0.000 r  i_ariane/i_cva6/ex_stage_i/lsu_i/i_load_unit/result_o_reg[16]/G
    SLICE_X37Y64         LDCE (EnToQ_ldce_G_Q)        0.158     0.158 r  i_ariane/i_cva6/ex_stage_i/lsu_i/i_load_unit/result_o_reg[16]/Q
                         net (fo=1, routed)           0.153     0.311    i_ariane/i_cva6/ex_stage_i/lsu_i/i_pipe_reg_load/D[53]
    SLICE_X39Y66         FDCE                                         r  i_ariane/i_cva6/ex_stage_i/lsu_i/i_pipe_reg_load/gen_register.d_o_reg[81]/D
  -------------------------------------------------------------------    -------------------

                         (clock clk_out1_xlnx_clk_gen rise edge)
                                                      0.000     0.000 r  
    K17                                               0.000     0.000 r  clk_sys (IN)
                         net (fo=0)                   0.000     0.000    i_xlnx_clk_gen/inst/clk_in1
    K17                  IBUF (Prop_ibuf_I_O)         0.431     0.431 r  i_xlnx_clk_gen/inst/clkin1_ibufg/O
                         net (fo=1, routed)           0.480     0.911    i_xlnx_clk_gen/inst/clk_in1_xlnx_clk_gen
    MMCME2_ADV_X1Y2      MMCME2_ADV (Prop_mmcme2_adv_CLKIN1_CLKOUT0)
                                                     -3.407    -2.496 r  i_xlnx_clk_gen/inst/mmcm_adv_inst/CLKOUT0
                         net (fo=1, routed)           0.752    -1.744    i_xlnx_clk_gen/inst/clk_out1_xlnx_clk_gen
    BUFGCTRL_X0Y16       BUFG (Prop_bufg_I_O)         0.029    -1.715 r  i_xlnx_clk_gen/inst/clkout1_buf/O
                         net (fo=20038, routed)       0.817    -0.898    i_ariane/i_cva6/ex_stage_i/lsu_i/i_pipe_reg_load/clk_out1
    SLICE_X39Y66         FDCE                                         r  i_ariane/i_cva6/ex_stage_i/lsu_i/i_pipe_reg_load/gen_register.d_o_reg[81]/C

Slack:                    inf
  Source:                 i_ariane/i_cva6/ex_stage_i/lsu_i/i_load_unit/result_o_reg[8]/G
                            (positive level-sensitive latch)
  Destination:            i_ariane/i_cva6/ex_stage_i/lsu_i/i_pipe_reg_load/gen_register.d_o_reg[73]/D
                            (rising edge-triggered cell FDCE clocked by clk_out1_xlnx_clk_gen  {rise@0.000ns fall@10.000ns period=20.000ns})
  Path Group:             (none)
  Path Type:              Hold (Min at Fast Process Corner)
  Data Path Delay:        0.326ns  (logic 0.158ns (48.423%)  route 0.168ns (51.577%))
  Logic Levels:           1  (LDCE=1)
  Clock Uncertainty:      0.172ns  ((TSJ^2 + DJ^2)^1/2) / 2 + PE
    Total System Jitter     (TSJ):    0.050ns
    Discrete Jitter          (DJ):    0.142ns
    Phase Error              (PE):    0.097ns

    Location             Delay type                Incr(ns)  Path(ns)    Netlist Resource(s)
  -------------------------------------------------------------------    -------------------
    SLICE_X33Y65         LDCE                         0.000     0.000 r  i_ariane/i_cva6/ex_stage_i/lsu_i/i_load_unit/result_o_reg[8]/G
    SLICE_X33Y65         LDCE (EnToQ_ldce_G_Q)        0.158     0.158 r  i_ariane/i_cva6/ex_stage_i/lsu_i/i_load_unit/result_o_reg[8]/Q
                         net (fo=1, routed)           0.168     0.326    i_ariane/i_cva6/ex_stage_i/lsu_i/i_pipe_reg_load/D[45]
    SLICE_X35Y65         FDCE                                         r  i_ariane/i_cva6/ex_stage_i/lsu_i/i_pipe_reg_load/gen_register.d_o_reg[73]/D
  -------------------------------------------------------------------    -------------------

                         (clock clk_out1_xlnx_clk_gen rise edge)
                                                      0.000     0.000 r  
    K17                                               0.000     0.000 r  clk_sys (IN)
                         net (fo=0)                   0.000     0.000    i_xlnx_clk_gen/inst/clk_in1
    K17                  IBUF (Prop_ibuf_I_O)         0.431     0.431 r  i_xlnx_clk_gen/inst/clkin1_ibufg/O
                         net (fo=1, routed)           0.480     0.911    i_xlnx_clk_gen/inst/clk_in1_xlnx_clk_gen
    MMCME2_ADV_X1Y2      MMCME2_ADV (Prop_mmcme2_adv_CLKIN1_CLKOUT0)
                                                     -3.407    -2.496 r  i_xlnx_clk_gen/inst/mmcm_adv_inst/CLKOUT0
                         net (fo=1, routed)           0.752    -1.744    i_xlnx_clk_gen/inst/clk_out1_xlnx_clk_gen
    BUFGCTRL_X0Y16       BUFG (Prop_bufg_I_O)         0.029    -1.715 r  i_xlnx_clk_gen/inst/clkout1_buf/O
                         net (fo=20038, routed)       0.819    -0.896    i_ariane/i_cva6/ex_stage_i/lsu_i/i_pipe_reg_load/clk_out1
    SLICE_X35Y65         FDCE                                         r  i_ariane/i_cva6/ex_stage_i/lsu_i/i_pipe_reg_load/gen_register.d_o_reg[73]/C

Slack:                    inf
  Source:                 i_ariane/i_cva6/ex_stage_i/lsu_i/i_load_unit/result_o_reg[26]/G
                            (positive level-sensitive latch)
  Destination:            i_ariane/i_cva6/ex_stage_i/lsu_i/i_pipe_reg_load/gen_register.d_o_reg[91]/D
                            (rising edge-triggered cell FDCE clocked by clk_out1_xlnx_clk_gen  {rise@0.000ns fall@10.000ns period=20.000ns})
  Path Group:             (none)
  Path Type:              Hold (Min at Fast Process Corner)
  Data Path Delay:        0.333ns  (logic 0.158ns (47.512%)  route 0.175ns (52.488%))
  Logic Levels:           1  (LDCE=1)
  Clock Uncertainty:      0.172ns  ((TSJ^2 + DJ^2)^1/2) / 2 + PE
    Total System Jitter     (TSJ):    0.050ns
    Discrete Jitter          (DJ):    0.142ns
    Phase Error              (PE):    0.097ns

    Location             Delay type                Incr(ns)  Path(ns)    Netlist Resource(s)
  -------------------------------------------------------------------    -------------------
    SLICE_X39Y67         LDCE                         0.000     0.000 r  i_ariane/i_cva6/ex_stage_i/lsu_i/i_load_unit/result_o_reg[26]/G
    SLICE_X39Y67         LDCE (EnToQ_ldce_G_Q)        0.158     0.158 r  i_ariane/i_cva6/ex_stage_i/lsu_i/i_load_unit/result_o_reg[26]/Q
                         net (fo=1, routed)           0.175     0.333    i_ariane/i_cva6/ex_stage_i/lsu_i/i_pipe_reg_load/D[63]
    SLICE_X38Y68         FDCE                                         r  i_ariane/i_cva6/ex_stage_i/lsu_i/i_pipe_reg_load/gen_register.d_o_reg[91]/D
  -------------------------------------------------------------------    -------------------

                         (clock clk_out1_xlnx_clk_gen rise edge)
                                                      0.000     0.000 r  
    K17                                               0.000     0.000 r  clk_sys (IN)
                         net (fo=0)                   0.000     0.000    i_xlnx_clk_gen/inst/clk_in1
    K17                  IBUF (Prop_ibuf_I_O)         0.431     0.431 r  i_xlnx_clk_gen/inst/clkin1_ibufg/O
                         net (fo=1, routed)           0.480     0.911    i_xlnx_clk_gen/inst/clk_in1_xlnx_clk_gen
    MMCME2_ADV_X1Y2      MMCME2_ADV (Prop_mmcme2_adv_CLKIN1_CLKOUT0)
                                                     -3.407    -2.496 r  i_xlnx_clk_gen/inst/mmcm_adv_inst/CLKOUT0
                         net (fo=1, routed)           0.752    -1.744    i_xlnx_clk_gen/inst/clk_out1_xlnx_clk_gen
    BUFGCTRL_X0Y16       BUFG (Prop_bufg_I_O)         0.029    -1.715 r  i_xlnx_clk_gen/inst/clkout1_buf/O
                         net (fo=20038, routed)       0.815    -0.900    i_ariane/i_cva6/ex_stage_i/lsu_i/i_pipe_reg_load/clk_out1
    SLICE_X38Y68         FDCE                                         r  i_ariane/i_cva6/ex_stage_i/lsu_i/i_pipe_reg_load/gen_register.d_o_reg[91]/C

Slack:                    inf
  Source:                 i_ariane/i_cva6/ex_stage_i/lsu_i/i_load_unit/result_o_reg[10]/G
                            (positive level-sensitive latch)
  Destination:            i_ariane/i_cva6/ex_stage_i/lsu_i/i_pipe_reg_load/gen_register.d_o_reg[75]/D
                            (rising edge-triggered cell FDCE clocked by clk_out1_xlnx_clk_gen  {rise@0.000ns fall@10.000ns period=20.000ns})
  Path Group:             (none)
  Path Type:              Hold (Min at Fast Process Corner)
  Data Path Delay:        0.346ns  (logic 0.178ns (51.372%)  route 0.168ns (48.628%))
  Logic Levels:           1  (LDCE=1)
  Clock Uncertainty:      0.172ns  ((TSJ^2 + DJ^2)^1/2) / 2 + PE
    Total System Jitter     (TSJ):    0.050ns
    Discrete Jitter          (DJ):    0.142ns
    Phase Error              (PE):    0.097ns

    Location             Delay type                Incr(ns)  Path(ns)    Netlist Resource(s)
  -------------------------------------------------------------------    -------------------
    SLICE_X34Y66         LDCE                         0.000     0.000 r  i_ariane/i_cva6/ex_stage_i/lsu_i/i_load_unit/result_o_reg[10]/G
    SLICE_X34Y66         LDCE (EnToQ_ldce_G_Q)        0.178     0.178 r  i_ariane/i_cva6/ex_stage_i/lsu_i/i_load_unit/result_o_reg[10]/Q
                         net (fo=1, routed)           0.168     0.346    i_ariane/i_cva6/ex_stage_i/lsu_i/i_pipe_reg_load/D[47]
    SLICE_X36Y67         FDCE                                         r  i_ariane/i_cva6/ex_stage_i/lsu_i/i_pipe_reg_load/gen_register.d_o_reg[75]/D
  -------------------------------------------------------------------    -------------------

                         (clock clk_out1_xlnx_clk_gen rise edge)
                                                      0.000     0.000 r  
    K17                                               0.000     0.000 r  clk_sys (IN)
                         net (fo=0)                   0.000     0.000    i_xlnx_clk_gen/inst/clk_in1
    K17                  IBUF (Prop_ibuf_I_O)         0.431     0.431 r  i_xlnx_clk_gen/inst/clkin1_ibufg/O
                         net (fo=1, routed)           0.480     0.911    i_xlnx_clk_gen/inst/clk_in1_xlnx_clk_gen
    MMCME2_ADV_X1Y2      MMCME2_ADV (Prop_mmcme2_adv_CLKIN1_CLKOUT0)
                                                     -3.407    -2.496 r  i_xlnx_clk_gen/inst/mmcm_adv_inst/CLKOUT0
                         net (fo=1, routed)           0.752    -1.744    i_xlnx_clk_gen/inst/clk_out1_xlnx_clk_gen
    BUFGCTRL_X0Y16       BUFG (Prop_bufg_I_O)         0.029    -1.715 r  i_xlnx_clk_gen/inst/clkout1_buf/O
                         net (fo=20038, routed)       0.816    -0.899    i_ariane/i_cva6/ex_stage_i/lsu_i/i_pipe_reg_load/clk_out1
    SLICE_X36Y67         FDCE                                         r  i_ariane/i_cva6/ex_stage_i/lsu_i/i_pipe_reg_load/gen_register.d_o_reg[75]/C

Slack:                    inf
  Source:                 i_ariane/i_cva6/ex_stage_i/lsu_i/i_load_unit/result_o_reg[9]/G
                            (positive level-sensitive latch)
  Destination:            i_ariane/i_cva6/ex_stage_i/lsu_i/i_pipe_reg_load/gen_register.d_o_reg[74]/D
                            (rising edge-triggered cell FDCE clocked by clk_out1_xlnx_clk_gen  {rise@0.000ns fall@10.000ns period=20.000ns})
  Path Group:             (none)
  Path Type:              Hold (Min at Fast Process Corner)
  Data Path Delay:        0.348ns  (logic 0.178ns (51.220%)  route 0.170ns (48.780%))
  Logic Levels:           1  (LDCE=1)
  Clock Uncertainty:      0.172ns  ((TSJ^2 + DJ^2)^1/2) / 2 + PE
    Total System Jitter     (TSJ):    0.050ns
    Discrete Jitter          (DJ):    0.142ns
    Phase Error              (PE):    0.097ns

    Location             Delay type                Incr(ns)  Path(ns)    Netlist Resource(s)
  -------------------------------------------------------------------    -------------------
    SLICE_X34Y67         LDCE                         0.000     0.000 r  i_ariane/i_cva6/ex_stage_i/lsu_i/i_load_unit/result_o_reg[9]/G
    SLICE_X34Y67         LDCE (EnToQ_ldce_G_Q)        0.178     0.178 r  i_ariane/i_cva6/ex_stage_i/lsu_i/i_load_unit/result_o_reg[9]/Q
                         net (fo=1, routed)           0.170     0.348    i_ariane/i_cva6/ex_stage_i/lsu_i/i_pipe_reg_load/D[46]
    SLICE_X36Y67         FDCE                                         r  i_ariane/i_cva6/ex_stage_i/lsu_i/i_pipe_reg_load/gen_register.d_o_reg[74]/D
  -------------------------------------------------------------------    -------------------

                         (clock clk_out1_xlnx_clk_gen rise edge)
                                                      0.000     0.000 r  
    K17                                               0.000     0.000 r  clk_sys (IN)
                         net (fo=0)                   0.000     0.000    i_xlnx_clk_gen/inst/clk_in1
    K17                  IBUF (Prop_ibuf_I_O)         0.431     0.431 r  i_xlnx_clk_gen/inst/clkin1_ibufg/O
                         net (fo=1, routed)           0.480     0.911    i_xlnx_clk_gen/inst/clk_in1_xlnx_clk_gen
    MMCME2_ADV_X1Y2      MMCME2_ADV (Prop_mmcme2_adv_CLKIN1_CLKOUT0)
                                                     -3.407    -2.496 r  i_xlnx_clk_gen/inst/mmcm_adv_inst/CLKOUT0
                         net (fo=1, routed)           0.752    -1.744    i_xlnx_clk_gen/inst/clk_out1_xlnx_clk_gen
    BUFGCTRL_X0Y16       BUFG (Prop_bufg_I_O)         0.029    -1.715 r  i_xlnx_clk_gen/inst/clkout1_buf/O
                         net (fo=20038, routed)       0.816    -0.899    i_ariane/i_cva6/ex_stage_i/lsu_i/i_pipe_reg_load/clk_out1
    SLICE_X36Y67         FDCE                                         r  i_ariane/i_cva6/ex_stage_i/lsu_i/i_pipe_reg_load/gen_register.d_o_reg[74]/C

Slack:                    inf
  Source:                 i_ariane/i_cva6/ex_stage_i/lsu_i/i_load_unit/result_o_reg[4]/G
                            (positive level-sensitive latch)
  Destination:            i_ariane/i_cva6/ex_stage_i/lsu_i/i_pipe_reg_load/gen_register.d_o_reg[69]/D
                            (rising edge-triggered cell FDCE clocked by clk_out1_xlnx_clk_gen  {rise@0.000ns fall@10.000ns period=20.000ns})
  Path Group:             (none)
  Path Type:              Hold (Min at Fast Process Corner)
  Data Path Delay:        0.353ns  (logic 0.178ns (50.416%)  route 0.175ns (49.584%))
  Logic Levels:           1  (LDCE=1)
  Clock Uncertainty:      0.172ns  ((TSJ^2 + DJ^2)^1/2) / 2 + PE
    Total System Jitter     (TSJ):    0.050ns
    Discrete Jitter          (DJ):    0.142ns
    Phase Error              (PE):    0.097ns

    Location             Delay type                Incr(ns)  Path(ns)    Netlist Resource(s)
  -------------------------------------------------------------------    -------------------
    SLICE_X34Y61         LDCE                         0.000     0.000 r  i_ariane/i_cva6/ex_stage_i/lsu_i/i_load_unit/result_o_reg[4]/G
    SLICE_X34Y61         LDCE (EnToQ_ldce_G_Q)        0.178     0.178 r  i_ariane/i_cva6/ex_stage_i/lsu_i/i_load_unit/result_o_reg[4]/Q
                         net (fo=1, routed)           0.175     0.353    i_ariane/i_cva6/ex_stage_i/lsu_i/i_pipe_reg_load/D[41]
    SLICE_X38Y62         FDCE                                         r  i_ariane/i_cva6/ex_stage_i/lsu_i/i_pipe_reg_load/gen_register.d_o_reg[69]/D
  -------------------------------------------------------------------    -------------------

                         (clock clk_out1_xlnx_clk_gen rise edge)
                                                      0.000     0.000 r  
    K17                                               0.000     0.000 r  clk_sys (IN)
                         net (fo=0)                   0.000     0.000    i_xlnx_clk_gen/inst/clk_in1
    K17                  IBUF (Prop_ibuf_I_O)         0.431     0.431 r  i_xlnx_clk_gen/inst/clkin1_ibufg/O
                         net (fo=1, routed)           0.480     0.911    i_xlnx_clk_gen/inst/clk_in1_xlnx_clk_gen
    MMCME2_ADV_X1Y2      MMCME2_ADV (Prop_mmcme2_adv_CLKIN1_CLKOUT0)
                                                     -3.407    -2.496 r  i_xlnx_clk_gen/inst/mmcm_adv_inst/CLKOUT0
                         net (fo=1, routed)           0.752    -1.744    i_xlnx_clk_gen/inst/clk_out1_xlnx_clk_gen
    BUFGCTRL_X0Y16       BUFG (Prop_bufg_I_O)         0.029    -1.715 r  i_xlnx_clk_gen/inst/clkout1_buf/O
                         net (fo=20038, routed)       0.820    -0.895    i_ariane/i_cva6/ex_stage_i/lsu_i/i_pipe_reg_load/clk_out1
    SLICE_X38Y62         FDCE                                         r  i_ariane/i_cva6/ex_stage_i/lsu_i/i_pipe_reg_load/gen_register.d_o_reg[69]/C

Slack:                    inf
  Source:                 i_ariane/i_cva6/ex_stage_i/lsu_i/i_load_unit/result_o_reg[6]/G
                            (positive level-sensitive latch)
  Destination:            i_ariane/i_cva6/ex_stage_i/lsu_i/i_pipe_reg_load/gen_register.d_o_reg[71]/D
                            (rising edge-triggered cell FDCE clocked by clk_out1_xlnx_clk_gen  {rise@0.000ns fall@10.000ns period=20.000ns})
  Path Group:             (none)
  Path Type:              Hold (Min at Fast Process Corner)
  Data Path Delay:        0.372ns  (logic 0.158ns (42.445%)  route 0.214ns (57.555%))
  Logic Levels:           1  (LDCE=1)
  Clock Uncertainty:      0.172ns  ((TSJ^2 + DJ^2)^1/2) / 2 + PE
    Total System Jitter     (TSJ):    0.050ns
    Discrete Jitter          (DJ):    0.142ns
    Phase Error              (PE):    0.097ns

    Location             Delay type                Incr(ns)  Path(ns)    Netlist Resource(s)
  -------------------------------------------------------------------    -------------------
    SLICE_X37Y60         LDCE                         0.000     0.000 r  i_ariane/i_cva6/ex_stage_i/lsu_i/i_load_unit/result_o_reg[6]/G
    SLICE_X37Y60         LDCE (EnToQ_ldce_G_Q)        0.158     0.158 r  i_ariane/i_cva6/ex_stage_i/lsu_i/i_load_unit/result_o_reg[6]/Q
                         net (fo=1, routed)           0.214     0.372    i_ariane/i_cva6/ex_stage_i/lsu_i/i_pipe_reg_load/D[43]
    SLICE_X38Y64         FDCE                                         r  i_ariane/i_cva6/ex_stage_i/lsu_i/i_pipe_reg_load/gen_register.d_o_reg[71]/D
  -------------------------------------------------------------------    -------------------

                         (clock clk_out1_xlnx_clk_gen rise edge)
                                                      0.000     0.000 r  
    K17                                               0.000     0.000 r  clk_sys (IN)
                         net (fo=0)                   0.000     0.000    i_xlnx_clk_gen/inst/clk_in1
    K17                  IBUF (Prop_ibuf_I_O)         0.431     0.431 r  i_xlnx_clk_gen/inst/clkin1_ibufg/O
                         net (fo=1, routed)           0.480     0.911    i_xlnx_clk_gen/inst/clk_in1_xlnx_clk_gen
    MMCME2_ADV_X1Y2      MMCME2_ADV (Prop_mmcme2_adv_CLKIN1_CLKOUT0)
                                                     -3.407    -2.496 r  i_xlnx_clk_gen/inst/mmcm_adv_inst/CLKOUT0
                         net (fo=1, routed)           0.752    -1.744    i_xlnx_clk_gen/inst/clk_out1_xlnx_clk_gen
    BUFGCTRL_X0Y16       BUFG (Prop_bufg_I_O)         0.029    -1.715 r  i_xlnx_clk_gen/inst/clkout1_buf/O
                         net (fo=20038, routed)       0.819    -0.896    i_ariane/i_cva6/ex_stage_i/lsu_i/i_pipe_reg_load/clk_out1
    SLICE_X38Y64         FDCE                                         r  i_ariane/i_cva6/ex_stage_i/lsu_i/i_pipe_reg_load/gen_register.d_o_reg[71]/C

Slack:                    inf
  Source:                 i_ariane/i_cva6/ex_stage_i/lsu_i/i_load_unit/result_o_reg[28]/G
                            (positive level-sensitive latch)
  Destination:            i_ariane/i_cva6/ex_stage_i/lsu_i/i_pipe_reg_load/gen_register.d_o_reg[93]/D
                            (rising edge-triggered cell FDCE clocked by clk_out1_xlnx_clk_gen  {rise@0.000ns fall@10.000ns period=20.000ns})
  Path Group:             (none)
  Path Type:              Hold (Min at Fast Process Corner)
  Data Path Delay:        0.372ns  (logic 0.158ns (42.445%)  route 0.214ns (57.555%))
  Logic Levels:           1  (LDCE=1)
  Clock Uncertainty:      0.172ns  ((TSJ^2 + DJ^2)^1/2) / 2 + PE
    Total System Jitter     (TSJ):    0.050ns
    Discrete Jitter          (DJ):    0.142ns
    Phase Error              (PE):    0.097ns

    Location             Delay type                Incr(ns)  Path(ns)    Netlist Resource(s)
  -------------------------------------------------------------------    -------------------
    SLICE_X37Y64         LDCE                         0.000     0.000 r  i_ariane/i_cva6/ex_stage_i/lsu_i/i_load_unit/result_o_reg[28]/G
    SLICE_X37Y64         LDCE (EnToQ_ldce_G_Q)        0.158     0.158 r  i_ariane/i_cva6/ex_stage_i/lsu_i/i_load_unit/result_o_reg[28]/Q
                         net (fo=1, routed)           0.214     0.372    i_ariane/i_cva6/ex_stage_i/lsu_i/i_pipe_reg_load/D[65]
    SLICE_X39Y68         FDCE                                         r  i_ariane/i_cva6/ex_stage_i/lsu_i/i_pipe_reg_load/gen_register.d_o_reg[93]/D
  -------------------------------------------------------------------    -------------------

                         (clock clk_out1_xlnx_clk_gen rise edge)
                                                      0.000     0.000 r  
    K17                                               0.000     0.000 r  clk_sys (IN)
                         net (fo=0)                   0.000     0.000    i_xlnx_clk_gen/inst/clk_in1
    K17                  IBUF (Prop_ibuf_I_O)         0.431     0.431 r  i_xlnx_clk_gen/inst/clkin1_ibufg/O
                         net (fo=1, routed)           0.480     0.911    i_xlnx_clk_gen/inst/clk_in1_xlnx_clk_gen
    MMCME2_ADV_X1Y2      MMCME2_ADV (Prop_mmcme2_adv_CLKIN1_CLKOUT0)
                                                     -3.407    -2.496 r  i_xlnx_clk_gen/inst/mmcm_adv_inst/CLKOUT0
                         net (fo=1, routed)           0.752    -1.744    i_xlnx_clk_gen/inst/clk_out1_xlnx_clk_gen
    BUFGCTRL_X0Y16       BUFG (Prop_bufg_I_O)         0.029    -1.715 r  i_xlnx_clk_gen/inst/clkout1_buf/O
                         net (fo=20038, routed)       0.815    -0.900    i_ariane/i_cva6/ex_stage_i/lsu_i/i_pipe_reg_load/clk_out1
    SLICE_X39Y68         FDCE                                         r  i_ariane/i_cva6/ex_stage_i/lsu_i/i_pipe_reg_load/gen_register.d_o_reg[93]/C





